seed,pos,mfe,recall,correct,domin,PC1,PC2,PC3,PC4,PC5,PC6,dist_to_construct
771,0,-762.7999877929688,,False,False,0.33465419948576497,1.2065666193405993,-0.8460207378417595,0.23742170631028542,1.3074177230279194,0.9128219149747826,13.913314712681935
771,1,-763.5999755859375,,False,False,3.1740229099491044,-2.161788968074735,3.1450655840841417,-1.302932887210289,-5.090227311074495,-0.38185170662905865,18.971398704682333
771,2,-769.7000122070312,,False,False,-2.9230925568941104,4.187769414955832,-0.8012541863623396,1.4082561117679324,-1.244456663793953,-1.1207605980720339,17.36899632001469
771,3,-754.7000122070312,,True,False,0.18226835408622744,2.221961239874472,0.4431383209777263,1.8757933958966313,-0.8876082901721234,0.6860717958665176,13.701318473878283
771,4,-749.2000122070312,,True,False,1.9915087601104007,-0.05214094874190804,-1.0517111814584807,-0.052621915253592944,-1.4572801006591232,1.7732952305362273,15.882343367488433
771,5,-759.7999877929688,,False,False,0.31068375186386543,2.038611469421688,-2.0272608375143992,1.6222699087070729,-2.205862929702961,0.2760286976208747,14.184870150954952
771,6,-766.7999877929688,,True,False,-0.8757261112061069,-2.332162028376316,0.0487444551602826,2.011294916195028,-2.022695200080354,2.710236914110836,16.910944215101498
771,7,-765.5,,True,False,-2.2325538187562954,-0.1074867527502694,-3.2921948867062456,0.9925729188109992,-1.9160458429168994,-1.3439671297574483,14.459268389128356
771,8,-776.2999877929688,,True,False,0.9244132909370791,3.590033226842218,0.28075393187774694,-1.4649045853444713,-1.1829674447164897,0.12670169605345707,14.203795623743453
771,9,-757.7999877929688,,False,False,-2.010861170127267,2.3768990892048705,0.459377975528707,0.1734873601261524,1.1155363573022592,1.3372394670160084,14.864473375956988
771,10,-769.5,,True,False,0.14143765647790668,-1.1331477264602847,0.9866412466269543,3.5267210673834306,0.7611360205043776,-1.6884639011078837,15.234894338796664
771,11,-767.7999877929688,,False,False,1.1890800618458448,-2.4207002380364533,-1.1616874604364125,-1.2098251101058006,0.5674566802312839,0.5532342242194019,14.234599626865064
771,12,-763.0999755859375,,False,False,-4.687312784681008,2.1472661070131687,-0.9502860901579113,-3.2601100933435307,-1.7918449260161071,0.5569339090957174,14.32903441220748
771,13,-757.9000244140625,,False,False,0.272043728676408,-1.598907680636309,3.325389535087839,1.238771740953575,2.4276084596961534,2.474195367712692,16.6370552555259
771,14,-752.5999755859375,,False,False,-1.3820499981024474,-0.15587831657158743,-1.8416727845700003,-0.41779332829909754,-3.2401613421905933,-2.502131189165118,15.994863501754066
771,15,-789.7000122070312,0.7365591397849462,False,False,-1.302448011194524,2.983819944445063,0.23144909478757197,4.04712355377531,-0.4062986629195326,-0.624876794601385,14.09757616497583
771,16,-766.2999877929688,,True,False,2.357654370721072,-1.8865434170759876,-2.4881186013924217,0.9428144958525054,0.7349411650189012,1.6684646649014305,12.774240363520136
771,17,-761.7999877929688,,False,False,4.081329408686831,-2.452189101291397,0.5934098095177237,-0.21800592936593804,-3.0598899564538002,1.4300567377478788,15.777707369906148
771,18,-775.4000244140625,,False,False,1.2753577379783936,0.5491372475331822,0.025828413453093668,1.0255948964986168,1.3415388056640996,3.2600608402056577,15.562838840087444
771,19,-759.2999877929688,,False,False,0.31669518490630383,1.268258758934874,1.516827755438672,0.24560910417225276,0.5952603207482947,-2.548953482250425,14.562798042099448
771,20,-764.0999755859375,,True,False,-1.2196897716154347,-0.08331526456577795,1.700034842433426,-0.1468928141427102,1.4462612668565515,-1.859098135016676,18.199465310819733
771,21,-762.5999755859375,,False,False,-1.1189116324275048,-1.0303209625588876,0.9638899863459148,-0.9199713654894708,0.2273521369188754,-0.1164846873545348,14.563646597509585
771,22,-774.0,,True,False,-3.3132848478039896,4.097010756443086,-1.5641519884329067,0.8345669940820697,-1.052441639727364,-1.771059710028892,14.4851451255398
771,23,-772.7999877929688,,False,False,-4.603619561183414,0.5737874225064238,-2.873883595212575,1.3502125696360017,-0.742914708295733,-1.53883071036101,15.52456993906088
771,24,-764.2000122070312,,False,False,1.3361278419248186,2.0532135480120544,-0.9436837046730823,-0.018600501908256708,-2.681144032084978,-1.5534075641685465,14.23951962981529
771,25,-766.2999877929688,,False,False,0.12239877880240602,3.117339986594675,-1.2420954108859277,-0.8670946436368739,0.018658416966184938,1.3400339778103876,13.858776808874618
771,26,-759.5,,False,False,0.2675359841673664,-3.2369860693094403,1.7045217021577828,-1.0283995458652946,-0.11892828382072247,-0.436705756540529,16.252964098406533
771,27,-768.4000244140625,,True,False,1.0783165552184222,0.704779080531252,-0.3880948200883683,0.1828353444407274,2.0163319382408074,1.8385697362976339,13.660359133118941
771,28,-763.2000122070312,,False,False,1.5387380061955849,1.2751274975334554,1.937495563180587,-0.3852395267860125,0.6269279526881236,-0.8060183634191529,15.526339980361984
771,29,-775.2999877929688,,True,False,-2.542664055129791,-3.250488525758775,0.13536345828512153,-1.5399232056786607,-0.03187718339120358,0.9153270053836026,16.669040747720107
771,30,-761.2000122070312,,True,False,0.10039684092066559,-1.7882445717566153,-0.08291974076951837,-0.6844119574183036,-0.8536939506986723,-0.8210628979904812,16.8967578300398
771,31,-757.5999755859375,,True,False,0.5018295092482905,0.7992041172434524,3.302395410076703,2.4886878573640656,0.6391458966856309,2.0529979878339124,17.029041663873123
771,32,-785.0,0.7526881720430108,False,False,-1.2922411503030538,2.644599403023821,-1.734257940511864,-2.3634276057895156,5.09697317214035,-0.286701585837936,13.736716495624613
771,33,-757.7999877929688,,True,False,2.1071983163468304,-1.2977499329066555,-2.7674770075148576,1.2906651404105083,0.6489170389847145,4.402499976051318,15.181976639094417
771,34,-776.0999755859375,,True,False,-4.01911590643714,3.711010440970697,-0.708364840927075,1.0194374580557604,-0.14206477098232106,1.8685773295317714,16.66504620105734
771,35,-768.5,,True,False,-1.8206537312449287,0.4077275779545733,-1.226393650229736,-1.9158062748240539,3.1295054301571987,-0.5601062812328744,16.16857828217851
771,36,-772.0999755859375,,True,False,0.8387618680836301,1.5717387030019208,0.8640775849798366,-3.009708726149766,-2.0455017167244014,-1.7545860646011493,17.93744460368572
771,37,-754.5,,False,False,0.9961147639252984,-1.6526819401356652,1.4836499893568311,2.8297787253991906,1.065119722884779,-1.8621395334767208,15.876285002276829
771,38,-776.2000122070312,,True,False,-1.06742887120067,-1.9215440897016425,-1.0569743345857476,1.0003248575848322,-1.294403220896448,1.2723446506213927,16.315835075881807
771,39,-776.0,,False,False,1.1108384895415782,-1.1017829632767866,-1.2031515560678778,-2.484750526399052,-0.06848046786933729,0.8798270453510855,14.717911705845552
771,40,-758.4000244140625,,False,False,2.3828794829566387,-0.22333679093781753,-1.8799170969173815,-2.5271978408498095,-0.9572934199638069,-1.4022285158663206,13.528295909891856
771,41,-765.7000122070312,,False,False,0.5869064540677376,-2.4219260897646024,-0.4065930643753762,0.4621405681717414,0.8358402105864579,-1.2207562286860512,14.923211386298487
771,42,-763.0999755859375,,False,False,-0.07091799524982811,-3.089072334984046,-2.01656047510943,-0.1445493291594783,2.040412042229969,-0.9594157685517174,16.71372041274665
771,43,-782.2000122070312,0.7150537634408602,True,False,-0.9892296605825419,1.239032257356863,0.9597381655517558,-4.4753067523809635,0.21011663770850098,-1.5285109530244536,18.494318838437064
771,44,-764.5999755859375,,True,False,3.7535170113272236,2.269639013628588,-0.09211273094680408,2.4293973046734165,1.6349875248379426,0.8596107216433386,12.68032123867221
771,45,-765.0999755859375,,True,False,-0.04683712633576554,-1.0932295948055306,2.7968617262075957,3.9606177671700302,-0.7821953377020604,0.2736659532145684,17.61658949314941
771,46,-787.2999877929688,0.8387096774193549,False,True,-0.29506031396274196,2.1025113305637935,1.0318995849939365,0.7733842371721635,0.2300341647153297,-1.2391326791168724,17.000280492952204
771,47,-770.5999755859375,,False,False,-1.9947924221829643,0.8604942579011681,0.5081560833659805,-1.6186842803377217,2.05393290610936,0.185046047394552,15.772493713158276
771,48,-769.4000244140625,,False,False,0.3436204969614191,-1.1182401726108642,0.5307279895238327,1.1300179688225163,-1.0847830446292004,-1.0906913019485853,16.13949844922067
771,49,-751.7999877929688,,False,False,-1.3596551899240117,-0.5174054309724319,1.8624804968269897,-1.7706704671471423,1.5910824675076725,0.9829847311679478,17.394957287091408
771,50,-775.5999755859375,,True,False,3.983942545890129,1.122417823148586,-0.9198130619799048,-2.3630787693305795,0.2355178187520199,1.11393736016792,13.416163526079211
771,51,-759.2999877929688,,False,False,-2.127836517649791,0.5013410190201105,-1.1539669464342517,-2.0689436565432726,-3.079042422040503,-0.7482047521969925,16.16046428191378
771,52,-767.7000122070312,,True,False,-1.9589454478196537,0.7748521954404974,-0.7541492002682515,1.3182001421092717,1.5405144234816814,0.32435179898060473,15.87986379767887
771,53,-767.9000244140625,,False,False,0.19126502779023183,-0.5437434506580775,2.594694359892687,-0.31174909012657853,0.10050151510989702,1.4561794316312509,15.38459107628048
771,54,-773.5999755859375,,False,False,0.8677345253293529,-2.1802935290466072,-1.088653878995632,-0.7589740423768359,1.1882547480524972,-1.115119184542889,14.47399922448052
771,55,-773.2999877929688,,False,False,-0.7358861020889036,-0.7361558160071031,-4.320604896219713,-0.3941526608048591,-2.0807570065537457,0.41901711963434524,13.617348553137766
771,56,-760.0999755859375,,False,False,3.000647248365824,-2.3661569058703336,-0.11522258584328358,-1.1110306526381437,0.3100907391974182,1.4124392974104993,14.766145740454052
771,57,-752.2000122070312,,True,False,-1.8559550244221512,-1.2662774324502877,-1.2953966662084453,0.7663155804804692,-2.8648916355379894,-0.14807303528004925,17.214813232330446
771,58,-749.0,,False,False,-0.3386151927083166,0.02452758669499224,-0.9049535169247142,1.5072442504412018,-0.19098747038132444,-0.13257464459971086,14.8277167875458
771,59,-753.2000122070312,,True,False,1.7239506912919003,-3.0840676180678503,1.688572292277167,2.5531769770954256,1.0097385476886567,-0.06694563031059646,17.925303973610724
771,60,-750.7000122070312,,True,False,2.6739506255527754,-0.05861574420171303,-0.6962618001499087,-0.6993877172918218,0.10549196512724889,-1.3983829321849857,13.683744015789134
771,61,-756.5,,True,False,-1.8738675535224185,-1.7100196574510045,-0.4076725831130297,-0.8615885848230449,0.6377800480792967,-0.46305485224221815,18.32457100970724
771,62,-771.2999877929688,,False,False,-1.630044136712257,1.2787141144540146,-0.8194973084193865,-1.4662126679546827,0.2960826578677144,-2.330628316058072,16.19999216317332
771,63,-774.5,,True,False,0.6584765861431338,0.823986558090008,0.8035061449879906,-0.11922890936892529,-1.7256516505057617,-2.5264508443140596,16.40583863720786
771,64,-765.0,,False,False,0.8890562492665398,1.1386618616926016,-1.9963886721540018,4.1614197649379125,-0.7383442009010207,-1.2512309138123003,14.321116744237692
771,65,-756.4000244140625,,False,False,-0.6590883735524632,-0.7988977089474816,0.5796906939434143,-0.6513795212405579,-0.6720670655616899,-2.1924411727765114,16.949598040728095
771,66,-768.2999877929688,,True,False,3.8555170540025623,-0.2554704602954093,1.3848491948429216,-3.7919928031725814,-1.8049119263078275,-0.38396074906209365,15.756148951504095
771,67,-763.2999877929688,,True,False,-0.8228885584258465,1.5254931452448464,4.8225787830627995,0.5221649287827267,1.0618318738914483,3.5978561515959777,17.740486651288318
771,68,-773.7999877929688,,True,False,2.066457647225271,1.3392361297074349,0.2507700019301369,-2.5823280244042732,-0.44583255864628946,-0.8366166097928812,14.040107911096861
771,69,-783.4000244140625,0.8494623655913979,False,True,1.3164400266031493,-1.9513968291728028,0.16551365086143488,-1.6463824676434762,0.6126905825351535,0.7350089050420836,17.090010834277663
771,70,-760.2000122070312,,True,False,-1.4111767071684884,-1.3141563059462342,-0.10194444791381793,1.6854979058012416,-1.2463325028594534,-3.575366237283304,16.618897770762786
771,71,-756.5,,True,False,-1.3468610828298055,-0.3979971266482099,0.825487625786429,1.4258302137536905,0.6922477552403324,0.008057899481249034,14.844571307185237
771,72,-753.0,,True,False,4.212722588127757,-2.5231285638514254,0.8315871640272707,-0.6554175223096624,-1.4020730521684166,-1.6659021321366476,16.654697932193663
771,73,-767.2999877929688,,False,False,-1.1586627918669907,-1.1708821620109446,0.93909479443447,-2.4149140688948467,1.3741492587651687,0.3140586119701635,16.74342291460218
771,74,-770.7000122070312,,False,False,-1.178026434721855,1.6101691465413877,-2.343656163547253,-1.5796314539958207,-0.13529022275804484,1.4614282440366664,14.113742830226778
771,75,-748.2999877929688,,False,False,2.8264191567213763,-0.3382633201798016,0.11854419441622681,-1.0831442460587697,2.6740835565444914,1.0783242931020998,14.728466387853983
771,76,-762.4000244140625,,False,False,0.21882593959086447,-2.2047442935031705,-2.3790478548348393,0.7434985835225807,0.8241006489780558,-1.3106499451000373,14.773294638815962
771,77,-774.9000244140625,,False,False,0.7102492043352622,0.2306026959149304,-0.101948700900851,0.31971013877847565,2.479979082281304,-2.4980805497846763,13.617718191458339
771,78,-770.5,,True,False,-1.2374630598765037,3.3936382215143284,1.4964381533402717,2.1027924808126848,-1.4254882032613487,0.242584081627272,16.635135398992862
771,79,-763.0999755859375,,False,False,0.15733745503857255,-2.373471080786303,-0.976374483034104,-0.9731556213402522,2.5117684057889016,0.755695060622829,17.12274759511741
771,80,-767.7999877929688,,False,False,-1.997449155530502,-1.7829677103935735,-3.018701432307602,0.3721432288117144,-1.828583313244611,-2.059637052857783,15.509359207860445
771,81,-757.2999877929688,,True,False,-1.1910001324185993,-0.888689040797857,-3.277493796940321,-0.7098463261632425,0.8195146513873042,-1.6577549614018947,14.62308862976436
771,82,-779.4000244140625,0.6451612903225806,False,False,2.4764250198303275,3.339536464715058,-2.4706769666593744,-2.0314230032077814,0.22828207867701283,0.8772917497203536,13.718096539342316
771,83,-745.2000122070312,,False,False,-1.0727669110279814,3.065008029050883,0.8700755726359823,4.2121961910984,-0.7901847530390564,0.6618759036351649,13.83117017951979
771,84,-763.0999755859375,,False,False,0.3682750128011625,-0.9420803399322225,-0.2901879756538153,3.2069588868017207,-3.50245350748048,2.26512082338117,13.535887586291095
771,85,-786.7999877929688,0.8817204301075269,True,True,1.4786058626939766,2.2978988192932697,-0.11013840021896185,-1.6329645917103568,-2.5757629742512567,-1.4259900913784764,12.991427618460492
771,86,-769.9000244140625,,False,False,-1.8699585195341257,0.9520846151289795,2.088017249823205,0.6815302571735878,-3.1031424593385086,0.20659128733576454,17.754390651980742
771,87,-773.0,,False,False,0.8348081285805099,2.201287478522765,2.673610448518933,-0.393084406470017,0.169451585470013,1.8919179959512622,15.795667281429214
771,88,-777.4000244140625,,True,False,4.448467193295733,-2.3174167053028953,-1.3818394480661864,1.5535566220794554,-1.844279141399149,-0.40907887551283206,15.842293406410766
771,89,-755.5,,True,False,-1.3197390846995514,-0.6906131140460543,0.6833693032550792,0.5407190003089254,-4.365354991303253,-0.5693724917050356,16.12053959393274
771,90,-763.9000244140625,,False,False,0.7096906706540563,2.0907072241555515,-0.39913412927901265,1.4307623972201646,1.5902131071411003,1.1215203875511455,15.561372813829456
771,91,-754.7999877929688,,True,False,1.4866415101131891,2.6048627544056395,0.9690433359255586,-0.10996337326511904,0.8910615018179695,-1.5969209362409984,16.479039691529362
771,92,-753.5999755859375,,True,False,-0.23496163528713643,-1.1583839712670223,0.09377605735914776,-2.8924531190179446,-0.2868913680595812,-0.17004140770695209,15.46633527690209
771,93,-765.9000244140625,,True,False,-1.551489802846657,-1.647933891160069,-4.137832698256482,2.2779527893906644,-0.07209242424620187,1.8878752061476285,15.511512450890164
771,94,-783.0999755859375,0.7580645161290323,True,False,0.923313946116053,-2.184519477929917,-3.7704482659007104,-3.838884268511192,-2.476758560294506,1.8147116592026662,16.366857982904317
771,95,-768.9000244140625,,False,False,1.9342476197381009,-3.2729759284420803,0.573217956209312,0.16922713220226596,-0.6412033635045823,1.0711656008713268,17.806715758784254
771,96,-770.7000122070312,,False,False,-0.012280534766542285,1.0068028400938682,3.084958174241507,-2.6178842661196073,-0.09858987942028564,-0.9324036005182509,16.57447337744357
771,97,-763.0999755859375,,True,False,-0.5605639015858084,-1.0187364517160549,-0.5735095931726756,-2.021031277875519,1.254568626064014,-0.3117045277512616,16.24603808446311
771,98,-769.2999877929688,,False,False,0.7006165699352263,0.7532170135079017,-0.23894261331083708,-1.966319759914786,-0.3706011592772541,0.5368333269351243,15.45100611636289
771,99,-776.4000244140625,,False,False,-1.611772849794363,2.3947239949769563,1.4197673818806869,-2.7669384469464,0.041465637227304536,2.744670120013067,18.404481909155837
771,100,-760.9000244140625,,False,False,-0.6877823737561647,0.15007888201034567,-0.2583825615589547,-0.302780705237671,-1.0691152550116112,-0.6989310466524925,15.408282008912046
771,101,-774.2000122070312,,False,False,1.2626424850907028,-0.45792953193217345,-0.7010698306977236,2.2402595062890307,0.20066868834666454,-0.31566258757010085,15.062780786815766
771,102,-758.5999755859375,,False,False,4.059701562386461,-1.0135642329057806,0.3062364154487254,1.7693956861499027,-1.6183673547127644,1.769578385000139,14.265778140523247
771,103,-767.2000122070312,,True,False,1.1948473700550608,1.0687565696465422,1.372208996892501,-2.371718961025818,-3.022411844125695,0.6531832110881568,16.256731251133935
771,104,-765.0999755859375,,False,False,0.8938453856832836,3.160259949072865,1.2666610233369742,0.3565865465570478,2.054435776201679,-1.9793168190340136,14.976087095782649
771,105,-768.7000122070312,,True,False,0.781117197960317,2.577089512352316,-2.645119923277823,-0.518060776123711,0.6337960604374211,1.6631634286926538,12.225118018921155
771,106,-766.2999877929688,,False,False,-3.3773562170071814,-0.6640943997579345,2.582489148465375,-0.5745658674147,0.22067673629280063,1.823907919421192,17.637681693869457
771,107,-754.0,,True,False,1.723924247482252,-0.861711758071218,-3.8733270927154893,1.2717988675953094,1.3729346530240216,-0.7427812056682543,14.862400768010072
771,108,-777.7000122070312,,False,False,2.9378289296491804,1.2496382357512892,-3.04946324224676,-1.7928194009141212,-0.043286756009424714,-0.18512448822996128,13.536926664181793
771,109,-762.9000244140625,,False,False,2.2979040029276523,0.816943333202781,0.5081263881337873,0.8463948663830372,-0.9452077668353339,0.06081207021977629,17.104299359887957
771,110,-756.4000244140625,,False,False,-1.4098133717655303,0.16155827227942926,-0.5619869160899484,2.210050673463749,3.4388291254293337,0.10806593781409023,15.739899246635908
771,111,-752.4000244140625,,False,False,-0.17040649301148464,0.459636025699555,0.2856729212325293,0.4643351489279112,1.3109637247644677,-2.973200335886996,14.392673442673695
771,112,-757.9000244140625,,False,False,2.3950935843433796,1.0077516841947054,3.2241034027290416,0.23050795045465108,-1.172584663866963,-1.1044748992261009,15.693045789259902
771,113,-774.0999755859375,,True,False,-1.7935145534858212,1.6268736524199754,2.7943399150174284,-0.391734570675207,1.564061018647997,-4.6063349310207435,18.859047506613333
771,114,-761.5999755859375,,False,False,0.8956407492526173,-0.5773083802391735,0.005698998634203906,-2.8749894014804003,-2.103401092492378,-0.7263895219762105,16.85054117816537
771,115,-769.0,,False,False,-1.497210615204421,-1.9218301887664615,-1.3734852108246596,-0.5431116026594222,0.5600518917282875,1.8523415604124667,16.154678653073464
771,116,-765.0999755859375,,False,False,-0.2923323248824751,-0.8234902053576809,0.008814785007851919,-1.3860839357717663,-1.3628853514787134,-1.5077109637437904,15.510719062344755
771,117,-773.7000122070312,,False,False,-0.6756827677963289,1.6033649468938922,-1.3193253590627565,-3.14314569262007,0.9803286622696944,-1.1261899550308427,15.21128773609582
771,118,-750.9000244140625,,False,False,3.006697060260834,0.6566321693397807,-0.23370471958083527,-0.36181324034072104,0.866333471172518,0.8134870188000444,14.688423118010927
771,119,-768.5,,False,False,0.4822129142318743,-0.6705823537030442,-1.9233500216334667,1.703619520343013,-2.1114457338774204,-0.8756790003325144,14.010229409940575
771,120,-784.5,0.8494623655913979,False,True,-1.0629877568065562,1.1836413923471802,1.552307868666858,-1.6058144344151655,-3.7932947944106186,3.4468880123742807,16.470984954648625
771,121,-739.7999877929688,,False,False,2.2041345328182804,1.558708526632317,-0.17027037126100672,-0.8224706951446561,0.509287668186034,1.3462491294325492,13.790324740479921
771,122,-756.4000244140625,,True,False,1.763814052513998,-1.377150717796987,-0.7372297168445141,2.196509035099572,0.02041111084392613,-2.087057917103109,15.096555904562996
771,123,-754.7000122070312,,False,False,0.9080123834402308,0.8397967511824274,-1.562697549492681,2.1484702182337716,-1.3734028796105429,-0.8860307239527273,14.177398939732162
771,124,-760.9000244140625,,False,False,1.2312621123751755,-1.7544367913148304,-1.2090438426391643,-1.4658112315197147,0.12945631144132605,-1.8445100891002952,16.583572923037842
771,125,-767.0999755859375,,False,False,0.7635978712788666,1.7847265192374597,-0.7225926667547526,-0.49029017917221995,1.4411433616373186,-1.967684663867984,13.087132071815637
771,126,-763.7999877929688,,False,False,3.17151791136466,-0.7979628078878074,-2.100958975404145,-0.15484121650575605,-0.8731645525493413,3.873696828363989,16.641972843992416
771,127,-759.5,,True,False,0.30565061801405813,-4.124756965662737,2.920635461597636,3.3626391147861385,3.907915835182075,2.488952082265605,18.922800625126715
771,128,-760.4000244140625,,False,False,-1.334443495514537,-0.7049831604220809,0.7115124308153113,-0.522749999744487,-0.6962025246391155,1.2723234679139774,17.212133918133652
771,129,-764.5999755859375,,False,False,-0.8734918156096649,1.0074311126095368,1.8193697601265095,1.5590010887117822,-0.9549149979694476,-1.1562593292258778,14.868208167554094
771,130,-773.5999755859375,,False,False,1.8638728420700745,0.38536038921615423,1.4811013516926423,-3.3313523423571056,-0.6547845367491039,-1.1340603308095936,16.779919806890344
771,131,-763.4000244140625,,False,False,1.2992409493034547,1.986122220374286,-0.870256020775671,1.4797584944310176,-0.1336592636491037,2.5226987349266543,13.675142898671933
771,132,-764.2999877929688,,False,False,-1.5000477598603574,-0.9275167407989285,0.43868472577693784,-1.5851306076511713,1.2949621076945206,2.019857598825812,15.402445504251483
771,133,-762.5,,False,False,-0.140667850549647,1.0412656657714925,-1.4551955283737925,-1.0714900990227914,3.1503574818389986,0.74013423770193,14.843255036423368
771,134,-770.2000122070312,,False,False,3.4760219231256135,2.7906117931388783,-1.1350982749545897,-1.945336638672807,-0.1103671666863231,0.6475724923665734,16.396486789051373
771,135,-760.2000122070312,,False,False,0.409651079708252,5.2178445348755265,0.11026327046668641,-1.0354940518820686,-0.6114139259181692,-2.30587576013534,16.222642944443674
771,136,-751.4000244140625,,False,False,-4.669758680466028,0.17640053298999028,-3.160245756376305,0.7605409865725838,4.314191513601627,3.470575249881088,16.269757237666266
771,137,-766.7000122070312,,True,False,-1.457696151843246,2.94503928922738,1.226970669417798,0.46864413144377726,-2.3869480209593537,-1.8391021514193715,13.99188880811254
771,138,-759.0,,False,False,0.6408903884027177,2.4290791653544943,-1.0566280151627139,0.6985687269561682,2.7773589949954722,-0.5964393399167893,15.402412970840395
771,139,-776.2000122070312,,False,False,-1.0797711855079368,1.0928989572598145,0.6348401676456181,2.1564426038017834,0.04640194796442653,-1.6382691099346196,13.942062241673904
771,140,-763.2999877929688,,False,False,-0.30463644771801734,2.9897319972485046,-0.7189950643574083,0.9204960165111548,0.8630250972954887,1.7914164529263945,14.005852331476108
771,141,-778.0999755859375,,False,False,-2.0481544889055616,1.5196784725756443,0.6708030061158654,-1.9561164827188813,-1.704660331806417,0.056328512049267976,16.80275730168182
771,142,-754.5,,False,False,-2.5444926721102203,0.1989540189606802,-1.9795134927833942,1.8674977727990483,0.8109698330137948,-0.1987004231451006,15.622259053228433
771,143,-772.5999755859375,,False,False,1.8757475186858321,0.6783275937026756,2.6775544732563743,1.0331964128148219,-1.1277586888955062,2.2720986590963865,15.186462447652984
771,144,-754.4000244140625,,True,False,0.8139461859353064,-0.03396580860556122,-2.6789917839809436,-0.5448007802106888,-0.2637787350645714,-0.6323190307993429,15.520555594221346
771,145,-762.4000244140625,,False,False,-2.8209494092382292,0.7490635019144515,-2.7307841965232886,1.2420065635713968,1.0251279059393381,-3.1131746221885157,16.236880571211326
771,146,-780.0999755859375,0.6344086021505376,False,False,-2.3596894050456156,1.3938231953584421,-2.4140822495490255,0.4281939031452525,2.1807272245039218,-0.558243273455322,14.884563607420105
771,147,-755.9000244140625,,False,False,0.17186261717831677,2.2139412811973367,-1.3846162057587872,2.4180996129317904,1.178788766887713,0.7035619968674667,13.720815492819364
771,148,-779.7000122070312,0.7903225806451613,False,False,-1.471314564609842,3.0947060670921465,2.517223239560125,0.4458372739548168,0.4187364855256258,2.2261313689508477,15.372237116398644
771,149,-745.4000244140625,,False,False,-0.9080174283985267,-1.029351809966963,-2.46738455244262,-0.8506695463199228,-0.3157047194025026,-0.45544841479466974,15.807821698583501
771,150,-772.7000122070312,,False,False,0.9215960946463972,0.12132114367574624,2.3070930658346134,-0.5253678938269684,2.3680105173649175,0.7825768446363388,15.126545485938474
771,151,-749.4000244140625,,True,False,-1.7406809139816806,-0.5950335532833471,-0.6066282435496195,-1.1013697183873001,0.6791320779092286,-1.5431573840747617,16.894708303166997
771,152,-771.7999877929688,,False,False,2.5497707492310653,0.24564167939261197,2.7617511305210036,1.227139052160192,-0.8660103679233666,2.7649453601927516,15.319248456047228
771,153,-760.7999877929688,,False,False,1.584428969504319,-1.51899789278404,-3.758897418421214,1.5584717983161995,-3.6981904324474817,-1.2374924800672809,15.457525278098695
771,154,-773.5,,False,False,-2.440840473631688,-3.758388508659568,0.8825328918254522,-3.231865550098207,-1.535064459901464,-1.6910770967199678,18.190171797610986
771,155,-774.5999755859375,,False,False,-0.9908033637541211,1.6563687497564594,-2.622687282998202,1.0950244389491584,2.28365018254331,0.19592148885759764,15.91927583110114
771,156,-753.2999877929688,,False,False,-0.888256246375835,2.5218545876293725,0.47761328101396644,-1.4644731058198344,-0.5257029608923156,0.6644543377895414,16.69657378814365
771,157,-758.7999877929688,,False,False,0.8141519551394775,0.6448177691099558,2.342292450051641,-0.7758877073329737,-1.5305278847938444,2.316299779516449,13.947957192943248
771,158,-779.2999877929688,,True,False,-1.046765439188056,0.7761964904319532,-1.1232109225426679,2.5161904244313646,1.60766765283231,0.3381285064929981,15.384121932428103
771,159,-775.5,,False,False,0.9260655929262632,0.9418044586628611,-0.11881140893057525,1.6411193033395128,-3.2672686716447616,3.371875078857105,14.786372704395006
771,160,-757.7999877929688,,False,False,1.9416373100208242,1.3013345628212294,-1.1865631117913502,-2.343427219864173,0.6353640627317602,-1.2166767159879701,15.264931401280831
771,161,-772.4000244140625,,False,False,-0.7154940628002717,-1.0890064439755636,-0.30110169422614164,4.043940272510421,-1.1528593978973252,-1.4877324504404479,14.911164417624985
771,162,-764.2999877929688,,False,False,0.8030887880984616,2.0406971688955498,-0.8399069362232876,0.09468089804385071,-2.139271573633584,1.3107071900454945,14.537740288320633
771,163,-761.2999877929688,,False,False,-1.8448549463921526,-3.950897448255638,0.42441254786162635,-1.5176408257419345,-0.30269262594058965,0.5289517574733548,17.060905548469574
771,164,-762.7000122070312,,False,False,-0.9634301289508157,-0.42184280261889207,2.131810452834624,-1.842777981069199,2.2418450763049917,-2.80755147290621,16.70180930119374
771,165,-770.0999755859375,,False,False,1.103882047946308,-1.3842168108517219,-3.426839170535564,1.4713320225652606,-0.9961668408427006,0.2886727361614029,14.186554147097036
771,166,-741.9000244140625,,False,False,-0.7233591844095324,0.8187391934765809,0.6049223010095112,-2.6134177229802464,2.0427703668299193,-2.1219144104248064,16.93086837901852
771,167,-777.9000244140625,,False,False,-2.0877609476980554,-0.8494892699929061,-1.2895458598385674,1.9362650743843082,0.4041640561027871,2.5602367574803213,14.878279250598181
771,168,-775.2999877929688,,True,False,2.7570775871999467,-0.20099466460510332,-2.893227271013816,-2.9164947021477694,-0.8099827506568956,-2.8236075989362255,16.420693622278648
771,169,-759.7000122070312,,True,False,0.6524261578085033,-0.1558743985898633,1.0459188462727924,-3.8863568079886064,1.1756132756683892,0.9203805636340235,15.521715664340434
771,170,-771.0999755859375,,False,False,-0.46309401606550815,0.479864533126971,-2.1920032800779676,1.235523923696461,0.023808349831285974,1.922271615963425,14.46607252645596
771,171,-766.5999755859375,,True,False,-3.0431602353380702,-0.3665942786120071,0.32441675650950136,-1.0148251960844503,0.7812401322804252,-1.6136192496432658,15.74600294060895
771,172,-763.5,,True,False,-2.1765203657701298,-0.877588551602815,1.3412621057140262,-0.43575577445390523,-0.8417697696107774,0.38480256141711283,16.725248370466076
771,173,-770.7999877929688,,False,False,2.359246377484331,-2.099368176584012,-0.10870554378507297,-0.8984517360981723,-1.9518577327945268,1.5939533949911286,15.19179616707421
771,174,-774.5999755859375,,True,False,3.419978569680645,2.251075015949865,-0.4514219550264556,-0.09914054070342343,-0.19242495426620507,1.2006862097619406,12.809820480577647
771,175,-765.2999877929688,,False,False,-0.17943061538318866,1.8866173407508031,1.3439717532799877,-2.877542970274361,-0.598861046245316,-1.320222470516998,14.548666179111232
771,176,-777.2999877929688,,False,False,-4.4080589953778215,0.36688132873802815,-1.4886124485153598,-1.6032288170553484,-0.07702566474926716,0.592073768564374,17.637640583240803
771,177,-766.9000244140625,,False,False,-0.8792773882592092,-0.5289049946834851,0.6375268616716309,1.3206545041816942,-0.5723259053657184,-1.9995680825266016,14.906566585830129
771,178,-769.5999755859375,,False,False,3.488308823829004,-0.636107679133396,-0.22553226272608234,0.9874750682919151,0.4266064122710515,-1.4251308613665954,14.966046704080904
771,179,-761.0,,True,False,2.6711029791893792,1.0458005832415695,0.8226784802302228,-2.255131232052725,-0.22250843095982556,1.6982087012733624,13.488007447175987
771,180,-769.9000244140625,,False,False,2.628741874418753,0.4302155638903903,1.4698965081723365,0.5308724860380759,0.050547444000191316,0.1920067906591547,14.66933879376408
771,181,-759.4000244140625,,False,False,-1.2481423976192445,0.26746565441766695,1.9977279531342058,-0.8395549922286257,3.903593271553438,1.1056046902945904,15.685378400188197
771,182,-756.5999755859375,,True,False,-1.0478785179130206,-3.67193716733357,-2.4271266053859355,0.30386599180211704,0.2536830704173944,-2.2376948567199504,16.554011437563048
771,183,-779.2000122070312,,False,False,-3.050152996078851,-0.05609846210954728,-0.9980997028058547,0.3195634370353545,2.8039498031310646,-1.1852241566398904,14.42395039627849
771,184,-747.5999755859375,,False,False,0.3697197108568054,1.9749045757858943,1.589952696858834,-0.04943570867025088,-0.10458251890151549,1.3687108031174395,14.77192923180976
771,185,-763.5999755859375,,False,False,2.548733203601201,-0.5071783087783823,-0.00549655631763159,1.0973797589000327,-1.9859940873791628,-0.460945595620279,15.831445388322516
771,186,-779.7999877929688,0.6612903225806451,False,False,2.885947101534511,-0.8409427906559203,5.977128061542577,-0.11285220525778444,-0.08449377539337209,1.631366825205366,16.238270852209926
771,187,-748.7000122070312,,False,False,-0.6650795069268634,-0.576662110070808,-2.374174572942186,3.6191168406566834,1.9335233524464253,1.8944148905037999,14.483394549061464
771,188,-780.7000122070312,0.7903225806451613,False,False,-0.10699949489255817,-0.931277101209173,-1.7296548598410273,1.6786480219599822,1.8218511022304713,1.853034702753642,15.211829950673538
771,189,-771.7000122070312,,False,False,1.734704030603507,0.2645125413963357,-1.6474507460671548,2.553109858765437,2.9916942545246394,-1.9076138747806457,13.933068023022509
771,190,-773.4000244140625,,True,False,0.15709480809329485,-0.8937094516885754,0.35017027761445074,0.6085351525143385,-2.0802443549372502,2.0886993475434665,16.12863468834673
771,191,-758.9000244140625,,False,False,3.31562136165308,-2.071892998727547,-0.6999798267242509,-0.26877462225177345,1.6749544676020085,1.395504387395112,14.872837568530887
771,192,-774.0999755859375,,True,False,1.5012390285969865,0.6835221285946854,-0.424783652697963,-4.048556725759776,0.26134465050878636,-1.3421940128946048,14.370365431516932
771,193,-762.2999877929688,,True,False,-0.27337036912011736,-2.8158344516925284,0.507104558069812,0.5923662309274881,1.4196972839148128,-1.5777611363125537,15.759070100652513
771,194,-768.5,,False,False,1.663233659684409,1.6189136928133763,0.11510544377201798,1.40527950821507,2.055673973354708,-0.9463732479768211,14.941230095119925
771,195,-769.5,,False,False,-1.6934577505732074,-2.3642451953996084,1.3058438730243584,-0.19619224150688763,-0.09864231589830608,-0.6839101841932779,18.87383207990401
771,196,-751.5,,True,False,-1.7871056056665158,2.5720838518726574,-0.2830940923016174,0.7846018605889925,1.1346350468105888,0.16189791084845104,15.620723193326382
771,197,-773.0999755859375,,True,False,-0.07467970864675508,0.9270008952341218,-2.0499563526567153,-0.8897385319052058,-0.4580056458437516,-0.7021830246259857,16.851225731266354
771,198,-762.5999755859375,,True,False,-2.5058487620133874,-0.1301488052881907,-1.1061772222073847,-0.6219377047206295,-2.262847085313091,-3.258204859646349,15.174824344007982
771,199,-766.7000122070312,,True,False,2.8671511310519535,0.058108009197571926,-0.7070475700019154,1.9258982286550381,1.724591427358036,0.7059269071712562,12.737821791650383
771,200,-759.5,,False,False,-0.6655559695856658,-1.0344564467527855,2.5823145022643175,0.9092632288396845,1.180360950265472,-0.3272705774114313,17.07340417472973
771,201,-774.0999755859375,,True,False,2.5658238504276136,0.5230521975011414,-1.5693140683412807,0.7515362878536935,-2.4897361302344763,0.8807626591007743,13.198747685572306
771,202,-765.0,,False,False,-1.8802301791615348,0.881780301726143,1.686003907653664,0.8256810150402337,0.22877297480441383,0.6920224338193252,15.832812822965863
771,203,-779.4000244140625,0.7580645161290323,True,False,-0.024497463816713975,-1.8757201393149454,0.33954701943414806,0.6193905118075577,-1.3265727739846778,-0.029642403181334435,16.057408073671297
771,204,-766.2999877929688,,False,False,-2.0661352910644566,-1.0729817009841836,0.9888280726327902,1.1644036695646727,1.3404382667950525,1.02839977789213,17.632766049400956
771,205,-767.4000244140625,,False,False,-1.8265134816389899,-1.6834816122293312,-0.03690472596152796,1.479185339247895,-1.565217048941702,-1.8708677535838092,16.519229716051466
771,206,-759.2999877929688,,False,False,-0.14467445451824706,0.6079161616427045,0.6635364990245195,0.7298893261688655,-0.8802363490034129,-3.277702039296158,15.57461090602516
771,207,-771.7000122070312,,True,False,1.7083376656435008,-1.5148897468121916,1.730924544459473,-1.1907152428620467,2.978422770699046,1.5842354046275446,16.09360714452775
771,208,-757.2000122070312,,True,False,-2.314046160991198,-0.22470424282555987,-1.4249825019651199,0.3155522114761468,2.0742844961074915,-1.390825229433514,15.815247390216959
771,209,-760.2000122070312,,False,False,2.1196544220587334,-2.0927001173149833,-2.1962116262594127,2.9048850285971133,2.4983166765160836,-0.4328759466657072,13.827739265395872
771,210,-768.7000122070312,,False,False,0.5255727380606797,0.2666731891593662,0.15353515099063036,-0.31345351123332366,1.9443539570475654,1.5005854658079065,14.164690118553468
771,211,-761.7000122070312,,False,False,1.9428091989023983,2.226643546722085,-2.7789990151748123,-0.15705519800444753,-0.31403259228498726,-0.5429368645956214,15.20803572023454
771,212,-761.2000122070312,,True,False,2.136991721751177,-2.1206918541547295,-3.318214257649083,2.219088862214487,-0.5045380309772822,0.1248746972495444,14.333733468848061
771,213,-763.2000122070312,,True,False,0.2801199360319511,-2.2446507349502967,-1.2691703655912188,-2.2472430031394404,0.6272981197371575,-0.10316515831288671,14.77993185631341
771,214,-761.0,,True,False,0.618982592580651,0.8527525061441849,-2.429969959469287,-0.08604619515207343,1.3889630662859522,-1.3798540958953565,13.81805877878099
771,215,-757.2999877929688,,False,False,0.7493223935755452,0.8685685033685017,-3.203645523409803,1.3654041207524765,1.8224894650210262,-1.0164947957948798,14.047280581730238
771,216,-768.5,,True,False,-1.3706290470578337,-0.11176810535779923,0.14868180416057838,1.64475911295039,0.8326227774570043,-2.2236242158688917,15.700470513701445
771,217,-753.2999877929688,,True,False,-1.2882210135028775,0.607914798365207,-0.07235172950167226,-0.8577346728640385,-3.6875311763734913,-1.4689477592752478,15.841714387812527
771,218,-755.9000244140625,,True,False,-0.4762697517483881,-1.0205971289445215,-2.0960309581568626,1.5368306649051462,0.20848216327138572,-3.884232875627911,17.268442966349696
771,219,-767.5,,False,False,-0.6977402035783274,1.3876690286065811,-0.41509674731858837,-1.7625267385363363,2.5125523349406986,0.2320554656455817,15.964249623778315
771,220,-765.5,,True,False,-0.6378897552904769,0.28268252111866815,1.0608111668709788,-1.3852925824749804,2.867564838173667,-0.2617757533859778,16.16904692476912
771,221,-768.2999877929688,,False,False,-0.4327287464632764,0.44900424699688557,-1.204852335759277,-0.367512576757148,-1.8525735544649733,0.853905860639375,14.858463509094383
771,222,-766.4000244140625,,False,False,-0.1357539590943448,-2.770248453811583,0.37391262511829837,-0.9474450265020167,1.7667925032395995,-0.7935720514301404,16.855315094133797
771,223,-757.2999877929688,,False,False,3.4376087336855212,-2.170767654566359,1.1807134818037746,-0.9553002424782036,1.114092830411015,1.648814137408004,16.87267800075243
771,224,-755.0999755859375,,True,False,-0.5273613571143128,1.0493357188176273,-0.03735778294923206,-2.2489280079132166,-1.7308173803955276,2.136228042548336,16.12830624423814
771,225,-765.2999877929688,,True,False,1.9410911982210455,-1.532834463348935,0.6212216161621161,0.4833500487264353,-1.0207416700113727,0.3643917955155139,15.733487329006477
771,226,-754.7000122070312,,True,False,-3.380395989149305,-3.467322819793356,-1.0143178770053087,-1.6216126439704888,3.1754251025498643,-1.2076791366784967,18.14530456075694
771,227,-754.5999755859375,,True,False,-3.7296516033154825,-0.7479237611951536,0.6045699990358768,-1.7109418272806731,-1.167376720048189,-1.141997470878076,16.157767892812796
771,228,-760.2000122070312,,True,False,0.2662388174889817,-4.814111560045778,0.8115532030849882,0.11214011464710727,1.6540875688104457,0.5204792003781579,17.679301591671248
771,229,-758.5,,False,False,-1.4122146590082616,-1.241974510678299,2.12449674084357,-0.5753078957894077,-0.8494790852307147,-1.4032997729059706,17.48408864408628
771,230,-766.0,,False,False,0.3145847751039895,-1.466948362832084,1.8588586677858439,-1.6698070226035935,-2.6511148576374195,-4.247808327879849,17.961969380305096
771,231,-759.0999755859375,,False,False,0.7728734585457316,0.6915257818357886,-2.9728779691303626,1.8799971213105942,-0.449427926414798,0.5670540600282965,14.538555308136473
771,232,-755.2999877929688,,False,False,0.08239226667142262,-0.942274126959963,-0.7015274623115396,-0.25916561997996374,2.7227662184209986,-2.4157903056642183,16.69107956692288
771,233,-782.4000244140625,0.7043010752688172,False,False,-2.0271005053152056,-1.3203441904618474,-0.6543884753519424,3.6456354331329823,-3.6406268309158354,3.0278803610621723,18.22906146724664
771,234,-773.4000244140625,,False,False,0.3756793927896689,1.2805217210153952,1.432805058816295,0.19070485367227338,0.3096753430460146,-2.3949897793260932,15.635715563893026
771,235,-773.2999877929688,,True,False,1.594868933428471,2.8558998714271238,-1.8903519409643068,-0.9289213508623084,0.3190810746698773,0.3115942298368001,11.85440234839836
771,236,-757.7999877929688,,False,False,-0.8522955312093612,1.069795145308555,0.3920392069133637,-0.6345262440749343,1.4194491982555315,0.8294459395110805,14.81348854544304
771,237,-758.5999755859375,,False,False,2.6432212385505447,-0.2320097026166717,-2.686089850238863,2.3705506112540102,-1.121189410953485,0.4582270343305205,11.200709044455632
771,238,-757.0999755859375,,False,False,4.752898237255871,2.7605531539413124,-1.1724944550422773,-4.3872750309344815,2.9862327347765913,-3.571850827008315,16.6210911621679
771,239,-752.9000244140625,,True,False,1.372827699871621,-0.30481192942480506,-0.05417873949603824,-0.6119239550951378,1.1529154843236573,2.0910074813550232,17.556761569983443
771,240,-765.7000122070312,,False,False,-2.481866795089634,-1.1426510525232663,-2.988370506011257,-2.6439406144969118,-0.5161468612576153,-1.1849772152696367,15.82199998689182
771,241,-777.2000122070312,,False,False,-1.018187519853686,-0.6303258212154964,-1.2835689434535287,-2.2476469143340627,-1.937336513676906,3.458738708427283,14.814680526373
771,242,-760.9000244140625,,True,False,-2.6491396071414433,-0.3284526127201319,3.8423654419945223,-2.054239646510328,2.4586119167508267,-0.2997770349372948,18.90478729956577
771,243,-768.7999877929688,,False,False,2.1674832903805172,2.552434062552972,1.5922324473369662,-0.9342214475745938,-0.40418425907876404,1.0013703723730665,17.093199902472367
771,244,-766.9000244140625,,False,False,-0.5403667522968671,0.3431722656942128,-0.3154593823691169,1.3398047209113526,0.18412720381287398,-1.9134565677343904,14.291092090146648
771,245,-768.5999755859375,,True,False,-1.3721786595738183,-1.07881840869447,1.001356200592381,-0.39463879693524595,-0.8568394366483227,-4.985811513867572,16.291648462844414
771,246,-773.9000244140625,,True,False,4.100568831317658,3.3328099689497184,3.0993803241032323,0.40929801508374597,-1.3847827685487057,-0.45065165315407746,14.637292785960096
771,247,-757.5,,False,False,-0.4954771223136311,-3.434583503947727,-3.2548651900129517,-0.0842932954057275,-0.8126599929929641,-0.9023349431729643,13.772727818993678
771,248,-773.7000122070312,,False,False,0.9073874191475261,-2.570506795919402,-0.11050518765558599,0.7147418236706429,0.12261710520912174,-1.3130847511303332,16.93818442592902
771,249,-779.4000244140625,0.6989247311827957,False,False,1.6228516351016395,2.111902866290552,3.2310008329516493,-0.9926523687819403,0.6699010793290561,1.3098534604323393,13.6491787588995
771,250,-765.0,,False,False,1.4915426285380613,1.2595754573938465,2.3031372790566804,1.857966631105041,-1.408310269771438,1.6399081282604,11.740847313542366
771,251,-744.7999877929688,,True,False,-1.0267726943241422,-4.497743056734579,-0.16096583902349335,1.3143499378843915,1.6262704029984159,1.296903972117098,16.950081557720793
771,252,-773.7999877929688,,True,False,-1.228706754196429,2.314764372163815,-0.07705048535482191,-2.200090064161498,0.8382278744051287,-1.242909197383796,13.839700733434693
771,253,-761.4000244140625,,False,False,1.9680756939688162,0.4338738312337867,-0.21864583361977333,-1.710293558197797,4.435905009752307,3.0137520819214996,15.825212686484523
771,254,-767.9000244140625,,False,False,1.1053026170738545,-1.285516172034384,0.4938198744889022,0.0374140999826946,-0.9128278254821633,-2.4327080965898813,17.167341986554067
771,255,-777.5,,True,False,0.14219980239895424,-2.922445307983965,0.07972863293892511,-0.06829003250156913,1.1920746115061105,3.076031663628126,15.983923654157042
771,256,-767.7000122070312,,False,False,1.2250709757572422,0.8431440774046446,0.41504833226478516,2.6999479665429065,-0.4264631527790687,0.8721199873730752,15.620053075129627
771,257,-769.0,,False,False,1.5242107320512024,1.1764817226459199,2.536994697312876,-3.8062596083639773,0.06220335756782705,-1.9296531870462204,15.433561855989339
771,258,-758.5,,False,False,3.0852587161096583,3.020053820398623,2.700769230616658,-1.8259690200407974,1.0004791452179955,1.333093535625484,14.358272912958084
771,259,-770.2000122070312,,False,False,3.098931751140628,1.1178992507566796,0.5456068186370718,-1.3902134368166834,-0.3687882296167439,-1.7877389661441518,12.873913629614693
771,260,-772.4000244140625,,True,False,-1.7545142945071714,3.9012475237740363,-3.739242507196375,0.12246887586750545,-0.9631968889678119,2.8472297663199924,13.505720387979096
771,261,-764.2999877929688,,True,False,0.39617541682400265,-1.9927943004461655,1.0180241587508922,-0.4215190636783088,-0.09926456193484426,1.4829678857552682,16.173885443690818
771,262,-751.0,,False,False,2.777061477689177,1.351902994814895,-1.401225626492494,2.5996719029352247,1.0241756400731596,0.6151871857196555,13.070169091892312
771,263,-768.4000244140625,,False,False,-2.4449783951608492,0.3043371917318636,-0.23071694284554892,-1.3233240776386137,1.5365307032652342,-0.8095404834059304,16.650420452591487
771,264,-754.7999877929688,,False,False,0.7006217101622352,-0.9515363336757091,-0.8146893591409156,-0.594142567701501,0.34509350468119326,-0.37606759077683133,14.894955080641914
771,265,-771.5999755859375,,True,False,-2.261019723279546,-0.13342677712854933,-0.4442301175248994,0.5979086345836581,2.6867937081736395,0.32216459940485537,17.12450587718592
771,266,-774.7999877929688,,True,False,-2.494952411890324,3.3295822867637654,-0.4694502731887571,-1.0922047889794357,-2.1408314169110922,-0.34220746472295926,15.418336073210305
771,267,-764.4000244140625,,True,False,-2.446629280250842,-3.1161813082714596,0.3741296797782868,-0.885891383508964,1.0912875431418876,-0.04935739396568253,16.79064563741144
771,268,-769.7000122070312,,False,False,-0.4949377474222343,2.3403755700000453,-0.17900875680024853,1.8691073668170708,-0.1998579448819515,-2.024854640286766,15.07580780771991
771,269,-784.9000244140625,0.6666666666666666,True,False,-0.06054151193426339,-0.06873905312140989,2.928514692244467,-0.12072169206896989,1.0047625205096395,1.0463745365881474,17.192066697381183
771,270,-754.5,,False,False,0.8538222125022151,-0.3466022493391514,-0.5401952555269136,1.442282207749487,-2.0605261072860257,-2.1830687473471553,14.107403713528702
771,271,-764.9000244140625,,False,False,-3.9566196731814247,-0.7857960972439935,-2.5465687722482264,-1.611769745455348,-1.0032589607578737,1.9098917787288356,15.15482743897911
771,272,-774.0999755859375,,False,False,-3.283993490335148,0.452913278440211,-1.2059622089177715,0.003011232145777569,2.053830932889886,-2.1891538156822437,15.877213452273425
771,273,-773.9000244140625,,False,False,0.7873327623083327,0.12676182047123993,-0.45357121968695885,-1.6800605147741454,1.6831967700368167,-3.3023329871051597,15.040616111529275
771,274,-759.4000244140625,,False,False,-0.17275677822264537,1.88664354645385,0.9530571972054205,-0.5153274426237376,1.9888443460811538,2.406965775139121,15.867583991801023
771,275,-769.2000122070312,,False,False,1.4534907888832465,-0.18350303293809211,2.5671701706656322,0.6071876561531878,3.1741117529287233,-0.34971182176940735,14.858999443831086
771,276,-770.9000244140625,,True,False,2.201480136036853,0.10005219453606042,1.1871709284937142,0.9631574460858574,-0.7170041896616808,3.820535135395373,15.909477959356785
771,277,-774.4000244140625,,True,False,-0.09719460056653823,1.69869001180455,-2.4391636114788695,-3.5402163109859264,-0.18072887277896887,0.09602479117623518,13.977460341147028
771,278,-753.7999877929688,,False,False,2.2800312761665085,-1.2107575209540193,3.6412520386983394,2.4500865244588343,-2.9895146146509433,0.5116687237576142,16.605123252047957
771,279,-763.4000244140625,,False,False,-2.991272228138358,-1.6794059735804043,-2.498032687725173,1.0669632276929022,1.1818213937294786,-1.6020415881136578,16.1046732933115
771,280,-774.2999877929688,,False,False,-0.020444130726253267,-2.9813292634524813,0.9044365314499438,-1.2342504290043148,2.2223744117395814,-2.018626719991211,18.612286717319463
771,281,-760.0999755859375,,True,False,-1.9423950656136868,0.8189323324484185,-0.30809405094707726,-2.162539180563011,-0.7404913078935215,-1.3010547925666378,14.306754403808332
771,282,-755.0999755859375,,True,False,0.4244637230508686,-2.119616400868295,-3.224565689168247,0.9094837925432194,-1.1394915136931318,-1.6108043519124644,15.07918874994668
771,283,-767.5,,True,False,-0.35617046959549276,0.868553228249256,-0.9165991727885292,1.825066826134313,1.4844839985475666,0.48589866155199085,15.803942404020043
771,284,-755.7999877929688,,False,False,-4.064238308242,0.0654082225778144,0.18067800638497597,0.7016866453559266,1.1079373368460042,2.8535657507135754,16.26991508063549
771,285,-765.5,,True,False,-3.660445152004141,0.013040800539325955,-0.3791158720708361,-2.6343175684505216,-1.6169989087235663,-1.8357876822958643,17.53632545276794
771,286,-784.5999755859375,0.7526881720430108,False,False,-0.017192623152521055,-0.32743937407629814,1.0074573794867787,-1.7100938072836342,-2.6170400442187733,-2.064576396580232,16.448624216293886
771,287,-755.7000122070312,,False,False,0.5906250355755085,1.556501753367315,0.1147207106551584,1.2961490727167262,0.547663935278607,1.5531716255089683,16.194133766737774
771,288,-765.7000122070312,,False,False,3.551893273244873,1.6797598499897304,-3.859494380360409,0.15312118228961913,0.21109977187257137,0.14397879682180806,11.74475433783614
771,289,-780.2999877929688,0.8763440860215054,False,True,4.565067818880886,0.6500559866251342,2.903399250099308,-2.2345538267451657,1.5761706801336348,4.105162622596995,17.009348292529378
771,290,-758.7000122070312,,False,False,-1.0324959754677392,-0.6696702391406473,-0.10516999032901438,-0.20520915150395694,-1.6131561185102816,-0.3463235704125056,14.909905023545104
771,291,-767.7999877929688,,False,False,-0.6127623995062754,3.5675206905383705,1.9045087254237707,1.8632732853828156,0.1720688181572605,0.9125560456809267,14.465242392019626
771,292,-755.9000244140625,,False,False,1.6795218329504786,-0.42267305858495324,0.5450145637919173,-0.603838945551693,-0.7799328574794447,1.2692232954486187,13.705380353733654
771,293,-765.7999877929688,,True,False,-0.25434063275736335,-0.012937506633809853,-1.3391732867074502,2.595863900436735,-0.6866112272582056,1.4506835248245076,15.864742017148417
771,294,-764.9000244140625,,True,False,-0.7154442304213741,0.5823528784647263,1.3341897742715332,0.4188026627382075,-1.780430417948744,0.6628742894420911,15.979088345849846
771,295,-764.7000122070312,,True,False,4.5588503565851655,-0.8504926359574579,0.43480452417812865,0.876486748034254,-0.20285298922870196,-0.2983676400362856,15.53730887440667
771,296,-777.9000244140625,,True,False,0.842863844102569,-2.840676844258411,-2.3875733946832263,-0.3249065469490976,-0.7563662619277783,1.5010988812243142,16.605694237181478
771,297,-773.7999877929688,,False,False,-3.119217045318736,-1.4009768009124548,-0.12355563852414195,-2.859332800094037,-1.555126267569703,1.854048728717371,16.842011359244626
771,298,-760.2999877929688,,True,False,1.516152375984977,-0.521967487464194,-3.116704118409641,-1.274555584210186,-1.6502030823774212,-1.0870654264448447,13.189553869827813
771,299,-765.2000122070312,,False,False,0.7742363845612367,-1.96374706666831,3.898040001572256,-1.7384022860770247,0.0003200815659675185,-1.0155993510683503,19.121638546398597
771,300,-779.5999755859375,0.8978494623655914,False,True,0.5848685755413785,-0.3028578413284908,-1.7318590910255178,-2.188029424728074,-2.390945646221017,0.2522389619218444,15.660174737237009
771,301,-754.9000244140625,,True,False,-1.6883017514320644,-0.5299599051781753,-1.757732481082703,-0.8857317224424881,-1.2770022680395454,1.512663401002312,16.33674725395094
771,302,-753.5,,False,False,-0.25877417526936847,0.672611276523058,-0.28830756317192363,-0.7350108927762452,0.8593142040078122,-0.813327217178138,13.865428092338767
771,303,-753.7000122070312,,True,False,0.19339426054560996,-1.8568859065765593,-3.995359368226214,0.522844072432075,2.4884343690092314,-1.2824834728714227,14.708183839058657
771,304,-754.2000122070312,,True,False,-1.4311180682680626,-0.20114330884339673,-1.2795711312925286,0.5462779114461047,-3.0846092031933523,0.20549764224505945,16.683273763655826
771,305,-758.5999755859375,,True,False,1.4916593201602284,-1.3602434738065188,-0.022192181087202577,0.0603436432782511,-3.782233016793966,1.2125856419724959,13.998196166492212
771,306,-766.4000244140625,,False,False,-0.24602098211806975,-2.7368981557346643,-0.2696108598188671,0.36885521987546016,1.647740704140067,0.8291570896794244,17.666980235282754
771,307,-764.2000122070312,,False,False,2.128891831924403,1.998255967643364,3.7533399059355927,-1.426981293209392,-2.665595936809786,-0.7333870371335321,15.766741449611567
771,308,-763.2999877929688,,False,False,2.349469643680169,0.07209018464434334,1.2917890478600933,-3.46159507622457,0.43367016439894474,2.7011050279882216,15.647329686130103
771,309,-763.7000122070312,,True,False,-3.324962201438563,-0.24927157539264722,1.3999634427695604,-1.8041977614821507,1.219235636773173,0.4507135472734347,18.72553416898623
771,310,-758.7999877929688,,False,False,0.5595399225608892,2.0388101467109183,-0.02945150613348577,-0.7754979529156615,-0.051200340335929434,0.15333841404108473,14.148660686723563
771,311,-772.4000244140625,,True,False,2.0263995404960173,0.8746260220088513,2.0311486791346245,1.6552644132701024,0.31325542252756655,-1.3435029288737912,16.7509370596833
771,312,-769.9000244140625,,False,False,-0.975276483720479,1.5204373935848494,0.14107267694523293,-1.5379038342126472,0.43802230166062595,-1.3433655948614118,14.363911458815814
771,313,-767.4000244140625,,False,False,-1.5150070763427614,-2.236338908683775,-1.1875418198167014,1.0566275284349833,-1.6508722646357128,-0.2730613577022728,15.564928321600531
771,314,-766.2000122070312,,True,False,0.5017702553651533,-3.492295725873277,-1.69895482696816,-1.1103260343263026,1.5003149209528186,-0.40245351084772785,18.426683934875875
771,315,-758.2999877929688,,False,False,-1.64812723371831,0.9658099804024273,-1.5231532843734068,-0.6850956571548508,-0.6605022044957101,1.963456556163643,15.366592959529491
771,316,-752.0,,True,False,-3.4585884305926204,-0.21215037239223816,2.682299917531675,0.036992463946234656,-0.47964610264692703,-0.7339209752347929,17.120271417217744
771,317,-768.9000244140625,,True,False,0.8877549820788541,-2.897292701922155,2.0844761907814515,0.11297274961792479,-1.5460876901091158,-1.966031615209985,17.386688589589067
771,318,-763.0,,True,False,0.08961157648553916,-2.2044488720445585,-0.4000741097673114,0.10977181267596768,-0.2907428146105813,-1.7349452749794234,16.9401855943667
771,319,-778.0999755859375,,True,False,-0.9516521830839244,1.6878199159063285,1.7689552737065224,-2.0179999260533625,0.4224754491845934,-1.4934691891968435,15.29567405683597
771,320,-763.7999877929688,,False,False,-2.3350031228022594,-0.25868255555329617,2.375991591547898,1.126367741078181,3.051043031113899,0.8022955878474333,17.920109222149456
771,321,-764.4000244140625,,False,False,-2.001095440040588,1.026869549980448,-1.3706919862201548,-4.3794751526030335,-0.2505814598068351,-1.0449014125934544,17.64171199262837
771,322,-752.0999755859375,,False,False,0.3905169470952821,0.9574689343589291,-1.2049890798034308,0.39110354325114205,1.1732896302076867,2.596311678877514,13.637399713382333
771,323,-774.2000122070312,,False,False,-0.34068980258477755,-0.5152953813970886,2.8807068017783783,0.17657753267551402,3.3611556265072293,-2.713459576152263,16.154755217108942
771,324,-766.7000122070312,,True,False,2.5140564970546806,1.6694509582736143,-0.11127888994990089,1.943565584939387,1.5471400829294524,0.8710244710922084,11.711824099762495
771,325,-750.0,,False,False,2.400689044620506,-0.04143179638145428,-1.0435633684152135,1.493099310774965,-1.828488128583894,-0.468776379713885,15.928466755962392
771,326,-761.0,,False,False,0.8349469315565785,0.14998605146430352,1.9439735140109418,-0.4467298810813076,1.9356476161526999,-2.0851797712009903,17.056424451424377
771,327,-760.0,,False,False,2.208760897916243,1.9034925844836654,-0.7459480866959141,0.053802563810121606,1.61771705391105,-1.504062172075132,13.578858870787517
771,328,-759.2999877929688,,False,False,-2.0974344476895492,2.593069183993814,-1.0122835824564003,-1.9434454392308118,0.6553137890462261,-0.8377761463614444,14.128327570090258
771,329,-751.5999755859375,,False,False,0.40524411871243776,0.5440267816851666,2.525802013155853,-0.41998396218758155,2.0978878925839823,-0.19273229532119596,15.298106851301432
771,330,-774.5,,False,False,1.6537774330319797,-2.393913157359364,-0.16994786495840977,3.7299940641488583,1.7280854728313801,-0.7250651654487104,15.845993491462497
771,331,-768.7000122070312,,False,False,-2.0072895819177017,-1.4945663034089267,-0.5582799481389906,0.1876943385458717,-1.6605478437772296,-1.6033879716570083,18.008496752334906
771,332,-771.0999755859375,,False,False,1.8814242349785923,1.1253649922754179,-2.0307261667983263,3.0564298729235837,0.8725688218810663,-1.619366903290731,13.931886911868567
771,333,-765.5999755859375,,True,False,1.322599892479167,0.49347366826210237,1.6984960497069488,-0.15427921199807307,-0.29085307015667056,0.6580944985889777,16.11399296975831
771,334,-758.7999877929688,,True,False,1.134995049915028,2.057086621531877,-0.033721665412268294,1.0531661926227802,0.3277635242216872,2.735117436466451,13.568037728362038
771,335,-771.0,,True,False,-0.30820489819932434,-0.27882981815789504,-2.5805244294545493,-0.6966239334877727,-0.5986105028207472,0.4483241615542669,15.029335189502051
771,336,-759.5999755859375,,False,False,0.5068338820129259,-0.1383523093632417,-3.1737093249698507,1.1682504330911725,2.325382667372292,-1.0560147173974996,13.106368424378742
771,337,-758.5,,True,False,4.999285612383788,-0.9462022001250004,2.7885979197629,-0.19160988912903154,-0.07325730638651845,0.3657761432827972,16.04518441025982
771,338,-766.5999755859375,,False,False,-1.623790369001363,-1.47019765819188,2.5251117524858504,-1.3553669523341072,-0.0004926110336940889,0.7507582485767691,17.526081133957227
771,339,-765.4000244140625,,False,False,-1.2605836274184685,0.5992642077462816,0.03612770152968953,-2.9438804280221262,-1.319306246219626,-1.7016215380670658,15.92994149035373
771,340,-791.0,0.7526881720430108,False,False,-2.5743359016835083,-0.9961641086579701,-3.3060111101837806,0.6550866137964737,-0.41199512120689963,2.411549250385474,15.259751523465066
771,341,-760.2999877929688,,False,False,-1.0027938133474588,0.08745616429786322,0.5272095223288674,-2.573806532789021,1.9999176518155872,-0.7527458433148599,15.311891680455973
771,342,-770.9000244140625,,False,False,2.901516796015904,-1.4906483183640882,0.7494762732950639,0.8461847295102481,-0.9287919463280533,0.41705470978908427,15.929994231160062
771,343,-769.4000244140625,,False,False,1.4201462641955183,0.02831393071078489,-3.5635411089217164,-3.6999485072728757,0.6788104671993292,1.1183897534409366,15.444483332749412
771,344,-772.7000122070312,,False,False,-4.4703413163770405,0.18014616899028546,4.747289438406993,-1.1838280796968172,0.3966283890906088,-1.231636760462533,18.359310097756676
771,345,-759.5999755859375,,False,False,1.894810052595525,1.6062299192062524,2.249016463743758,1.7128184524643801,-0.6406161906499004,-1.3607218580786187,16.262920538150627
771,346,-780.0,0.7096774193548387,False,False,2.427751206811369,0.42542739404894525,-0.4552340149593066,0.8323746831054366,1.256295537991851,-1.2008438187681825,12.793627640136517
771,347,-766.5999755859375,,False,False,-0.0829151931937543,1.5710348589579537,3.150783842650336,2.34273694434803,1.1419723514136844,0.830417151914023,18.801261871535562
771,348,-775.0999755859375,,True,False,0.12183871352501846,0.022791152652232406,0.6370902271277116,-0.40528025445311366,-2.2699599354122726,3.548003508572009,14.081691485577943
771,349,-778.9000244140625,,True,False,0.5585406849461082,3.8507098181814428,-0.23283384096444062,-0.5551101182132191,0.9175137313370073,-1.6037129491692728,14.175532477805449
771,350,-776.7000122070312,,False,False,1.6908575008562374,-4.202021547418647,0.5992492090747049,-1.366415357432094,0.19633628050373061,1.8491257993421613,18.571928607074327
771,351,-770.7999877929688,,True,False,-0.011618678355243016,0.5277269345651527,-4.591151836313132,2.038861520654571,-0.6998759252043829,2.7977603213711535,12.769023262539587
771,352,-758.2999877929688,,False,False,0.6695127755464133,2.3657164628982725,1.7272501443238488,-3.8313056839985333,3.9858835824604446,-3.402408906649279,16.63046581161166
771,353,-755.2999877929688,,True,False,-3.037693452819046,-0.7873566394792536,0.39283963041882153,-1.4386988699952648,0.510103010128215,-2.088050131134024,16.708994556629033
771,354,-784.2999877929688,0.6881720430107527,False,False,1.6101348568657237,-1.295024515778584,1.6438342702236435,2.561978106980239,1.5237630250009657,0.6148727289001568,16.41775806797912
771,355,-768.0,,True,False,-1.8151103683975127,1.7581578936722944,-0.6707546232391568,-2.444650928507802,-0.9146287496246318,-0.12567636552350583,15.446200109695694
771,356,-764.7999877929688,,True,False,1.46739630084755,2.7095071089568172,-0.40979318482917515,-3.613062569075256,-0.5312782672916954,3.8091805623780224,14.577693588490874
771,357,-765.0,,True,False,2.425712426836346,-1.3096363558363682,-0.9270961622400906,1.275223007414956,-2.2541070540754364,-1.2109776719477225,14.148079503179295
771,358,-758.0,,True,False,-0.9309876488487159,-0.2560612079512685,2.9996199858539394,-0.5249108449195388,-1.8022947675142005,-1.3200220843653614,15.119182261361296
771,359,-765.2000122070312,,False,False,1.0158695366483623,0.7131526363717133,-1.8112161937622802,3.1167392078090868,-0.8286720573503388,-0.17057902003918043,13.539193262822348
771,360,-760.2999877929688,,True,False,-4.843986566573763,1.8577896340851097,2.6709217378007284,0.7393376505697364,2.5844614066813367,0.13258003689989728,18.04702577698625
771,361,-775.7000122070312,,True,False,2.4479215863344863,2.0199676747827544,-0.32734617965627033,1.3128196713758422,1.42251201916901,1.6658493615114742,14.482315881265237
771,362,-762.0,,False,False,1.0441132314681838,1.442371631938097,-3.5263910382075547,0.27305666261597383,0.1991250225160968,0.7848516353936724,12.037789743931189
771,363,-774.2999877929688,,False,False,2.923630957734708,-0.36765447243910043,1.4436293344386495,-2.806434439827244,3.552882159302729,-0.08680285240047161,15.090644418284583
771,364,-766.2999877929688,,False,False,-1.4861021164235697,0.10363702026956773,2.831447122811601,-1.9508971819020628,-0.4395822130300949,0.7414550472938145,16.18125226248851
771,365,-762.2000122070312,,False,False,-2.8540775543156873,2.857583233259185,1.2452537281942038,-0.747137995467405,-1.0966193257357444,3.8944772900033473,15.154612122284666
771,366,-776.2999877929688,,False,False,0.679789047059549,0.7772607889743873,0.14330778655564974,1.103274845988952,-1.1277198910946433,5.389968610677529,16.319281922674755
771,367,-781.4000244140625,0.7688172043010753,False,False,5.139107325095993,0.028690980295017782,0.4709918681142383,-0.8555509056771802,0.7152738882586156,-0.38965066570649914,13.380104935535796
771,368,-769.7999877929688,,False,False,0.7083796670742406,-1.9771648344171375,0.2345965516510086,-1.0356433325425238,2.810702356748016,-1.4886990331565568,15.460218073842967
771,369,-782.7999877929688,0.8548387096774194,False,True,1.7243185341894345,0.9417620299767313,3.22668223366451,-0.7067964852760122,-0.2057972235410624,-1.9847092015632284,15.862630673035843
771,370,-756.0,,False,False,0.05686599062132056,1.9202478123567446,-1.0417178108280905,-0.24266452934410898,0.12655796906897376,1.5025105305217068,16.24512837911206
771,371,-756.7000122070312,,True,False,1.0506496248930268,-1.0234265062532835,-1.06388001313964,-0.693162097896413,1.1460880701447873,-0.7194522802086151,14.455910154686865
771,372,-761.4000244140625,,True,False,0.6312184610600081,2.4310403360165997,-1.0609041903061063,-0.5759957021461317,1.0110504938460527,-1.141232220953777,13.83603408940404
771,373,-756.5999755859375,,True,False,-0.9367905154279604,-0.253055529426066,4.988340893316541,-0.2316397018460101,0.09137605533406791,-0.7592277547123739,18.202605812001625
771,374,-754.5,,False,False,1.7159703842657512,0.8784709645882122,0.006924949044747953,2.1566890471865374,-0.5366275295676243,0.18120031658397198,12.943549270329331
771,375,-773.9000244140625,,False,False,-3.143132339721541,2.414715161993656,0.8651759635517924,-1.8648808295404897,1.0886034368188573,0.2915205027854059,16.049938286063593
771,376,-754.7000122070312,,False,False,-2.3040998260317327,2.628430328714355,0.3159844296282137,2.2733454725422444,3.127083709437891,-3.134647224252198,15.586337645281183
771,377,-769.2999877929688,,False,False,-0.7297124200542423,0.9544743457217162,-3.225859264970141,1.3502846244777544,2.98709892912367,-0.6384449038888813,16.485994721564616
771,378,-773.2000122070312,,False,False,-1.3084334216839388,2.390692529383249,1.1779874227312215,0.7558865037114945,-1.8972320771130127,-0.5128767702888782,15.843620830296624
771,379,-771.5999755859375,,False,False,0.28056311615153345,-2.3543446272879525,0.2038222444987007,-0.7965867792359365,4.486350530514461,-2.179343204552688,17.005459590842904
771,380,-776.5999755859375,,False,False,-0.5348388692293587,0.9917006020821828,-0.21793052995326848,0.34948598409995685,2.0771602771340394,0.5127820918664651,13.15369189484434
771,381,-750.7000122070312,,False,False,-1.4973313537439692,2.5777928184720915,0.3485533328992698,-0.29594452392532455,-0.6056101631150665,-1.461936969881721,17.68334889890971
771,382,-761.0999755859375,,False,False,-0.45181298355932265,-0.9916046140836775,-2.1518233557090727,0.9304489553942397,-5.520981847274119,1.066794489849842,14.13791019412238
771,383,-767.2999877929688,,False,False,-2.712449880756362,0.4971227190299978,1.728385757278521,-0.14477576325860914,0.1713499595061122,0.6186485760003839,16.769204169033028
771,384,-787.4000244140625,0.6935483870967742,True,False,-1.147619316707701,-1.6515427135505663,-0.896730552303089,-0.234059085860951,1.6958473426726228,-0.9613889175024122,15.754167313494198
771,385,-755.5,,False,False,3.686092300238392,0.22740973325083483,-1.9452211728945394,1.6742245569158167,0.6332201867927448,-1.0057713999924456,14.793654345063452
771,386,-763.7999877929688,,False,False,-1.3267602241176466,0.19188618399248916,-2.56356344202659,-1.8130329918588892,0.8914381495814638,-2.3317391116306267,14.843246846330157
771,387,-776.0,,False,False,2.6502984292855656,2.020914794613337,-0.23787723236755695,-2.921052006100896,-2.6370170519070397,2.4003951521662774,13.374722578157389
771,388,-767.5999755859375,,False,False,-4.492197564914724,0.6474363936034496,-1.7755884616460935,-0.3624386179228419,-2.3245996861604374,2.0914383307607642,17.020336242757818
771,389,-762.2999877929688,,False,False,1.5831846220637842,-1.5480185473073214,-0.7573494760770635,-1.7586768516273645,-0.18734157155797368,-0.514437847934722,16.778787047729775
771,390,-767.2999877929688,,True,False,-1.6081461778029238,-4.385899247073405,-0.5532864315148169,-3.566723906271902,-2.4853819410649765,0.927498765630291,18.364781568764037
771,391,-768.9000244140625,,True,False,0.6911319811592284,-1.6816724559554008,-2.160560626494974,0.45927578380995604,0.8962077787652895,0.9008770803326582,16.53636418145764
771,392,-774.0,,True,False,-2.2248842181744264,0.8477355973159223,1.4299267504773816,0.856122121769687,0.8251968108509996,-2.694773252788024,16.422115478860093
771,393,-748.7999877929688,,False,False,1.1703103451226589,-1.41787503987413,-3.162097370911953,1.0834605110974878,-1.726321797513133,-1.293263725933076,15.085005574932719
771,394,-753.7000122070312,,False,False,1.3060233757938404,-0.1644470799211873,1.629487731830276,0.4178075273579122,0.6604396298851142,0.3919532805321673,13.632703996754008
771,395,-762.7000122070312,,False,False,-0.37732366853198984,-0.8567891851320679,-2.804120933184917,1.4247934205833375,-4.290412400547332,-1.146870473280278,15.02810690540797
771,396,-781.5999755859375,0.7043010752688172,False,False,-0.3074304153969972,-2.635364828798055,0.7796159812042314,-2.0503894394446127,-1.720457844293191,0.2955474590183059,17.88045517082447
771,397,-765.4000244140625,,False,False,-0.540226639732507,0.10315336231277404,0.4742379309511112,0.6309553363654934,-3.966419989370642,2.0762178405634413,16.841767631656
771,398,-751.9000244140625,,True,False,0.12747322260411204,-0.2788305682355226,-3.2482277547868774,2.5445492084885695,-0.7023882461928468,-0.09314305174830269,14.110385357950914
771,399,-758.7999877929688,,False,False,-1.2232616666832175,1.5782002899031615,-5.100278559928751,-0.9513135875758361,-1.1205941015314236,-2.5637098073211977,16.075544672675086
771,400,-754.7000122070312,,False,False,-0.4940543793584373,-0.3109433999567454,1.5323117375813242,2.565462532711654,0.49287804333680246,3.0299152309778092,16.07368539103713
771,401,-776.7999877929688,,False,False,-0.701750469524747,3.5422518751972074,0.456099170223236,-0.12043030541586006,-0.532833266656077,-3.0302510802817832,13.952274211444642
771,402,-776.2000122070312,,True,False,1.4882363948429551,-0.05939962909534219,-0.5227110028591792,0.5274604073853315,1.2061146774201572,-2.303319060173011,11.824586288749646
771,403,-765.2000122070312,,False,False,-0.9739860638056728,1.6806213618165133,-0.10074003631877909,-0.7230944677824844,0.5943517791098394,3.00502922306916,12.89190267699988
771,404,-772.9000244140625,,True,False,0.46878737229011525,-1.236227377607871,1.513389182901104,-0.5450269377465012,-0.7872712998805085,0.9387700592159044,16.355374249004534
771,405,-778.9000244140625,,True,False,2.864716332498278,0.8821775530562151,-1.9873316268488126,1.6700424296228844,1.555186001920179,-0.30516544460787837,12.268645321230785
771,406,-769.5999755859375,,True,False,-0.5946002393706153,-2.829898171321291,-0.17418092799166646,3.1144193210512783,0.602076815636317,-2.036095081860795,18.58098574941288
771,407,-787.2000122070312,0.7473118279569892,False,False,-1.1439328363123484,-3.496988532989192,-0.6125114056441483,0.2721109726027039,1.9642770600968775,-0.23706955871530605,17.567074148155523
771,408,-773.0999755859375,,False,False,3.0549520845407705,0.1491134947138038,-1.0739186433760008,0.9103708065848186,-2.8702950476617954,-0.17897575096080653,12.474411736295387
771,409,-759.2999877929688,,True,False,2.9724865056042677,-0.19486382361084426,-0.5436210246945753,0.007530452423464505,1.0786858355392048,2.6295479194962192,12.577352974893726
771,410,-764.7000122070312,,False,False,1.1430067329311162,-3.337675568377169,-3.2552596367457127,3.24317929635814,-0.018848120913821174,-0.169827647344693,16.094205980181055
771,411,-766.7999877929688,,False,False,0.936330902704126,0.4216026279482513,3.276747569548831,0.6738492587951395,-1.6658238915423642,-0.7653111440404745,16.269155975139952
771,412,-761.0,,True,False,1.148403054194541,0.9635639412806378,1.6227964136440283,-1.499929840214235,-1.6603023969269881,2.390279423852604,15.480118440449402
771,413,-767.7000122070312,,False,False,2.0275636049053283,-1.955987842436897,1.3123314065104066,-1.1927460641185572,1.2199342010830454,-1.814439812232207,15.42067618150594
771,414,-765.7999877929688,,False,False,2.528659472493524,0.14267880594019178,2.957137190863764,-4.775661194343341,0.5724347774390499,1.9838834890932797,16.665707088667553
771,415,-760.5999755859375,,True,False,0.3881756943612467,-1.5382827256063585,1.6963241267226612,0.06403356072675463,-3.4760362983638484,-3.1082242743779105,19.111261273500176
771,416,-756.9000244140625,,False,False,-6.250603024452544,0.36337335751105493,1.481877706146833,1.1419814682587721,-0.8404366571519317,0.17303913326856607,16.772306057485714
771,417,-765.9000244140625,,False,False,-0.8307726084893109,-0.6248687278201034,-3.498154324184412,0.8316710326553594,-1.6642377568060556,0.16800629485439997,14.748450417067906
771,418,-767.7999877929688,,True,False,-0.1255201894719885,-1.092576378043854,-0.7974610316270714,1.848484916025059,1.5389363640798377,0.2586966280269656,13.630871518150133
771,419,-757.7999877929688,,False,False,0.18608934443964376,-0.44242553706993415,-2.0982407258561193,1.1434877268818902,0.7468020393420359,0.86769596073655,13.75384803369782
771,420,-765.5,,False,False,-0.7953221529458185,2.1431214038442232,1.74728115039279,1.514573244339946,1.6747479300867867,-0.42331133461051224,15.766759710935842
771,421,-758.2999877929688,,False,False,0.12044208324290184,3.048353394335465,1.349519169203234,1.6005065906839533,0.471255557848298,0.08684047654580863,15.143801048192017
771,422,-769.9000244140625,,False,False,-0.1272790942445717,-1.1159061184459043,-1.1924020567435982,3.592997784715015,-0.4614890479591431,-1.4120101922895354,14.734696266235403
771,423,-756.0,,False,False,3.72409995346673,0.879704330626889,-1.3054395730707347,2.1031593682772427,1.0029273696622967,0.2231622435884816,13.756853375596236
771,424,-771.9000244140625,,True,False,-2.8292137239143793,1.0510181419319626,1.0935710969720622,-0.2849945435247255,1.2871474189038652,1.7287895638830197,17.943548195921448
771,425,-760.2999877929688,,True,False,-0.8891600469190196,1.7566357562654955,-1.7628696126930001,-1.2815752993256384,2.4800045103736106,1.4212227659772143,15.149280208307276
771,426,-765.5999755859375,,True,False,3.378268800751786,0.6376017819166354,-0.15448524369064318,0.5797109833263869,-2.424059075272309,-0.322904115530192,14.42112034719121
771,427,-791.0999755859375,0.7204301075268817,True,False,-2.080573592409886,-0.783887425744197,-0.36026893466707954,-1.109733895298927,-4.747545732366272,1.5538012981146838,15.977187876938707
771,428,-777.9000244140625,,True,False,-2.0158479999293504,-1.1907422011687112,0.46804375046715974,-2.0747780725699747,-0.5979653499877736,2.7508785590595037,17.01085334706836
771,429,-760.9000244140625,,False,False,1.9491219754982696,0.6805414531057622,0.07622234272486277,0.8404992755158387,1.4465135560886915,-1.4754630320931403,14.104248136923111
771,430,-777.0999755859375,,True,False,-0.16874382419338926,-0.897780026645694,0.919572280034115,0.9297806135295068,0.4260990845759534,-0.2199994388433242,15.537694493307916
771,431,-766.2999877929688,,False,False,1.0659757657925395,-0.9102040240067827,1.7565331211042523,-1.1650099323963747,1.1283117779893597,2.5223715535130427,14.529363181209181
771,432,-760.0,,True,False,1.084832425458529,-0.7969342233875933,1.236906816708025,-1.3234237205350554,-0.20773935540287347,1.363384824547839,16.98343085669751
771,433,-781.2999877929688,0.7473118279569892,False,False,-1.1161640996750977,-1.044209670851083,1.1545384945612243,-0.03722225791624956,1.2527907831085279,0.7963779011352258,15.283060338207193
771,434,-772.4000244140625,,False,False,-3.764261331869344,0.8406272521677655,1.9271371225410123,0.9468439904354268,3.2037785198224946,-0.11692136214499575,18.756451050901653
771,435,-765.0,,True,False,-1.0213371130084765,-0.4301914416367554,0.5326973793041727,-4.265418084696554,1.643987261239111,-2.143785548725498,18.025844112197046
771,436,-766.0999755859375,,True,False,-0.1944954154071116,-0.8170712053580736,-2.3011402213124006,-0.5900760530266135,-1.066546217990458,-1.670592530111165,14.647524891093314
771,437,-756.9000244140625,,False,False,0.5747351518225947,0.04867206185731902,0.747999389758176,1.7670914621544263,0.5801328613070327,-2.2095546010905447,15.276707208500587
771,438,-752.7000122070312,,True,False,2.8179055717461314,-2.3955448022851473,0.23947851840621565,-0.30085803559798885,-0.8040629096012049,0.49027712168399273,13.766629293114052
771,439,-773.5999755859375,,False,False,0.1434423007407262,0.029626015420131147,0.2156432692178743,0.5041872761456527,-0.4873423520763968,2.572384082357254,14.891122024304108
771,440,-768.5999755859375,,False,False,0.6147187889755358,-1.5946804760693054,3.723081301716893,0.19220046537385413,-3.581310572447332,-0.7344918316789372,18.013808448168913
771,441,-763.5,,True,False,-3.9606849312140495,0.27210462158172655,0.16140046717219775,0.5443584406076603,-2.3701774387980037,3.1157992179415066,15.813834250150016
771,442,-768.0999755859375,,False,False,0.4425087331811045,-0.6123493777017616,2.2580517216063067,-0.9777984233140975,-0.09047065159390565,2.071555927603882,16.54545133616043
771,443,-764.7999877929688,,False,False,0.8746449873466763,-0.08378802170906893,-2.0289218618234663,-0.5790502392097645,2.617370793934596,0.5644293316603238,14.675037348101249
771,444,-775.0999755859375,,True,False,-1.95924103323754,-1.2264089555041837,1.390312482913648,0.923681458800455,-2.290376875840037,-1.3855774382348909,15.138314555935194
771,445,-788.2000122070312,0.8817204301075269,False,True,1.4402471437912039,1.0467996415823517,1.7035891227472089,2.838278378228864,0.8963169088249385,-0.23406590297375277,13.097651269105492
771,446,-765.0999755859375,,False,False,-0.9227981870238062,3.4386615689202245,3.1725404554573093,-0.49830831943792353,-0.377077312400771,0.08707024340006077,16.033282218244313
771,447,-760.2000122070312,,True,False,-0.4861349293544996,-2.0516500422738897,-2.1111618161982175,-1.8395943386774096,-0.46509761215958456,1.7637060920353813,14.803084476360707
771,448,-764.4000244140625,,False,False,4.586324867570757,1.7775449205372438,0.9025943679329497,0.454799614419701,-3.1245855179835735,1.5692539599326416,14.624816943913288
771,449,-763.9000244140625,,False,False,0.442402862496815,0.35362933367796423,-1.7748472733268708,-0.21860837916490947,-0.7147087592549222,-0.05878408997921188,15.613063998357598
771,450,-759.7999877929688,,True,False,3.2406984262582195,0.16598798462069095,-2.472451681802375,1.8205345236182493,2.250425800526272,1.355939927637038,14.110828246044091
771,451,-760.2999877929688,,False,False,0.22626057933479096,1.5069739932973383,0.38669477630015353,0.36320219039099366,0.8355849241937288,-0.6153969530095383,17.375183797637636
771,452,-766.4000244140625,,False,False,-2.1602752170397808,-1.397948840716361,-1.1044727484461079,-0.15560473028949473,-0.9428809808690576,-2.294640479097516,16.52392785461168
771,453,-777.2999877929688,,True,False,3.5598292538540726,-2.396313612278165,0.22036819071989808,0.5864185156401353,0.16211486729776128,3.0987705724629726,16.881528362748497
771,454,-766.9000244140625,,False,False,1.8798995459135457,-1.1500952289280817,-0.5005199350060952,-2.026438833604666,0.6169838039294494,-0.5378042062485364,15.04609607683629
771,455,-775.0999755859375,,False,False,-3.30928014213637,-0.42715755978542364,-3.7628543250114137,1.5578833211594714,-1.8438177195866559,1.0204382456182444,15.402068188647727
771,456,-759.7999877929688,,True,False,-0.06569960606318183,0.4302084190427395,1.1607797054413178,-1.878564086625581,-0.7775293679244781,1.8191391261415597,15.103152161216366
771,457,-786.7000122070312,0.6397849462365591,False,False,2.3093636542205793,-0.30353580278832787,-1.3588262970165026,-2.1997481501746834,-0.33903070956929016,1.2285017708011556,14.329245905067403
771,458,-760.5,,True,False,-0.30888999597016586,0.4625804361345531,1.0265942542063793,1.9781639466713714,0.3433071619287237,0.18685493585243826,15.425786054172253
771,459,-774.4000244140625,,True,False,2.339862775470298,0.08746308166107913,-0.10728642780700572,-1.2330999108506995,2.4662653386188875,-1.572551319309845,16.532138783171856
771,460,-760.0999755859375,,True,False,-1.1038435373277289,0.7440564782954521,1.479321958948757,2.236903427967255,1.7350718173572368,-0.22230767109510446,15.856726362846207
771,461,-764.5999755859375,,False,False,-0.0015025923112626904,-1.5874615354681312,-0.07178019937865691,-0.9475214653399742,2.3026035348672087,0.5904496013283845,16.33675162248964
771,462,-764.4000244140625,,False,False,-0.14913887907284876,-2.0606976821225484,-1.1318350405133142,1.3857450206086588,-1.6759102956398615,-0.21816168678512032,14.586411723751308
771,463,-752.7999877929688,,False,False,-1.736044183042168,-1.6063605878923024,-0.2562338730071018,-2.4007606436866524,1.0680940166565132,0.19390041748799125,17.21905412441912
771,464,-751.7999877929688,,False,False,-1.3097383423885363,1.2457111828204626,-1.203628959368504,-0.9041185876019365,-3.440112250633924,-1.6889038905983431,16.745405228939276
771,465,-769.5999755859375,,True,False,-2.8066661965397595,-0.29531058102845265,-3.203728781076241,3.0440440324546687,-0.22955307503622777,2.081920316218946,16.287392065148985
771,466,-750.9000244140625,,False,False,0.35364074747665303,-0.4303080829857974,2.889852901152638,-0.2822084654166175,2.5279094600586043,2.662375582089974,17.35594843098918
771,467,-753.7000122070312,,False,False,4.770698030817545,0.6274534183440066,-1.6303320660713996,-2.694972836330555,1.1118365580031477,-1.5595172056912117,13.9041608483057
771,468,-779.5,0.9408602150537636,False,True,2.0524857581386056,1.5937088267092783,-0.28295532734639744,-0.3098365680063604,2.889018540858274,-0.5018657276829791,12.92056214171097
771,469,-757.5999755859375,,False,False,-2.7227757397735153,0.24868507111188426,0.9340445150042243,-0.7210181711179042,-2.1466428559960664,-1.0217952533736838,16.373947467155162
771,470,-763.0,,True,False,-2.3297153936979176,-0.15083051142858625,1.2779781189159232,3.1770847478236734,-0.14634699165355927,0.38271278494380073,15.454879982978074
771,471,-768.0,,False,False,-0.4306841826078111,-2.6895849221944936,1.2904874670017419,2.9647120207413327,2.4425115304071787,0.584217369541292,16.453645496925148
771,472,-762.9000244140625,,False,False,-0.25083242889025875,-0.9612256298568089,-1.9386240378944648,0.1901321503946669,0.9532202705523559,0.679247837325789,14.043592322644285
771,473,-755.7000122070312,,False,False,-1.3818766130085647,1.1989508847303274,-2.2675926124702586,1.1273531274031576,2.6889739899424296,-2.7987496979867914,16.95474665671912
771,474,-773.5999755859375,,False,False,-2.185912975214955,-2.15849522945593,-1.5485070726556207,-4.5691158479111795,0.3184926593780443,2.331223703766545,18.29886831557822
771,475,-751.5999755859375,,True,False,-2.121998490409013,-2.176611090228322,0.9916766950720366,-0.14845551868189646,-1.949425470310233,1.1357271966598024,15.960320253153064
771,476,-766.2000122070312,,False,False,0.5535147197786066,-3.5798999892463543,0.603423479253681,-0.8655767220414873,1.2233373390079954,1.16676343666962,17.537953952976892
771,477,-762.2000122070312,,False,False,0.9107969859300689,4.40311975191329,-2.2679521193824628,-2.4794007275545518,-0.9129078823036573,-2.1168607483889774,16.628824207952576
771,478,-768.7000122070312,,False,False,0.7211990606409592,-1.1250438569090093,-0.8696394582761448,-2.6649373847746864,-0.352932558536747,-0.9297664517898738,15.65947212982564
771,479,-770.4000244140625,,True,False,-0.35167150381897644,2.5471888956100663,0.525315474025601,-2.573589684666717,1.622810113484684,-1.2076995649080644,15.144163932702375
771,480,-768.0,,False,False,0.15807958750823342,-0.10766049919514294,1.24275575178295,0.18666079813201458,1.2196877307859124,1.6215194721760506,16.819347727968417
771,481,-768.5999755859375,,True,False,-0.4640289679711123,-1.6650299376404478,2.3788349423749797,-0.7817893372102341,2.85670300460235,1.5343062537254144,17.393653274116833
771,482,-765.5,,False,False,-2.661869956924802,2.08134212771998,1.1938785113083124,0.07913825059687712,0.6119090481666469,0.3044745022694834,16.054352235981852
771,483,-784.4000244140625,0.6989247311827957,False,False,-1.6011081551777793,-2.9456074074611465,1.504705775033473,1.855439258184171,-1.3110542676914068,-2.722098659535371,17.911734763024537
771,484,-772.7000122070312,,False,False,-2.661268609807975,-1.188742906823199,1.6999259169156131,-3.28658419717127,-0.7148104950542898,2.5181422908855873,16.524765029043703
771,485,-764.2000122070312,,False,False,1.1825832005260644,-2.441270095098655,1.489933646982296,-1.4541814448167545,-1.2451215177576904,0.7721851822271766,15.963870417374281
771,486,-761.5999755859375,,True,False,-1.9172832141654113,-0.094356869582237,-0.8100386715729567,0.7176740686242268,2.7618472681006914,2.1000182023299634,17.864306708782625
771,487,-776.4000244140625,,False,False,-2.4658176573774906,0.9656196457666201,2.063489615632053,0.07801299711992178,3.0719785024628714,-1.0895935731571909,15.998579828490934
771,488,-763.5,,True,False,0.32609635980925034,1.7884640379369336,-2.0367591280408988,-1.177026183085781,2.468125993993407,1.3613990658117112,14.936115740625736
771,489,-764.0999755859375,,True,False,-0.3157713933959526,-1.8015413766637711,-0.3869868021960639,1.9721002365262998,1.9981480397336606,0.13502923650470858,15.150755919176676
771,490,-752.7999877929688,,True,False,-0.6433401627227014,-0.07611206552608552,1.0713701931126525,0.5137007302842481,0.895243477369573,-2.386342650802976,15.70819678789068
771,491,-761.9000244140625,,True,False,0.8098507320996364,4.646811487775447,1.1152039662596924,-3.0236546556184036,1.0781467626540493,0.5821824141270946,17.019490677687095
771,492,-773.4000244140625,,True,False,1.05887528737501,0.5951663857592452,-2.9532746776839547,0.2565778155397017,-0.12135608838177164,0.03657738198303514,13.17760646335932
771,493,-763.7000122070312,,False,False,-2.3039752370309325,-1.2537272959957737,1.1983705951209636,1.5107109778591887,3.1997493721931853,-0.6487590908632058,18.34535186632174
771,494,-761.2999877929688,,True,False,1.1823335882838981,0.12066945708726515,0.25539011702301084,-1.3905585032205927,-0.279836087891637,1.206636394592243,14.560377861448428
771,495,-768.2999877929688,,True,False,1.8533396619278701,0.20606773439424428,-0.6598322313201622,-0.7848562456632768,0.9042421174204142,1.9095922966096206,13.336130813715682
771,496,-770.5999755859375,,True,False,-1.2904649226189897,0.9659088417038832,0.1460391050189127,-1.79916121335774,-0.8217062583443537,0.18628574156733924,16.29735901212859
771,497,-770.0,,False,False,-0.2495308448955226,0.6219465262291378,0.21541999757825261,-1.3701223167357326,1.3642442024974624,2.4614148354432763,14.054133533768319
771,498,-763.2999877929688,,False,False,-0.32869332458163597,1.565448567034713,1.2478073807721528,-0.24062814152465908,-1.1237331556451675,0.833722532820255,15.836512181087452
771,499,-762.0,,False,False,-0.2185097952341545,-0.05996350530030937,-1.9006440353296605,-0.3230117680050943,-1.139830189810302,-0.2653767246059448,12.67907765916398
771,500,-765.2999877929688,,True,False,-2.5946792612786087,-2.108433119563084,3.0069089775132367,0.6205603291939922,-3.2674818319311263,-1.1508641133205069,18.749546911329443
771,501,-756.7000122070312,,False,False,2.5654489517491292,1.2233976221284144,1.3985229675879955,3.6989300089972468,2.082536407488577,0.42343733046383963,13.443390791440208
771,502,-768.7000122070312,,True,False,-3.041374316321151,1.3931826513481222,-2.8800973196430637,0.8631642367985863,2.928858406666139,2.5278666813010426,16.1023093528322
771,503,-760.5999755859375,,True,False,3.1149169669128205,0.8949784238394242,-1.3188270573807668,-1.084822865276673,0.6645395806493155,-2.7474403081070635,15.789229774097027
771,504,-763.0999755859375,,True,False,-0.7213946402328592,0.3253834609068326,0.6568334104660674,0.7263425196089951,0.03085950334416761,-1.114330146751093,14.674483834189497
771,505,-752.0999755859375,,False,False,0.4831660775727594,0.2814983956231976,0.6942066166954769,-0.4873883676868619,3.49308378208946,0.5629620731299277,16.410998097885404
771,506,-745.4000244140625,,True,False,-0.8286058373096223,-1.0203742503638216,-0.7596571529458235,-2.8703297419806164,-0.46251175817205653,-0.9383687168689256,17.54658319409003
771,507,-760.2000122070312,,False,False,0.42679823773338427,-0.22643636904811779,-1.838221345609404,-0.26489259446567376,0.12178825249445024,-0.058071300535961996,17.389273729394297
771,508,-751.5,,False,False,-1.0507706454279835,1.2855137238145742,1.8909395084415168,-3.775192125621225,-0.29695092875104,0.5653808525902043,13.829503351964384
771,509,-768.0999755859375,,False,False,2.5313966610760232,1.2322835788941784,-0.6812485905312158,-1.9050682416927927,0.10387756197119918,1.070727234245983,12.541710774368042
771,510,-752.9000244140625,,False,False,-4.11540260819058,1.2280449666725903,-0.5319191988266364,1.6319267613476036,1.6662959542696711,1.1187733123923176,17.72287042146039
771,511,-771.2000122070312,,True,False,-3.112654311138174,-2.468054168138851,-0.07726579766555053,3.00590101898051,0.6140951487541436,1.7507133301647568,18.43215717710271
771,512,-765.4000244140625,,True,False,0.37109767561342083,1.3263684183610938,0.19685020312516607,2.290878703609644,2.7986141619743963,0.22518952595625558,15.855879809130029
771,513,-774.7999877929688,,True,False,-0.25537747659797794,-3.4828478319762715,-1.0141488812805493,-2.322698578224677,2.8437573736588684,0.8230516101393226,17.37647712854198
771,514,-765.9000244140625,,False,False,-2.7951691277469073,1.986627302665256,-0.23312473937682707,2.0733634686323095,1.4792134902603324,2.365301342672204,15.712916363984768
771,515,-785.7000122070312,0.6612903225806451,True,False,3.307441846549029,3.0419372920527166,0.5946155369664294,-0.5683775759547947,0.31028459418175874,-1.2879249250046474,14.535620398235595
771,516,-750.4000244140625,,False,False,1.4757166379085627,1.0776118416818365,0.3692486998370835,2.7871363462303806,-1.0310013258252948,-0.9056332783885017,14.462814996450735
771,517,-763.5,,True,False,-2.9538754914229166,-0.014361059693831746,3.469880510646346,0.7994872633463772,1.5073648419188101,-0.5768794826933584,17.425420779363805
771,518,-768.7999877929688,,False,False,1.37318151946091,-1.9445526233260155,0.8953626081320177,0.843651522048973,1.9557590285544835,0.64807995527305,14.984052898125318
771,519,-788.7000122070312,0.7096774193548387,True,False,-0.46522729269560525,-3.7857807591717263,2.191078292983801,-1.727813622938505,0.7969233574802315,-2.1588114261676417,17.841293829688638
771,520,-765.5999755859375,,True,False,1.8664107247398143,0.23520845708010799,0.42335872943385633,-0.970326165059085,-3.135828082103491,-1.7370289024523635,14.472085148278282
771,521,-774.2999877929688,,False,False,0.5574720124265439,-2.494862435104825,-0.8232792482630037,2.381595262645916,4.735979279588837,-1.1936066144660546,15.692380793425933
771,522,-763.2000122070312,,True,False,-1.3792036559851204,-0.05938696070997438,-0.6943487205286024,-0.05356216530753564,-1.6924902358547194,2.51418012944425,14.554487606867852
771,523,-762.0999755859375,,False,False,-1.5723749481730522,0.12213189031238704,-1.2277711986447273,0.4830823792820383,-0.281995710528231,3.3878686133207236,16.240028461575246
771,524,-752.9000244140625,,True,False,1.2027484974383222,1.6989897287125175,-0.16833272487784015,-1.0953577125188798,-0.6689189843014645,0.09525247500982972,15.555488613779325
771,525,-767.9000244140625,,False,False,0.07192412721050495,4.515065492428228,0.5924418408791129,1.1787327603900575,0.6896789224631317,1.9180575221623875,13.610401626525812
771,526,-775.4000244140625,,False,False,2.5970599186924193,-1.8739299381210228,-2.125441736163502,3.2030963604623235,-1.5071643265219037,2.4661201595783044,15.572493633776608
771,527,-762.7000122070312,,True,False,-1.6721477756048715,0.20834186242108912,0.2962614437119378,-1.3969257220018234,-2.466646745984726,-0.6646884709439745,15.525362592532309
771,528,-769.0,,True,False,0.21323294160294362,-1.3442742500012064,1.632601442877847,-0.0915572901046087,1.4266664443251593,-1.7978120210300916,15.059820156427884
771,529,-770.2000122070312,,False,False,-0.985388136906782,0.008779109721343619,0.6205123105783,4.228480843007648,-0.2850880511931565,-0.9354035698507847,16.7985858642744
771,530,-743.9000244140625,,True,False,3.4217885237472396,-3.2920310438306495,0.38862217318008424,0.9708319250011922,-2.748867733632333,1.068982662739389,16.778738569398875
771,531,-762.5,,False,False,0.49732898800038655,1.4996765923908317,-2.799859441918202,-1.9891342417257802,-1.0875645913394705,-4.016964402780057,14.888733352720305
771,532,-748.9000244140625,,False,False,1.953921837480188,-0.7854402906808997,2.0269102251920814,0.8079839136824668,0.06917250066224791,3.09803706804623,14.738390531861937
771,533,-764.7000122070312,,True,False,0.2944681719224192,-0.29265986959728113,-0.3215687567405194,0.45728702611719646,-0.6243038209785539,0.46633323481139455,14.803892439687909
771,534,-766.5,,False,False,-1.647094211480504,-0.8519810495222346,-0.7013935505598382,0.1836915960222084,1.273982996714204,0.5199528342594817,15.00202944074594
771,535,-764.2999877929688,,False,False,0.7404200223031246,-3.1717872231846105,-1.3422515767433112,-2.4764106636471297,-0.43861130449457003,-0.12341768310886767,17.603402921049362
771,536,-770.4000244140625,,True,False,-3.54908481718093,-4.336697833457025,1.5374507522748566,-0.11939067074644666,-2.6178411234760435,-0.9943305452881435,19.556213613190547
771,537,-764.2000122070312,,True,False,-1.3809329904469927,0.09276382266738965,-0.2873136409688915,-1.7596033466571568,1.1771153739120772,-0.4779646131038516,15.321386322482436
771,538,-747.0999755859375,,True,False,-1.8363069864298103,-1.882468303530817,-1.1478555946933977,-1.3164696841647852,0.06342388895099284,1.5567218171544683,17.644542167219395
771,539,-765.7000122070312,,True,False,1.2401948725886556,2.481144163018418,2.5306484319634914,1.889622616796211,1.6314882411205558,-1.0435318124556876,14.159936138547868
771,540,-774.7999877929688,,False,False,0.07350652726706519,-1.6356636979735253,2.298423733933048,-2.6842262247219075,-1.7188033002938077,1.9779245174391866,17.803135215199106
771,541,-773.7000122070312,,False,False,0.7989229171252223,0.6688817510585394,0.22184237147680375,-1.030773842772865,1.9347862519636778,-0.8943086628972369,14.188278533745407
771,542,-777.5999755859375,,True,False,1.1940676693567,0.6788099084772977,-0.342039769958221,1.134197485966069,1.4821961382129372,-0.01824131480314179,14.82432780467909
771,543,-745.2000122070312,,True,False,1.3687234988758987,0.9162430519114032,-0.21585602789245695,0.408639477552836,3.7584841865678627,-0.23192103860830213,15.22345916484483
771,544,-766.0,,True,False,-0.25989970471176393,1.0483119305538446,-2.3277159194934374,-0.8826665912259549,1.6972479802822047,3.1818220671250095,14.475558021766659
771,545,-762.7999877929688,,True,False,-0.2723209106634055,1.1569610952699436,3.016851981901651,0.4475896183388096,0.6276876477489495,1.943617875523857,16.094836508754106
771,546,-778.7999877929688,,True,False,0.2519302872331174,1.995712732714742,0.6978034058080438,1.3188186182449588,-1.5550075387796005,2.2556440108695583,15.51679654978325
771,547,-750.7999877929688,,False,False,-3.8904758874739187,0.5434738944651007,-4.982446996084873,-2.8314097353625,-2.368158472214902,-2.5457890683534714,15.972076074846385
771,548,-755.5999755859375,,True,False,-3.6667718994778564,-0.0008923002428503687,1.224700640413482,-0.608358359556644,1.081918937097038,2.0653892842701422,17.8677282982902
771,549,-761.0999755859375,,False,False,0.14410205851845764,2.097182344244618,1.7555178581414912,-1.4763835337351838,-1.4100401233077429,-2.272936932221304,19.03181096983974
771,550,-783.4000244140625,0.7956989247311828,False,True,1.0678396210246144,1.269097092883062,1.2798844899171362,3.125765134571486,-1.4541340727863568,-0.5448529930631416,14.756891063694555
771,551,-761.2000122070312,,True,False,-0.7197238913963024,4.30899186272846,3.0383172974523993,-2.0429285069854095,-2.847877755612228,2.7146601854323844,16.175282316740606
771,552,-774.0,,True,False,-3.80515041150581,-0.6536727530312247,0.007860855311744417,-2.947288042613676,-0.09351028547820846,-0.19368168609608208,18.821780048093668
771,553,-783.9000244140625,0.8494623655913979,False,True,1.798995762198739,-2.839368036520973,-0.0004971271296288477,1.960692325364239,-1.6606348066107435,0.7543650620700383,14.297687993875247
771,554,-766.4000244140625,,False,False,-1.2113194208009286,-2.014689025822149,0.052319382853975714,2.7575878623926955,0.5264923489885666,0.6066650256189552,15.966287305539266
771,555,-773.7000122070312,,True,False,-2.3675983790097037,3.190011997655361,0.8053918973285793,-1.0986086853824206,0.24086493574701656,0.4401375041179378,12.889525771519365
771,556,-770.7000122070312,,False,False,-1.2873447036805916,-2.157636253463034,1.8888862143734146,-0.7869879935050723,-1.8181120417502477,1.6430185626826985,15.643401885812896
771,557,-766.4000244140625,,True,False,0.3976187296423712,-0.907639051083273,-1.264880383481798,1.4589787563039285,-0.07661204996329553,2.2538025639284345,13.086299973978047
771,558,-768.7000122070312,,False,False,-0.7850233871886998,0.28319590561818453,0.8736953444877081,-1.1328506986871356,0.8133840269280517,0.451614225644186,14.698373999999543
771,559,-764.0,,False,False,-0.11783866582695286,-1.3310027497606602,0.8334234279665348,-0.6398858506594907,-1.2966223738013158,-1.7655863047474387,16.183100425762255
771,560,-762.4000244140625,,False,False,-1.2132971434992768,0.8951284723178623,-4.1101274190549715,0.852411334603028,0.4911824683353517,-1.0857322471131234,16.245162531074648
771,561,-759.5999755859375,,False,False,-4.871300299912014,-0.3417317900101824,-1.028273398958588,2.6916528162142996,-0.6793539304095826,-0.9581431139131978,15.52599951454217
771,562,-757.5,,True,False,1.5126658418895145,-0.4877564494470028,-2.379866624721168,-0.5245672331569273,0.6392156913045557,-2.5300886692204045,12.784693056134607
771,563,-757.0,,False,False,0.19855490426124806,0.8982543150376509,2.1704674587943176,0.9174385234838046,-0.09653342390004203,-2.207741319971978,14.36915160209669
771,564,-766.5,,False,False,-2.1296885732056214,-0.2541565616681064,0.6038920381266984,1.2996016774040742,1.727388488504168,1.5784412355993767,16.929647543991386
771,565,-763.5,,True,False,-3.4783320353817935,-0.7502118391631115,-1.628047871094412,0.16596780621007964,-0.8759377293461902,0.12164349490231682,13.69928832047787
771,566,-777.9000244140625,,True,False,-1.0302492820351377,0.44910721210195853,0.16441556890728015,-3.1728078557190513,-0.23984479450363552,0.16465360089179612,16.023852710137028
771,567,-767.7999877929688,,False,False,1.1638546710490514,-1.410636820723719,-2.3179461894779805,-3.079108579171607,2.09854408110266,-0.42960673882895056,16.29000213909812
771,568,-763.5999755859375,,True,False,2.3567300788786603,0.1250468865771438,-1.6899016171596863,0.8125121010682448,-0.8922925375623849,-0.11855578894302998,14.773944078069475
771,569,-768.5,,False,False,1.017678775244884,-0.8382395837120777,0.20168533423163998,1.6478400544015146,0.9922049348475961,-2.37958185516038,17.086729821488955
771,570,-765.4000244140625,,False,False,2.5238635347288163,0.24588006340216279,-2.7871755189173797,-1.1886533540685815,0.5047721600568965,-1.1380746817752192,14.823112151203278
771,571,-767.7000122070312,,False,False,-0.0045576398160883025,1.4319230475610651,0.9428638156472882,0.7911245445640542,1.6854956634646965,-0.446908734081944,14.037179260647058
771,572,-756.0999755859375,,False,False,-1.3876943103648833,0.13899387735203717,0.26489812744024915,1.7509642098284652,-1.2574798944484917,-1.31509180382095,14.891122920408073
771,573,-765.0999755859375,,True,False,-3.494399258404708,-0.0587216338750121,-0.5323227488824925,-0.582034485778768,0.36796660031012174,-1.7289578485142394,16.432400569106147
771,574,-757.7000122070312,,False,False,-0.3349298638325648,-0.422216862322055,0.5739205116294088,-0.7449111963386786,-0.23401951267650162,-0.27315737585787603,17.474763748437514
771,575,-764.2000122070312,,False,False,1.5612788766109915,-0.970307194149976,-1.2973462177051456,0.21502592626650335,-1.1043376199907748,-1.1563271301192286,15.074682966674573
771,576,-758.0,,False,False,-0.6337900194069523,-0.7901010541718541,-1.873628101037766,-2.2558985481987577,0.49076447021254405,1.017913799357725,14.856391197378949
771,577,-767.5999755859375,,True,False,-2.0999794162359007,-0.04855283493653725,-1.5218339965957959,2.984558701935601,-3.197624901786437,1.0924640255089995,14.723354564735434
771,578,-775.9000244140625,,False,False,0.7149562608976388,4.440719134388137,-2.231022455585096,-1.5487410460702988,1.1294174403567414,0.312998819959878,12.019772130944737
771,579,-758.4000244140625,,False,False,-1.678546908025579,-0.849895095547937,-1.2602646875290802,-0.10473566387618322,0.3247196810397016,-0.580769826423903,17.113742136892743
771,580,-759.5,,True,False,-2.2907051374745744,-1.833520944620573,-0.33898588514107103,0.7838300391162139,1.5265836670080983,-1.6860601496830476,18.05388750652784
771,581,-753.7000122070312,,False,False,0.7659556295421658,1.3990929053922772,1.3915982100779876,-2.2503139791321525,-1.6379469950665166,0.9611205984152231,15.93501431521345
771,582,-764.5999755859375,,False,False,2.834192136876423,-3.9227695825521782,-3.6786656360055465,1.46946365729178,0.5989335566998241,-0.5133250206802865,14.950056164070556
771,583,-762.5,,False,False,-1.8810121969158264,-1.115764510341733,1.2734688164210914,2.1980205089307465,2.2229758064621907,1.4593215300835278,16.555132532257627
771,584,-754.2999877929688,,False,False,2.277179797460975,0.6193204236388968,0.9784608201045566,0.29128798435672754,0.5324659870990526,-3.0360705139586606,16.056152206891483
771,585,-768.0999755859375,,False,False,0.9271125134508083,1.329425272524342,-1.2475141517097126,1.1324507104052501,1.7098652078287138,1.032559561302691,13.403311749288102
771,586,-760.5999755859375,,True,False,-0.7329261887564763,1.965495083658444,-1.0958720560984043,2.7905852274086747,-3.0930716561724974,-0.7745743020630317,15.732881328145668
771,587,-770.9000244140625,,True,False,1.1062414862166519,-0.7800915837194172,-0.5278049132590974,-1.7797301829282421,-0.39597115664076316,3.171637533765522,14.486822717948224
771,588,-767.9000244140625,,False,False,-0.1261889585229077,-0.4961292869908229,0.22611063568812376,1.8126308620316067,0.19132016476763172,1.4711166277280732,15.99135504750267
771,589,-748.5999755859375,,False,False,0.45948235331215853,3.638488681359476,-1.3554736115237758,0.5294032456029478,0.5874063407927145,-1.6553144675339861,13.356641396506504
771,590,-772.5999755859375,,True,False,-1.0612278950068497,1.4131434345798402,-1.8754307684741154,2.308773429055059,1.2450376739813767,-1.4829704620019966,13.619742185011646
771,591,-765.7000122070312,,True,False,-0.45463604346536257,-0.07792845783761584,-0.9711792649715443,2.2282305155348014,0.8315152296439994,-0.6578894745436497,15.216544042819523
771,592,-777.5,,False,False,-0.8950919703490522,1.526629071844502,0.08821077596746167,0.9685392867544116,-1.576430329109339,-0.601176724981312,16.418364830698778
771,593,-768.7999877929688,,False,False,-0.11818978567596469,-0.8969808473213544,-0.8070258390241599,-1.5889251542220189,-0.2778049462346094,0.988905660159446,16.058211425630418
771,594,-775.0999755859375,,True,False,-0.5064754131133646,-1.0941120396330841,1.2289806609396872,-0.3185245445145894,2.389865566932496,1.812754457368794,15.17644848825938
771,595,-756.5,,False,False,-0.4443770357791205,-1.2060543925209997,-5.4827568108761175,-0.5688780300270448,-1.385862709961394,-0.8079465367967779,15.461766902978681
771,596,-767.2000122070312,,False,False,1.9694247505802862,-0.403070814821314,1.885359832340178,0.8994794051197584,-1.2932427544931062,-2.175119708796559,15.057082269197616
771,597,-752.2999877929688,,True,False,-1.2103064721231795,2.1799718117862263,-1.030049144333479,-1.8850901138035798,-2.4331347019663787,-1.7765828561504404,16.021430738089524
771,598,-757.5,,True,False,0.19446696221984996,-2.292050430812193,0.339226926028388,-4.8016188058515334,-2.037514868015419,-3.5996027518375344,18.602210007065008
771,599,-756.7000122070312,,False,False,-2.9929542625212937,0.7327372326125002,0.638613019574189,1.1644707952412245,-3.9877176168492587,2.187161584560634,16.891519430673497
771,600,-769.9000244140625,,False,False,3.4539679628671465,-1.7340902064098427,0.2621407478093341,3.4555449410232266,-1.117934853394177,0.9198951420287578,14.548978640982705
771,601,-777.0,,False,False,-2.063857338322993,2.38835322452644,-1.223765512675734,-2.6008432145418996,2.389801772883914,0.997673653305193,15.76067940439693
771,602,-756.2000122070312,,True,False,1.4711831778633961,-1.3982842940600653,-0.8931418654005548,-1.5111887631426173,0.7271179520429543,-1.0121920985679815,16.95613944244985
771,603,-781.2000122070312,0.7311827956989247,True,False,3.4717254646428186,2.387951580535322,4.189547344203497,2.4530246493786274,-1.047909970614252,0.5301114889775829,15.194595458939608
771,604,-768.5,,True,False,1.5760522451796941,4.300137684341848,-2.0405022471200387,2.153515896386563,1.3716075886388293,-0.2759848565222144,12.4991136734797
771,605,-768.2999877929688,,True,False,0.14623430551444142,1.9585915319591882,-1.6352803687372983,-1.3315582678540816,-2.051625717624242,-0.3359691490458208,16.672139528594425
771,606,-764.0999755859375,,False,False,-0.09818330388151053,-0.4377062044199119,-3.4269625333282914,1.1082454598453595,0.9571999240334618,-0.7973319552602559,15.220843924055838
771,607,-771.5,,False,False,0.5129438114141502,1.1932344979070237,2.568188194270198,-1.629340633973375,-0.14703304276912596,1.2006671953449783,16.371346173218882
771,608,-761.0999755859375,,False,False,-0.7426713913705434,0.14513900423738318,-2.1229644974327666,-1.4317879165315053,2.3129013139449817,-0.8951439012585766,14.42550671126734
771,609,-756.2999877929688,,False,False,5.597028865664143,0.2997270635487219,6.071190581107537,-1.507159983755225,2.506533501680769,-0.29375559429491216,17.051973614230313
771,610,-775.5999755859375,,True,False,-1.3069888230133921,3.1187395062681302,-0.8676160942571007,-1.2869956169549956,1.329281460786198,1.7259982142352437,15.315145674456081
771,611,-759.5,,False,False,1.638588979584396,-2.3437812580563184,1.2557899495924558,-0.5843512002496033,-0.590412978293941,-3.4750106253978488,17.099650848898328
771,612,-751.5999755859375,,False,False,-2.6654530805026524,0.028176081694435397,-1.0171312346675447,-1.4763358735892738,0.17022383447918082,0.6742242769980039,15.304069727042267
771,613,-775.0,,True,False,0.17771332754831176,1.8364635472802944,-0.1498274187505187,0.03366326090938096,-0.2847000664700145,-1.7375499049730065,15.77496838462412
771,614,-775.4000244140625,,False,False,1.0104629870579818,0.5959301239747619,-1.3274315068201803,-0.010086521788044455,-1.515538767858078,-0.07386566518889406,15.180993955789749
771,615,-765.5999755859375,,False,False,0.6954347422898506,-1.855581362527577,1.8915982686387458,-0.925582813486486,-2.5993032720537896,1.6428327979687436,16.844313925481472
771,616,-768.7999877929688,,False,False,2.6832588227908905,-1.052440256167602,-0.5510426718594077,0.8692549513969237,-1.8584476170264608,0.8027362594267956,14.251090116998567
771,617,-758.2000122070312,,False,False,-0.8940404524251129,2.373383328057707,3.5344532023235384,1.3577804802435949,-0.14457170367019653,1.7618528841755692,15.434646374033735
771,618,-767.0999755859375,,True,False,-1.8306993183730724,0.38881878154377497,-0.12854532727321552,-2.978097350556203,-0.5999406651004181,-0.12358573933724337,16.207454514131225
771,619,-766.2000122070312,,False,False,1.518767265335269,-1.5244315720183237,1.5928375390289955,1.0003194725136562,-2.398701071633669,0.6325712861420232,17.530250097496985
771,620,-770.2999877929688,,False,False,-3.782415741074294,-0.3408462897779953,0.3393333652760959,-0.03082381021676587,0.4869002220860138,0.7508398875005534,17.149045003690276
771,621,-770.5999755859375,,False,False,-2.1559259873518912,1.393526873284533,-0.49628625697318457,-0.03420182335752695,0.7220278994848659,2.144564163213575,14.734603214801858
771,622,-759.2000122070312,,False,False,-0.5981838826006699,1.4528960095346812,0.9027658327108274,0.7737905551857028,-2.4154241681168,1.3199292507036495,15.990490508736988
771,623,-767.7000122070312,,True,False,-0.9128889680479683,-0.8632176255526759,2.5369948222252523,-0.3536278403267573,2.2313889006239283,1.0341679840236238,17.371419081465838
771,624,-769.4000244140625,,False,False,-1.5972790955960425,-0.012307678466087522,0.2186879801925598,2.0541959698097902,2.1597513382648326,-1.02937762907221,16.622000823059405
771,625,-765.4000244140625,,False,False,2.8350258233114833,-0.30795624718324005,1.4282907008387655,2.33132075881535,-3.394306376415542,-1.0596124949363415,16.795307393056355
771,626,-778.4000244140625,,True,False,0.42811567347275176,0.18102614383580937,-0.5015205178345308,2.7370600863359518,-1.3436643954161942,-0.26396987241261227,15.617739036887057
771,627,-760.5999755859375,,True,False,0.752612595042157,1.4822094105454773,0.06620898775307367,-0.07232507190301983,-0.6447822562988751,-0.4416337401902226,14.41584129850392
771,628,-756.5,,False,False,0.06657512039926258,1.9623242920272868,-1.0020134789904287,1.2356460453099372,-0.9335552183799162,1.4967377338068881,10.767759850263323
771,629,-758.2000122070312,,True,False,2.7560711449321125,-2.346601302335221,-0.353757480023702,0.8936784124269904,-2.143941745845557,-0.1466705487379265,15.003005270667815
771,630,-780.7000122070312,0.6881720430107527,True,False,1.415167342952932,1.2893607426657898,-1.2277282241779712,-1.605758744417416,0.5714690311828641,3.2148447284088824,13.707466951119287
771,631,-772.4000244140625,,True,False,-2.5330416244857927,2.883833027439453,-0.5561478765077077,-0.27363317732888337,-0.9156610233228267,0.41554394893968605,15.469927905573055
771,632,-775.7999877929688,,False,False,1.4140710543923893,0.4662679847789452,3.496959119654595,-2.0563196353552846,1.546524397929394,-1.6531720193328026,18.448729676316358
771,633,-764.2999877929688,,True,False,0.7268719622897098,-0.6479141226650138,0.6969442150705182,3.211503199102691,-3.4480153698996276,-0.8961759421221019,17.4257051693091
771,634,-761.5,,False,False,-0.008866424930188736,-0.8444434917548629,1.2169813342684055,1.0393262785936734,1.5093938127600584,1.1204367582392802,15.88988480360864
771,635,-771.5999755859375,,True,False,-0.37554459528904516,0.5219729736546181,0.5556119412962197,-3.8599744408232657,0.08359185261003076,-0.32670800764074326,14.44945159283573
771,636,-764.2000122070312,,False,False,-2.187099717939491,0.7334891506288945,0.5951172305306014,-0.7141492384338797,1.7999460973957047,-1.2130576966505378,14.812488985197215
771,637,-754.0999755859375,,False,False,0.7026507164756487,0.20840082365866577,1.5575163606213893,-0.652053720070018,1.2097540528365114,2.021173856691694,15.364759366182495
771,638,-760.5999755859375,,False,False,3.693374231484316,1.7770851861057884,-1.2314837148794346,0.24678559711669662,-1.5897406293182899,2.754105316500423,10.809778913040798
771,639,-767.2000122070312,,False,False,-0.6132976552867325,1.2066401978167083,1.2175569991320006,0.9289214982059171,2.6497403848413446,-0.07078172967499155,19.121550207825596
771,640,-754.5,,False,False,1.6214050345354853,-1.4867245327894587,1.118090685904458,-0.010042848240417897,-0.247720826682999,-0.6046371092783301,15.415946340535612
771,641,-765.0,,False,False,-1.6528345561579618,-0.7338353510256703,-0.9213246683169779,-1.610090112717857,-1.2492362918178628,-2.450228620123356,14.746240130917185
771,642,-762.5999755859375,,False,False,-0.43800420499817155,3.6853483612066795,-0.25554732815467185,0.04497078265169186,-2.020180382790156,-0.8968485100878772,15.345136957493443
771,643,-757.9000244140625,,False,False,1.9830808394648132,-0.9268447703871053,0.5835004734464613,-0.48657180162517055,-0.5369620141860991,0.9848971754648516,15.22790171494324
771,644,-776.0,,True,False,-1.6736246592121153,2.0594767068632236,-0.9282061513403699,-1.453904784360395,0.054799160674646415,-2.445815254567372,16.68493136367507
771,645,-758.7000122070312,,False,False,6.2354399286724504,3.661548014169222,4.130480629398381,-0.8532290334117074,-1.914282886137929,0.05878322208773943,15.655015517439622
771,646,-754.9000244140625,,True,False,-1.5177164621761434,-0.5466025368781664,-2.0391205216256907,-1.1378741882128547,2.4536256740837232,0.1098289190968568,15.126708126883875
771,647,-768.0999755859375,,False,False,-0.08070642360309573,-2.304253117379788,-0.8520280020198051,-0.09607566796533192,-5.097779959720543,2.9767150319939177,16.968635221732164
771,648,-767.9000244140625,,False,False,4.959338337908229,-1.0148043276010086,-2.874947334362865,0.6722624147356049,1.655920022168538,-1.9584531413966435,14.235440934038168
771,649,-762.9000244140625,,False,False,0.3919254820027727,-1.6546188794841024,1.5148518611264377,-0.640077056884917,-1.0352519675704843,-0.9996763053181276,17.752804275544065
771,650,-764.2999877929688,,True,False,5.628017695232994,-1.455117822371326,2.2341388614853823,2.610602223955911,-1.6272574132536528,-0.05025549773356066,15.509560624134108
771,651,-778.0999755859375,,False,False,-2.60818993879892,-0.5775412364960264,-0.9425037860006015,-0.8021247551743625,-3.2233527727551734,-0.1352283802902577,17.64119743941803
771,652,-752.5999755859375,,True,False,3.4497007443629837,-0.679088842000127,-1.2073544643420553,1.1682964936854998,0.35071385802794885,1.7832707208529313,13.71372988650777
771,653,-746.7999877929688,,False,False,1.5087729375006742,1.6957684365658907,1.2361133420314543,1.8578356238193918,1.279713635570904,-1.9910402418453375,15.566543854316155
771,654,-767.5,,True,False,2.4269779250932766,2.8369104079492944,0.5786148299195158,1.7108728903756054,1.1581123761585692,2.989216201381556,13.87253349542147
771,655,-768.0999755859375,,False,False,-0.027735756840903954,2.730549760316394,0.30594915655867105,0.9376666132995287,-0.13010070552038616,2.019458754975281,13.306267701856173
771,656,-767.2000122070312,,True,False,-0.03770783791137562,-2.8872798918432765,1.2079462209291612,0.5999295425320692,-0.33772784797929356,0.044582875446460876,16.050013687211273
771,657,-755.4000244140625,,False,False,0.5360825092250944,-1.8302006503283732,1.054405788212406,-0.09968095787760624,0.32959923781125405,-1.5693692332119453,15.907687029087656
771,658,-765.2999877929688,,False,False,1.4664394640765983,1.374649955470628,0.06714202177923531,-0.1790046998736672,1.758624977766973,0.9308049098434088,13.597813835926106
771,659,-772.0999755859375,,False,False,-0.9992725006459379,-0.29468316522281646,0.32410733090131727,0.8382899683288287,0.5399215991958505,0.3045612086805932,14.31478344708075
771,660,-771.4000244140625,,False,False,-1.3806519241634088,-3.6839351027416614,-3.3991362492951764,-0.8317295956493068,-1.8654342773688182,-1.6249035102144274,16.695661552094744
771,661,-770.5,,True,False,3.3748114159485216,3.0994960651453787,0.1958625469752646,-1.6139507480967545,1.7730449854491666,1.3739637929001853,17.22052160640219
771,662,-763.0999755859375,,False,False,0.27997358195102734,0.41478178404922095,-0.6651163125943674,2.122282413183666,-0.6906621943891804,3.577148744098311,14.52290335131472
771,663,-769.7000122070312,,False,False,-0.09297710265604031,-2.767102417266492,1.3138588385772343,-0.5995293054080719,-2.049583003961413,2.424743050579789,16.523638489349704
771,664,-770.7000122070312,,True,False,-0.251578901668316,3.3374935230368905,2.5292681604039515,1.580709525784643,0.9239761852343256,0.2994782165828459,15.969502153540477
771,665,-767.2000122070312,,False,False,-1.1936803845770494,1.5951237248636267,1.6352535780642141,-1.401461636010683,0.9236357398700307,-2.0009837049278985,15.425994608260902
771,666,-758.7999877929688,,True,False,0.8103734170765817,1.1959759812639736,-1.5616810444088203,-0.3712019146950138,0.2375308994338774,-0.44773366873797477,14.564526832057242
771,667,-759.7999877929688,,False,False,2.7315803508085446,-1.5617302835616005,1.4443077542920273,-0.4729585195898374,0.9822393686331123,-0.9113606432931639,15.08338416255501
771,668,-766.9000244140625,,True,False,2.675787928804801,-0.5678383822844318,0.4669740965964554,0.11598720730984378,1.1356601849350536,0.4755724871473372,15.148088317295356
771,669,-785.2000122070312,0.8010752688172043,False,True,0.6814306044566844,-0.4409776962097397,0.10899450507185636,-0.5279908288909951,-0.13498817224943196,-1.1488806751652592,15.700792625173845
771,670,-768.7000122070312,,True,False,-2.0815503973870135,-2.7689560422805726,0.8601595723546611,2.4607607272806113,2.9266573585700253,-1.590661051440066,17.863891343036375
771,671,-767.2000122070312,,False,False,-3.043836007501283,-0.9068007303211115,0.0374716421573059,-1.186698039430394,2.289970865182821,-0.431725814043186,16.863270587787863
771,672,-758.9000244140625,,True,False,2.342148526611506,-3.142862123514367,-2.0036799274706047,3.786297710064889,1.6507335658815991,1.2640982719826435,16.232877709921404
771,673,-774.2000122070312,,True,False,2.0488335637630852,-1.2787763350659853,-0.041742904555714104,-0.9461024578152543,0.9148809975971262,1.8269366267264087,17.976082507206744
771,674,-753.0,,False,False,-4.115287005035214,-2.9720902359420895,-0.6449213083052835,1.614923314974476,-3.574731341653703,-1.05510346897489,17.73220253681327
771,675,-758.7000122070312,,False,False,-2.9188899610631607,-1.2859349333531918,-0.6144399160326085,1.730159264372513,-0.28381739503932896,-2.528347217648505,16.517907455789025
771,676,-772.5999755859375,,True,False,0.6166230473350583,-1.029570594064679,0.06457995838061414,1.7682611570582203,1.081725099369459,-2.091355983379681,15.590064876662218
771,677,-762.7999877929688,,False,False,0.03744777107769741,-2.1239270173111438,-2.3420225539228525,2.599647422835191,1.138042440901315,-1.9652527429615156,15.338722082202867
771,678,-766.7999877929688,,False,False,1.1134669629130183,0.46416683487095856,-1.5495218652524698,0.5998740055936062,-1.0514020514129814,-1.520230391813191,13.099311137764742
771,679,-771.5,,False,False,-1.6202858165475142,-0.8585645928678755,-1.8830841750293128,-0.47016729287299525,-0.15820368272736166,-0.8403766213914139,13.788982305971995
771,680,-789.2999877929688,0.7419354838709677,False,False,-0.638888898643349,1.8974883451449207,3.2241801451295355,-0.7139015734219116,-1.4969268618652314,0.23342194845160194,15.583236036647126
771,681,-765.2999877929688,,False,False,2.592941852659208,0.47972211470064674,1.6210924855190803,2.390688873828917,0.41499912625919094,3.1544806933473746,13.233260240479147
771,682,-762.4000244140625,,False,False,-0.7891524901359137,1.3080037270440208,-2.1731541163877584,2.9243495470836396,-2.7799814920794383,2.680948030248859,14.341683128193369
771,683,-759.2000122070312,,True,False,2.5400835351435243,1.9608454348722433,1.786828238003177,-0.35664077320349247,2.352061955833797,1.340889891281762,16.81021622103472
771,684,-768.7000122070312,,False,False,0.8663484664789809,-2.3477274611434686,-1.1342249883781736,2.3335112364802537,0.6590381927397286,2.244567189387944,15.460913555339461
771,685,-763.0999755859375,,False,False,-2.6419461612948814,1.2815119195291804,-0.9316324824799295,1.1894420295192005,2.387026300737272,-0.6711015395259144,15.433471205849687
771,686,-761.0,,False,False,-0.18151680571959736,-3.0091818143707942,-0.45391347150109124,0.03690977185790486,-0.1065820749333726,0.7993698567637509,14.905082944796401
771,687,-768.0999755859375,,False,False,2.1474400550608226,2.686107905808786,4.078235760431596,0.6022584652582743,-3.431289056517545,-1.5805934403207855,15.36283617736869
771,688,-755.7000122070312,,False,False,0.39800197384532415,-2.65450140032136,0.7821509941782311,0.6927609658983203,0.2029272291912753,-0.44405818694356536,15.719145742028015
771,689,-759.5999755859375,,False,False,-0.038248950461655155,-0.43383987063978124,0.12157387187665315,-0.35860587879697176,-3.071182045654725,1.8971290736469602,16.942094464733163
771,690,-754.2000122070312,,False,False,-4.284791376685901,1.033797381306324,1.6314896481600616,4.4150299513502445,-1.1336279491348484,4.5546157149015105,18.345719271209436
771,691,-762.2999877929688,,True,False,0.9355636824138431,0.9122196603606224,-1.1171798314028443,0.8566058967098943,-0.4559091716830133,-1.1699678612779825,14.361662782795182
771,692,-766.2000122070312,,False,False,1.575221169943518,-3.0367770268748413,1.0537446952569536,-0.6313402120017226,2.0516836285687994,1.9712538427886317,17.408874045154057
771,693,-767.7999877929688,,False,False,0.3899221155257549,-0.2594278503116144,0.6821854838894729,-0.14330692449780263,-0.1721743519169669,1.2349208830586647,14.7472153230016
771,694,-771.4000244140625,,False,False,-2.102758017082947,-0.47935675909865844,2.0615407695414105,-1.214718187995839,-2.1250583214260317,0.5610385669625025,17.458971124608414
771,695,-779.0999755859375,,False,False,-1.965393385067523,-1.8769469941104744,0.14127302278233234,-2.2363921560462283,2.8952478419657295,-0.8380562307578426,17.47760401793663
771,696,-771.2000122070312,,False,False,-0.11355018130436147,1.5388525711166625,-1.138345213263858,1.4112346099616722,1.3685552204636315,-0.17470715410496135,15.121682701526217
771,697,-775.0999755859375,,False,False,-0.5385308763613582,1.5629099962939321,-0.02234066903025161,-1.3993559021840971,-0.9665306407421349,0.678646452951649,13.746223508053014
771,698,-754.5999755859375,,False,False,-1.737116383975169,-1.442390320720106,3.9415882444271793,-0.4003187397389885,0.5067936370907482,0.7418885419107687,19.57804480696105
771,699,-758.4000244140625,,True,False,0.6687574351996068,-2.4047825684329625,0.5233919228825192,3.8835165405903913,0.41766341111147903,-0.46889920645016586,16.293295666996375
771,700,-773.0999755859375,,True,False,-2.2810319899252587,-2.570738541684199,3.574128464379653,-0.9353046395859739,-3.8412503096749937,-0.5103730807717716,18.340878723214278
771,701,-767.5,,True,False,0.4174461896544526,-1.1699565747915956,-1.5934326954426994,0.9592770315760067,0.7039936203931159,0.3706204051166066,13.278891812118538
771,702,-766.4000244140625,,True,False,-1.4733529665843788,-1.370812131947266,-5.1907452743033025,1.9918161070735292,-1.1721376272704764,2.373635597195067,15.786552186915767
771,703,-762.2999877929688,,False,False,0.3407730977787842,-0.9360591325843969,-0.1920378817995964,-1.0819745109971544,2.2946215673079084,-0.3517475883075787,14.975447181385912
771,704,-775.7999877929688,,False,False,-1.0890781711200492,-2.804734716468075,0.9846927554938085,-2.032894935274357,-1.2373080241307621,-1.098339741911851,17.244901638739655
771,705,-763.0999755859375,,False,False,-3.1490340683400655,-2.024014421506874,1.5370267355763634,-1.0191481802068632,2.921485909094316,1.5368541120670787,17.32434493159998
771,706,-769.2000122070312,,False,False,0.5936408723288851,1.41813909522409,1.2819057103972762,-1.3848448168152092,3.105102091601146,-1.3130840570502003,16.181706677797983
771,707,-765.2999877929688,,False,False,-0.07006543299373212,0.04109859830935581,-0.9174382060900689,1.9466384114023163,2.4430527572438647,3.1541224101450687,15.163418970412184
771,708,-753.5999755859375,,True,False,2.3564941825195946,-1.6657400354218925,-0.4932535485257539,3.549907239276334,-2.025876964422641,-0.9469758165938539,15.792562982445945
771,709,-758.0999755859375,,True,False,-0.4061444352230921,-2.3804988876333844,-0.2868387117378594,-0.013852733644982806,-0.04176605067736293,-2.8137345379967647,17.976726889436677
771,710,-757.9000244140625,,True,False,-2.376925504275939,0.92060418945531,0.9049626605932246,0.069339418193202,1.0021985470396682,-0.9064194550925398,17.678937067114752
771,711,-763.2000122070312,,True,False,-4.634681253493603,0.3352407991716908,1.8268977603509544,-0.13024752164344763,-1.681450878737917,2.2201533613574016,18.86994127792605
771,712,-768.2000122070312,,False,False,-3.0452244990127637,1.730799221669297,2.8534218057148437,-1.5965544776283114,-1.7315849869383806,-1.6374643850605641,16.583413876108377
771,713,-774.7000122070312,,False,False,-1.410493672780672,2.5307296050122368,2.351124118842417,1.2732646177644773,0.554190578772263,0.6738621920933644,15.124746692245475
771,714,-751.7000122070312,,False,False,-5.71387870052464,1.542413376581491,-2.0494253910905345,-0.29018482088020126,-0.43987567650452813,2.6776432773491505,16.794427063461164
771,715,-777.0,,False,False,-2.842757200570043,-0.4137536029652641,0.06200831648925192,-1.8833383827209529,2.020882879893407,-2.160612373621696,16.12682330725446
771,716,-765.0999755859375,,True,False,0.6999523852627666,3.616722208206523,1.2082484028949465,-0.4125752726185531,-0.05023482751824015,-3.9628492006006373,14.7085411060003
771,717,-762.7000122070312,,False,False,-0.9999401093938497,-3.6233750979957358,-1.5653257697023168,-0.35759825777604287,1.3344989596190902,-0.6001140062600503,17.147342443065785
771,718,-754.2999877929688,,False,False,0.5914393353650028,1.644848374923092,-0.25685394223144575,-4.757142896006011,0.1770882265584951,1.249723029564881,16.175320758027446
771,719,-754.2999877929688,,False,False,-1.1607815967614097,0.3960263865165109,-0.9241940712099135,-0.3971724842406868,-0.8895573021865647,-0.39340821344107546,15.438593114699955
771,720,-761.2999877929688,,True,False,-1.643771414655422,-2.551141249538603,-0.6881748975215325,-0.04473276723550508,-0.4839666634649209,1.2544595690739888,18.599620527525193
771,721,-775.9000244140625,,False,False,1.9768052047478035,0.4804873481080747,-0.10368227323010092,0.9435360430787129,-1.6422468017877316,-1.3174417824621278,13.627521480114762
771,722,-768.5,,True,False,0.9350824126245191,-0.49058804106053994,-0.36198899402600737,0.24030139799541028,-1.1804382220074627,0.1289642189292093,14.000748934310764
771,723,-771.7000122070312,,True,False,-1.5834756021267666,1.3039680557441635,2.6276223817388087,1.5105661603089469,-0.8217443285205068,-2.896702236570733,18.05630256473411
771,724,-755.2000122070312,,True,False,2.399970342409362,-2.2087044250682157,-0.2045415213163912,-0.5534985216013094,-0.3977248103675628,-1.5039699692473436,15.671597089143088
771,725,-780.0999755859375,0.6989247311827957,False,False,-0.7311245111157086,0.1273871893973695,-4.966336352456962,-1.6485433093396746,0.23904675362757963,0.8289204094894803,14.161773293347496
771,726,-765.4000244140625,,True,False,1.7924869137728467,0.9159007674582993,1.8214788552721721,2.0749598498249266,-0.8455815457165419,0.6540415155054509,15.202027201370276
771,727,-762.2999877929688,,False,False,0.667127364601182,-2.962233015344291,-0.8731359332256653,-1.1253817985334669,1.6421000471028557,2.651937670712754,15.52939757000537
771,728,-754.4000244140625,,True,False,-0.12614260100578548,-0.3003898755143026,-2.1652436554132297,1.7953263384826001,-0.6975366573323821,0.6307151418740733,13.790716078404872
771,729,-761.0999755859375,,True,False,-0.3784091044838649,-2.485102709129426,-1.085926757500093,0.5163605759498228,-1.9333714939924913,-0.030872594498586002,16.849511167856924
771,730,-757.9000244140625,,True,False,-3.24251226311116,-0.271595126755207,-2.8023665888332916,-1.1312647755034964,-2.7343023997958142,-2.69380727176984,17.465899294427267
771,731,-755.2000122070312,,True,False,-1.080564228613483,0.9235797947899829,-0.6057204691779874,-1.8806026278102494,-0.1218660489390713,2.2195595005482485,15.816516539430904
771,732,-766.5999755859375,,False,False,1.374632149824674,1.994194767197448,0.41448598348485405,2.2352685816114293,-1.1872848641126732,-2.537968430339289,15.26686920978486
771,733,-755.9000244140625,,False,False,1.6177821915141415,2.1813766208033387,-0.405896353191795,-0.020313945247326444,0.29689042119897824,-0.8539102037717909,15.10160494706748
771,734,-765.0999755859375,,True,False,-3.002826425435394,-1.037717096511226,2.706292707983825,-0.47011078513992033,0.4333026725785174,1.2445503800377975,17.777208427481625
771,735,-775.2999877929688,,True,False,-2.2645642184037507,0.9623310664612524,-1.011738550553965,-2.2056656251110267,-1.8361381539758723,-0.35645459566821985,15.979720761768649
771,736,-761.0999755859375,,True,False,2.8113349588753302,-2.6226000928448605,-5.261986097837025,-0.03417164815191824,1.0610254891118676,1.5004469163353988,13.124469882912065
771,737,-761.9000244140625,,False,False,-1.7972818711013117,-1.8848623782108591,0.03289556760863857,-0.800624796423868,-2.054849404735705,2.4651542721743267,14.476240789231534
771,738,-755.4000244140625,,False,False,3.803446633158369,0.1198303667423889,0.32021218856528044,-1.7351636322824533,-0.8919285741921301,0.28074274698980933,14.61868533247763
771,739,-762.0,,False,False,-0.4643471154212119,0.01089753262969767,-2.6614219063437496,-1.2419635909451914,-3.5807768832595466,-0.5601938341317766,15.370929364658657
771,740,-765.2999877929688,,False,False,1.7747570800098698,1.506273933692711,2.4970687676694086,-0.712924606021011,0.7152874392666336,0.5923474808309755,14.41477160789177
771,741,-760.5999755859375,,True,False,-0.0037988379284041745,-1.2531939292863268,0.6069071118306025,-0.3982167913296637,-0.410933156741519,2.112635353464771,17.365856650329352
771,742,-762.0,,True,False,1.6921675230331419,-2.7618640753450885,-1.1853250182201809,1.3106486098229106,-1.819582895054505,-3.6130893771573453,16.295366993300117
771,743,-767.4000244140625,,False,False,-2.1964935708920916,1.5653469981167079,0.0824496572002065,-5.397205889397635,0.5283943391065702,-2.3957438278499836,17.137598750611744
771,744,-774.0,,True,False,1.065597781099267,-0.05555936140533506,0.9299665608748048,1.1569460843079764,1.374481246138991,-0.03658363363004897,14.61272299329969
771,745,-764.9000244140625,,True,False,-0.30223691551388016,-2.8281518124722114,1.6920980781928814,-2.6817984242775528,2.512254272497868,0.573599319665826,17.534284913828973
771,746,-761.0,,False,False,1.7687848559426769,-2.1366180574536355,-1.1030070248039814,-0.4248082141791147,0.7697847379591672,-0.32162341665317906,13.410270348068911
771,747,-770.7999877929688,,True,False,1.0980182547977875,2.07117315615429,-0.06681782406001002,-0.7295758635221732,-1.335285011274842,1.8451673891554916,12.55002162918985
771,748,-750.4000244140625,,True,False,-1.5511319093795999,-0.9696205280108121,0.9915710433688537,-3.1379191076515265,3.5094496031228957,1.3786424798894237,17.572139505345284
771,749,-769.9000244140625,,True,False,1.4932937682355065,0.13608822051788041,1.6219587240629718,0.7367126499384853,0.008268060025533203,-0.63729142039703,15.531494127402551
771,750,-763.4000244140625,,False,False,-0.9124645544916424,-2.604980359072574,1.46406193166234,1.5658549160087818,0.7216828121416332,0.182101190902307,17.183000880921217
771,751,-768.7000122070312,,True,False,-1.5723130788484965,-3.463519103435078,1.06488078016526,-0.975564123130977,0.4245560440291133,-1.1055093014499087,15.701925800975937
771,752,-763.7999877929688,,True,False,1.587170177435806,-0.26213444463988433,-0.06347929887366849,0.8098777697834049,-0.656360217628655,0.7609311548552509,13.241975004445349
771,753,-760.2000122070312,,True,False,-0.7292169902263926,-1.7676093421790604,-0.4115484857284367,0.564147318509684,0.6189014744711993,1.6434129345099122,16.452582600670087
771,754,-765.7000122070312,,True,False,0.931351291308066,-1.5440649441076257,0.05312098972063473,-0.441622630751708,2.4150533258042985,-0.557010262603234,14.36968003823234
771,755,-774.7000122070312,,True,False,1.3318168988895696,-3.6555295854197376,2.2270782612706177,-0.4182474329572484,-2.233475101365056,3.2758285302902097,15.806851026905033
771,756,-766.9000244140625,,False,False,3.351410987339563,-3.561193421420895,1.439203886994978,0.37723165440293627,2.237795212854425,-1.441284143840963,14.609583218116832
771,757,-786.2999877929688,0.8225806451612904,True,True,0.070055073481365,0.6588337311414949,0.1434949140831046,2.9737302467511904,0.3390510827574,2.633776610885991,14.39875312462845
771,758,-765.2000122070312,,False,False,-1.2652459225204908,2.1023980597935483,0.7673157156344639,-1.0176689064425573,1.3335205905079686,-0.24858454032690322,16.39821099459524
771,759,-781.2999877929688,0.6290322580645161,False,False,-1.3790224569931653,1.0754587264542501,-1.4204532327465234,0.8075352034666855,0.8757968097580623,-0.8095059807001913,13.982885477575696
771,760,-763.2999877929688,,True,False,0.3710128295963327,-0.571443639080071,-0.8836697491502922,0.6132577235849586,-2.616525096702529,-2.233216792522593,15.768969873896932
771,761,-776.0999755859375,,False,False,-0.4799435048519892,1.46777409764528,1.1797576597345978,-0.7834085127029851,0.22628820301932664,0.17761244525461692,16.523423353299087
771,762,-759.0999755859375,,True,False,2.2634079556488644,-0.7451272323073155,-2.773949173654457,0.012621453674930866,-4.120599208080554,0.4230164714383071,14.806079015147068
771,763,-749.7000122070312,,True,False,-3.6050244081734446,-1.7184618717743616,-3.0470563671855273,1.0516578773896599,-0.01532580009434877,-0.591572181198449,15.6790897347749
771,764,-778.7999877929688,,False,False,-1.6526844868794237,-1.9684486636570637,1.748560191027327,-1.1902964817889763,1.1947655233679877,2.019757502908768,16.982061152525958
771,765,-768.4000244140625,,False,False,-1.4731996826188778,-1.6394375451978447,0.18566344599302118,1.5479960568535327,-2.7874223365024884,-0.18507206408918386,16.81192111340195
771,766,-762.7000122070312,,False,False,-1.6471329886946608,-2.160579597233408,0.6551343304136164,2.14415097758663,0.5924084106007952,4.807516687581185,18.294813332296414
771,767,-750.7999877929688,,False,False,-3.21911014755572,-0.5526068044905467,0.7669741115447717,-2.012395322325432,-1.2438902425805594,0.27713345325806066,17.765322041683415
771,768,-781.5999755859375,0.7956989247311828,True,True,1.4263915091535686,2.364335120763631,1.7410991592700988,2.2136778080856714,0.8505577676778487,-0.7201244359495579,15.691733075029834
771,769,-758.2000122070312,,False,False,-0.06755575381754308,0.8260126353951162,0.758805391719138,-1.0960634319506226,0.8944144672550446,0.5348674315687045,13.8532970576831
771,770,-760.7000122070312,,False,False,1.937515804983078,3.7733851405152,-1.731429380420797,1.281230920102381,0.6011867623801562,-3.423827816788207,10.906149264790727
771,771,-766.0,,False,False,1.845098450818493,0.7292267019603866,0.9177442586466689,-0.6177615374469214,0.2072345991294264,0.33892138013508216,15.89000687593616
771,772,-767.5999755859375,,True,False,1.2640947235353157,-0.8039692001244635,0.5931226724793767,2.295140715061733,-1.6079719610877203,0.24009423795193502,15.4035835301378
771,773,-754.0,,True,False,0.5165296517456653,-3.3850828280567145,-2.2583978338346125,-0.9840713420071322,3.192068488688726,2.338390968834954,17.0671115163817
771,774,-770.4000244140625,,False,False,0.9685321721000133,1.1320485289204127,-1.223451793390124,-0.27888489030529207,-2.0060308507523477,-0.48864810101738343,12.8555162981378
771,775,-748.0,,False,False,-1.8529994532430587,-1.1345106616259446,-0.5340359737090887,-1.431445307127487,2.763691347360421,-1.228542267820551,16.764815477601594
771,776,-766.7000122070312,,False,False,-3.146564794990556,-0.20349601543264928,-0.793619873612285,-1.874640283861295,-1.482949594658495,1.2043083403186312,16.780104057954862
771,777,-762.7999877929688,,False,False,0.31952548944117926,0.8166334439209272,0.9359383999500623,1.5512729701338528,2.915619736436161,1.3050497405173056,15.841888780994452
771,778,-777.7999877929688,,True,False,-2.312173255701099,-1.7549727194810436,0.7501685294091676,-3.1725336494628817,-2.3683551307899267,1.709361164391549,18.237504954548086
771,779,-786.5999755859375,0.6989247311827957,False,False,-1.9114251222139707,0.12147776417431956,-1.8092496291291449,1.3947958532743703,-3.389379028466737,-1.4973352925236425,16.0556482249777
771,780,-759.7000122070312,,False,False,0.047623166733706306,0.9005360525353089,-0.8052165356373485,1.9902924602916559,-1.9414896379886981,0.13143870620865544,14.21976729744737
771,781,-756.0999755859375,,True,False,-4.093752673709413,1.0263114037365721,3.0091217326424555,-0.46946862804052664,1.1516643071014085,4.22812416266477,19.29875794139646
771,782,-755.2000122070312,,True,False,2.73913022327115,4.82626220884885,-0.7431380301819107,-0.5344731287877255,2.08440462290723,-2.3128497333045988,12.557360302754686
771,783,-783.2000122070312,0.7473118279569892,True,False,-2.433939346500605,-3.9596560678147017,1.336830329841978,-2.778894985441767,0.939782518763096,0.0746577950443796,18.187336474500473
771,784,-765.5999755859375,,False,False,-3.4532860091935613,-0.5280159909869374,-1.6435007385438278,0.8041281617962786,-1.4328842489099718,-1.8561002751046636,16.12956016963896
771,785,-760.7999877929688,,False,False,-1.4966794663336396,0.816336942675404,1.0397714637150135,-0.8681786227189336,-2.4868193060993304,-0.40519365651258304,15.259907510904728
771,786,-762.5999755859375,,False,False,-1.145604089328369,3.883993635520897,2.793507276327397,0.3245073211146242,-0.27394065663788103,-0.8213983954405576,15.92941137092168
771,787,-763.5999755859375,,False,False,-2.8617971913492335,1.4589373562473658,1.0234022440543438,-0.07312769848598184,1.046430967990004,2.8499584245116636,16.361408271251296
771,788,-772.2000122070312,,False,False,-1.6968466597531913,2.9548320311764176,2.4232996675530973,-1.3657694516567833,-2.9385320210548316,-0.7309633015233165,14.438038079895179
771,789,-769.9000244140625,,False,False,1.7557008586010239,0.35481231442693795,-2.133794453099749,-1.6281711480187657,1.1038618917411653,-0.034239260592203384,15.180209044783364
771,790,-754.0999755859375,,False,False,0.539061261032212,3.4781437445736123,2.0705760144972825,2.09477426677968,2.409092483920254,4.21256358284649,15.20569813160275
771,791,-756.7999877929688,,True,False,0.20823830531460916,-1.3622411629408002,-1.4354647134208283,3.5579952449509626,1.997181907316661,-1.291202949616793,15.311734985964101
771,792,-762.2999877929688,,True,False,2.3810007542812275,1.3549369834599356,0.748744782234153,-1.477789517531434,-2.545933662343538,-1.454723354406132,15.478767421428655
771,793,-758.5,,False,False,0.5132265092138472,0.41989497312792,-0.11775187939196201,4.45178114737921,-0.87515058221148,2.8707416891341504,17.52165982827815
771,794,-770.7999877929688,,True,False,-1.4031587472467215,-1.3131610379596867,2.1501585417216393,1.1910368038969041,-1.2640667688317098,1.3313882271690323,16.781180478382893
771,795,-767.5,,False,False,-1.6405475862486072,0.5647783885889588,0.09849542909617791,0.4616528136581555,1.090654096912479,3.2998528158659126,15.09987983283714
771,796,-764.5,,False,False,-2.0237773526529277,2.714715442546115,2.3001941638365486,0.07275912167329711,2.0348230319287013,-1.322106119741135,15.59672631861853
771,797,-751.7000122070312,,True,False,-0.7826740269292585,-1.0040155678760623,0.419170723338948,-4.352466423809829,0.9598033662754136,-0.008017838324173774,16.470026986660947
771,798,-765.7000122070312,,False,False,-0.3415541970948469,2.057009946272552,1.6852089914957913,-0.11744246059093644,-0.5086480647795526,0.363261734352937,15.825572814180777
771,799,-762.5,,False,False,-1.9842798411438274,-0.953446998325284,-1.4722757339711534,0.4031839915340125,2.497808168897883,0.6799494434551869,16.675262728565773
771,800,-764.7999877929688,,False,False,1.1242682773633341,0.7670606603504232,-0.8107167174100655,-1.2004018498560738,0.6919513407144416,-0.014983729155866663,13.869837401687015
771,801,-755.2000122070312,,False,False,0.5657839587789528,3.2482339057795553,-0.3044871314494646,0.3119136400414696,-1.0670456424121706,-2.642780415185136,12.331946806554143
771,802,-763.5,,True,False,1.5900414216364742,0.3668463266755177,-0.45600409319842755,0.9064592207770323,-0.8062697081875142,2.7633583125838217,13.047644205792231
771,803,-765.2999877929688,,False,False,-2.943646101519638,3.6529545802816012,-0.9656648605709989,1.4588069207701313,-0.0907165939591612,-0.2975228381552824,13.139738124033627
771,804,-756.2999877929688,,False,False,-0.6051319417268387,0.7381924790267017,-3.855452071831443,-0.4900095284009028,-0.5821219486395925,1.1401245257484292,15.000033869429162
771,805,-772.7999877929688,,False,False,0.2095544923784426,-0.34331775762390193,1.9583696902676013,-1.056439210830587,-1.2721570552627672,2.214999736339434,17.987176344086762
771,806,-774.2999877929688,,False,False,1.6225704709160202,0.4240472678652984,-1.4309881655708283,2.8662340228041017,-1.1111815040441486,2.140512146412281,13.636308594329373
771,807,-773.7999877929688,,False,False,-1.8100909703374706,2.4797004181246853,1.298580169878771,0.7440936307963991,-0.1633973729851839,-1.0250579913342697,14.719640797185814
771,808,-757.2999877929688,,False,False,0.7269463321444358,-2.1188296185214326,1.094050779352169,2.9959228027651936,0.35966861200492456,1.524686978383566,18.24935624917167
771,809,-775.4000244140625,,False,False,0.25265694000838046,0.229636133922083,-0.872654013905807,-1.0241603179032588,-1.9741731805286997,2.1293555044142347,14.066028163449861
771,810,-763.5,,False,False,0.8136207784797551,2.7931422238625756,2.7165561145196997,-2.3091805044889644,-0.8425507383416401,-1.2667056660040772,14.660698768879564
771,811,-764.7999877929688,,False,False,1.7029137942319361,2.5425678155830824,-0.8512601544758642,3.5128274743746695,0.9935558145611548,0.8430089198465683,12.33758216694744
771,812,-754.2000122070312,,False,False,2.1895387967723177,-1.3450222792684925,0.3976990389178831,3.961322240359757,-1.5409359336480468,1.228602953748049,16.260370904671834
771,813,-765.0999755859375,,True,False,1.60764971907423,1.1567804136702984,-2.7009829291465968,0.5020634546055531,-2.119396996294502,-1.3552303064195677,14.534420091645496
771,814,-772.7999877929688,,False,False,-0.6403702544352065,0.6593967051718481,-0.40089063713188305,0.43925005999415123,0.022293476288740788,-1.6580337807850092,15.542233894855585
771,815,-762.0,,True,False,-0.7326804265198936,-0.3814446567515449,-1.491614353625028,-1.351657559673543,-0.11419712739133643,0.3184243193648614,15.314771334939753
771,816,-751.4000244140625,,False,False,-0.36223342127370706,-1.7340597066388463,0.956523170805589,0.9238716975619438,3.257183352958924,0.7356660903270148,14.829521789206662
771,817,-760.9000244140625,,True,False,-1.5196291794082948,-2.4698234121398195,0.7747688558892015,0.3379934944338286,1.829395966925129,-2.8378349977231547,17.54818169881655
771,818,-762.7999877929688,,False,False,1.8051068880242467,-1.4345828600906645,1.718753893666593,2.5524731444793516,0.9689109040759484,1.9998395461797989,14.764870702384439
771,819,-762.2000122070312,,False,False,0.6468432033014803,-2.361028038083724,0.2731481987922809,-2.243640301739355,-1.1387455481005322,2.3278006319608813,16.734677921125378
771,820,-767.7000122070312,,False,False,1.6105168301892057,0.8866297110149671,0.11075155316815234,2.862230884059047,0.991488213971709,0.9110366813493496,14.251189058842762
771,821,-735.2999877929688,,False,False,0.7375981804098733,-1.5845499426232255,-2.3531502895602117,1.8057090508401674,3.2703890695007525,0.5803277786405917,15.831640358397216
771,822,-747.5999755859375,,False,False,-3.8338233938453348,0.603076375780577,0.8703165775802127,-1.0124604594131068,2.1669658187210112,-2.049898338218818,18.019284901648184
771,823,-780.4000244140625,0.6182795698924731,True,False,-0.15601511103748097,1.4194863359096677,0.7634709000766108,1.3557539161477392,1.5232115930337367,-1.124688971889527,15.031008319729757
771,824,-762.2999877929688,,True,False,-0.48495676423994166,1.9027478238936033,-0.39318702912138276,-1.5394594123070862,1.729040088647761,0.8979900884199347,15.58683973436651
771,825,-755.7000122070312,,False,False,0.38913392342685654,0.7997874413508539,4.567771108951129,0.513355218530275,-1.0073825736671027,-3.362200260451627,17.51220899821344
771,826,-780.5999755859375,0.7473118279569892,False,False,-0.05736180252810084,2.5508738446770614,-0.19694300152194144,-0.8073941699680189,1.3341946916408345,0.8823687075249332,14.026345316505001
771,827,-781.9000244140625,0.7096774193548387,True,False,-2.10052397094831,0.058124071453759106,0.5206212794036087,-1.1706400055185062,0.23177454046542043,2.0303298458940784,13.995147458679096
771,828,-769.0,,False,False,2.0256710118017356,0.4542062862733023,-0.8221523149075468,-4.692061167068772,-1.964932889993064,-0.6222657383712444,12.97306821567683
771,829,-778.0,,True,False,0.5042214493979746,-0.3313980589240819,-2.261757645631056,0.6990134076404093,-0.3953322456459788,0.42581898923268063,14.315414544387467
771,830,-755.2000122070312,,False,False,1.286405270476128,-0.1294732471601566,-2.1645394728510774,1.3684360073007602,-0.1111130801829839,-0.8347792452926199,14.432780486755135
771,831,-754.2999877929688,,False,False,2.1064044559931423,0.44799850971038824,-1.7317474447521464,-0.5777225519655436,0.20510226009219623,-2.00449275571129,17.230579791499384
771,832,-771.0,,True,False,1.2722531479902488,-3.212770453855143,0.3885419929336523,-1.7540613673087213,-1.0797475743107743,1.3029891671311085,16.823598961591927
771,833,-750.0,,False,False,-2.27979659464835,-0.826429582645656,1.9421381255373036,-1.7222130689871056,0.41130146186698463,1.64286358055692,15.812201883690124
771,834,-752.9000244140625,,True,False,-3.3178779031235424,-0.42269925804929054,-1.3468106470003043,3.2561793710608,4.5297759844569265,-1.2058951078122417,18.754250746893
771,835,-767.2000122070312,,False,False,4.307971583609129,-0.4716826165585484,-1.2217740810815412,-0.8070488624370687,-0.26149580208795004,2.0180555813074124,13.265694149084869
771,836,-754.2000122070312,,False,False,-1.1874689769373643,0.20938342414784786,-2.6441452725207033,-2.131210307951733,0.6948687195325872,0.3218421919604882,16.857475874271376
771,837,-759.2000122070312,,False,False,-0.6543755576652855,-0.06345138253525959,0.6003137132179148,1.8211033322812535,-1.921893921346797,-2.057852201283402,13.821460613176464
771,838,-758.2000122070312,,False,False,3.1729721946068765,-0.6840420305971714,3.672399816697898,-3.7842384182260083,-0.8518719688131463,2.1568973471110837,17.891704817736684
771,839,-751.5,,False,False,-0.8981041515245884,1.253464570491138,-0.281444495073574,-0.5998477797718169,-1.3234361844127387,1.7296585168944882,14.205008196307206
771,840,-775.4000244140625,,True,False,-0.8493040830479841,0.7082590815953707,-0.24458931943303908,-0.6243330171797431,-1.2334464135932752,0.42403943223248547,16.358981601909754
771,841,-774.7000122070312,,True,False,1.7048239608274054,2.5954391548363223,1.448203349259168,-2.7256889982534105,3.9894349335552794,1.1339764941111605,18.087292351423507
771,842,-775.0999755859375,,False,False,0.9286053985604319,-1.4615687667803754,2.7932976707471133,0.8880448407834118,1.7803664764996001,2.554323002571014,16.86473497976384
771,843,-761.2000122070312,,True,False,-0.5364708391047993,2.604159074915382,2.8925075912164457,-1.1702877499203155,0.998696549389469,0.003365407038269698,16.50909795126033
771,844,-777.5,,False,False,-2.4310180968923847,-0.31455909648719477,-2.746845112976588,0.125661729236488,-1.7338413661631662,-1.885920246514586,14.367316258047518
771,845,-766.7999877929688,,True,False,-0.4025548482096234,1.7693495082704296,0.6951769867118023,0.5516669335618725,1.3767726101079123,-1.1457336035359917,16.25477917514149
771,846,-763.5,,False,False,0.8609507595514824,0.12195385163313004,0.8979884019763927,-0.1077698264257247,2.0452691610860185,-1.2069319969681396,14.916824920491925
771,847,-753.9000244140625,,True,False,-4.244981039314683,-1.6076554215941217,2.2633321905014676,0.6577746587042985,-1.148357405658314,1.0758510216318025,18.157783102844192
771,848,-766.5,,True,False,-0.30750539441500174,-3.6160511949046743,-1.079224204872958,0.09714551020140151,1.6229709542763577,0.6831005972863106,16.495486384393814
771,849,-756.7999877929688,,True,False,2.220279031322467,-1.2455377024153258,1.0306372039121117,0.5238976416750317,0.7989536365554735,1.838203427933696,15.480461738770558
771,850,-751.7999877929688,,False,False,0.42619360700095893,1.2269589616508698,-2.8512165850976348,0.43451524863626445,-0.9912639923786415,-2.6655173781188934,14.214881974904875
771,851,-769.0,,True,False,1.9726565463437127,-0.9644874498825534,-1.1824492515280174,1.2830982658592662,1.2877074540213624,1.0017701647317352,15.075188634540032
771,852,-770.2000122070312,,True,False,1.5089700771367385,-2.1693488753709707,-0.5905297911288354,1.2024859850143776,-2.441670438519536,-1.4264244260732513,15.234348466661887
771,853,-764.7000122070312,,False,False,3.399659195130503,-0.4445167990207123,0.12021120037949479,-1.5885341059523728,0.9330477023813672,0.4098078606854761,13.563085027404892
771,854,-770.5,,False,False,1.761450228798012,0.9806655881611136,0.4058712382798068,0.8301630233464251,-1.125160664180049,-0.5996791954352795,15.559401113869436
771,855,-747.7999877929688,,True,False,-1.6597370068107493,1.265725684133547,2.1709010881999733,0.133112380840069,-0.4290465894260406,-4.925882028037407,17.530606402636483
771,856,-757.7000122070312,,True,False,2.014602096688363,-0.43615884381025055,1.2801180283415707,-1.2274747318889805,-2.53817095802797,0.2955780888457924,16.149331944987583
771,857,-757.5999755859375,,True,False,-2.371156407048443,-0.823101775944164,-1.2048763069771269,-2.698277998955975,0.29003166659639473,1.2521937833387407,16.12460645432033
771,858,-745.7999877929688,,False,False,-1.1648698571195326,2.9211567006650516,-0.3051751899548153,2.95093952427388,0.8670122577170886,-1.529820065635867,14.457833995354779
771,859,-784.4000244140625,0.8494623655913979,True,True,-1.8238056920080248,1.0785836934975395,2.156920447401657,1.532729949125144,-2.9167491802361667,0.6207342990177666,15.158418479317717
771,860,-758.0,,True,False,-3.8259829946704813,0.7212100243508438,-0.9178461425528217,-0.06462788733879841,-2.2772356722623224,-2.3817028085232828,17.03635436275237
771,861,-770.0999755859375,,True,False,-0.16375071571092942,-3.177068476746156,0.08552563478001421,-1.1769445001773287,-1.6604307205638198,0.006387157075528015,17.660488491364504
771,862,-753.4000244140625,,False,False,0.03513475757117875,1.143041537723946,-3.54238395337285,-0.7413897321648488,-0.787555246133688,-0.16185673091292857,16.10717668800881
771,863,-755.0,,True,False,-1.3165455206740186,2.3650703489613347,0.8737630041773254,0.0037676561915571355,-0.3038147740136158,0.24051615375370777,14.206296884568648
771,864,-766.2000122070312,,False,False,1.6875784351347594,-1.311765966736826,-2.0946950522373977,-4.404775449485968,-0.7794492781849228,-0.3986232408208168,14.222872254676819
771,865,-783.0,0.5698924731182796,False,False,-2.5484342895359724,0.333084899913488,-2.8231248447990485,-2.7768850902527826,3.564801499873258,0.09180540784937889,15.041800666777858
771,866,-758.4000244140625,,True,False,-0.4087115520407129,-0.8194897189378717,-0.6723809960554857,0.22694924293892033,0.6192734699500574,0.8151584602067432,16.00261452551031
771,867,-767.0,,False,False,-1.8065423070188706,0.5015022378966923,3.440711022191465,1.7219157934067795,-0.02346035148792988,0.3022948295920383,18.098160040905633
771,868,-760.2000122070312,,False,False,2.3212896468853104,0.8142043488610898,-2.190508650343553,-1.8437077652545164,-0.9453079204835045,-0.3754343830388856,13.747377356542914
771,869,-751.2000122070312,,False,False,0.031063975657827723,-3.658331029976697,-4.59909716281107,-2.645096589926822,1.7091898958208018,1.6608232896732564,15.40180167871949
771,870,-760.9000244140625,,True,False,-5.717813195947631,-1.1709013035851836,2.1110896333007627,3.1055687589131313,-3.888292271927346,0.27089268895849805,20.48250133922287
771,871,-756.7999877929688,,False,False,-1.9079113609561427,1.568261991606627,2.5493503397313706,-1.853638953356181,1.7718506135236907,0.9422691050570439,15.977731630654914
771,872,-765.4000244140625,,True,False,-1.8256565205121653,0.35938030323245923,3.2466591046691735,-1.8887907523841694,2.132925121625474,-0.676026632657307,17.431324196337798
771,873,-770.2999877929688,,False,False,4.669724267830933,-1.4655774321163473,-3.9694136216602094,-1.5152430519621702,3.0889287690593865,0.758652738550821,16.37787764069481
771,874,-766.9000244140625,,False,False,-3.5639602759346563,1.2080175000739886,4.03032738710712,1.0850423381821865,0.11573721195194372,0.1765586866631869,16.55139260650967
771,875,-772.5999755859375,,False,False,0.37686442040958507,0.5963641428836101,2.8412466537892245,0.8821023487037386,-0.5181142033732518,0.7849239421776087,16.333746821770283
771,876,-768.4000244140625,,False,False,2.6440844274275275,-0.3091932302449873,-0.5372955764921297,1.134509133653598,0.10157908141662071,-2.9854167343141356,12.217595083183921
771,877,-762.0999755859375,,True,False,-3.694119226266077,-1.8177696834103012,1.1786373501136813,0.6921325913522722,4.173930809133824,1.0418133203328983,18.11141576320877
771,878,-762.0,,False,False,1.9489444597575192,-1.9961407865518794,-0.14318942315784688,-0.5097426524882401,-2.8587823147181424,-0.3049661326703994,14.721143928642581
771,879,-768.4000244140625,,False,False,1.1983304440443652,-1.3082420352206965,1.3116223527452577,1.5497291212832494,-2.262385220010665,1.3879152943074422,17.240323370352172
771,880,-757.0999755859375,,False,False,-0.5281793865055149,2.0485373904485185,0.733002346059714,-2.483415388688311,-1.2133131783917583,1.7370680628490467,13.989651217976602
771,881,-771.5,,False,False,0.1744825065716341,-0.8010713657283227,-0.393954483039243,0.7681284784630328,1.431934721732007,-2.504945009049529,14.867979483908588
771,882,-773.5,,False,False,-2.1393146046498743,2.1685985602278257,0.1952030020483589,-0.5787374603031834,2.330290930307075,-0.6375539060216214,13.894369528801338
771,883,-767.7000122070312,,True,False,-3.5802990582497722,-2.8622634812187564,-0.5717758632211051,-2.215501735508545,4.170085484156946,-1.419866179170167,18.771745535959514
771,884,-771.0,,True,False,0.47619167521437583,0.23080465970547864,-0.11238284082725222,-0.583481735264091,-0.08200704223649702,-0.9043769648336603,14.586926282749827
771,885,-783.5,0.7150537634408602,True,False,2.3657291256537416,3.2910531914248304,2.1183125926837585,2.0491268799150126,-2.124050953693933,-2.0892118443890313,15.714821274204223
771,886,-770.0,,True,False,-0.2754306067231429,-3.017481822151298,-0.6417420719914925,-2.1068031306993285,-2.3704526017355585,-1.0421599443762883,16.58113208461119
771,887,-773.5,,False,False,0.5657063464077693,1.9562362552334565,3.8047520287181125,-0.30637892050778737,-2.7407638957501628,-1.06422109008814,16.053497655338603
771,888,-782.7999877929688,0.7473118279569892,True,False,-0.05585114149046611,0.7574742960718057,0.4378238893118372,-1.7111544142057629,1.3799418569416326,1.515160273579991,14.982311458428978
771,889,-768.5999755859375,,True,False,-0.922838148599978,1.3755468842224834,0.009347247155252092,-0.8092004735653971,0.608434216200019,1.8290192746178477,14.871459605848875
771,890,-768.9000244140625,,True,False,2.037052511510662,0.6131206652132059,-1.446747681806222,-0.26462227915436876,-0.9158401883967038,-0.3866341295587367,13.841173418153932
771,891,-754.9000244140625,,False,False,2.4806225719817214,2.43128780342425,-0.4152723683949666,-0.7066413964720998,-1.1005041296394178,0.5329462120480734,12.50057512310111
771,892,-753.5999755859375,,False,False,-2.1761970814231524,-1.2273817869546455,0.6410257601359954,-0.905061366096479,-2.2436960139860247,0.45201550781137007,17.569937677588683
771,893,-754.4000244140625,,False,False,-3.849321530203374,-2.7915524741805,0.7076653727820141,-1.5221872713376075,2.1757367612350444,-4.527114203814159,17.994077685497828
771,894,-775.0999755859375,,False,False,1.2728274430145414,2.042184784513349,-1.7508300977757685,-1.3430555004442355,-1.0547906925597998,-0.09736716786192719,11.540049004234888
771,895,-770.7999877929688,,False,False,-0.284738449136411,-0.36993760049011754,0.3081490685702871,-0.04095685819776901,-1.095666379292716,-0.5582385409366365,15.023505888149396
771,896,-762.9000244140625,,False,False,1.8107199714148148,-0.792038951971516,0.687581150038958,1.415565136583159,2.2585658047256176,0.7222822693382105,13.668673279618178
771,897,-781.0999755859375,0.7311827956989247,False,False,0.39373255458503525,0.7314224555555601,2.2133237530656955,0.04257487317028841,2.376613812341929,-0.06306495646274138,16.222523004665298
771,898,-774.2000122070312,,False,False,1.98525102989551,1.0355468075969796,-1.3987799544094384,1.041706672066902,-0.563173132809234,1.343971579259067,14.993966294383291
771,899,-766.4000244140625,,True,False,0.20141210230983086,1.7258865758458992,1.636423582423262,-0.2710092428242342,0.31616129453746633,0.3642712955781831,13.016591651469884
771,900,-772.7999877929688,,True,False,-0.19573792539296211,1.250584236917995,0.33812649365652586,-1.9016908160628638,0.7238258090083761,-4.4974332924229214,17.196553016904723
771,901,-771.0,,False,False,1.7433257443294317,2.1740104246930416,2.9828669322881103,-0.07643115060682389,-1.7312292352087264,-3.071453118961533,15.475049582510254
771,902,-770.5,,False,False,1.1729884422448005,-1.5942906683510922,-0.4582613069210062,-0.26659850647994215,-0.9857087818327896,1.8197827955625414,15.291282138742162
771,903,-763.2000122070312,,True,False,1.4580571065035814,-1.492277957041976,0.44919589000578714,1.0121787956331436,1.4637077225293629,2.018773246074931,16.78370807156728
771,904,-765.5,,False,False,0.8846333472253313,1.1591716927630396,-1.0817028204288128,-0.8049279878022996,3.2671666919496665,-1.5068036858438179,12.418419501681303
771,905,-768.2000122070312,,False,False,-2.679521273200077,1.3408591437904138,1.0497019491376853,-0.38483330724897036,-2.475216656682802,-0.6394791754069592,15.764882936249114
771,906,-770.2000122070312,,True,False,2.023865368316646,0.7645937631324086,0.006537042674522337,0.434390387953024,0.35288341925655575,-0.07600240019533458,14.71806288719887
771,907,-771.0,,False,False,0.46930890893240074,-1.6457221575647283,-2.4856280212254402,-1.5340716556793885,2.2133521150600792,-1.2526433454733032,16.97801998770629
771,908,-774.5999755859375,,False,False,-1.3328597042056334,-0.1851546920674417,-6.211511266200112,-2.0056125575341848,0.684303753412916,1.2848579867217211,13.709659500635766
771,909,-758.7000122070312,,False,False,0.914600715331142,-3.2976037597783914,-0.869466625441625,0.9585775518385234,1.193557678962766,-0.13692624302639572,16.981996424680844
771,910,-764.0999755859375,,False,False,4.050191428180586,-0.0312769756616171,-1.4709883344950343,1.1788761467317515,3.042760139677672,-1.1823292701358892,15.064741159633396
771,911,-762.0,,False,False,0.0486837684145155,-1.0627858773540309,0.8331377936129966,2.0439850558413015,-1.1341529095707428,-1.0055220996639591,17.29475644849807
771,912,-767.0,,True,False,-1.91751657180403,0.5681530002770894,0.8035977073019149,0.13797948744331953,-0.707191022762234,-1.8811598352950474,15.887659148718512
771,913,-766.0,,False,False,0.6387535792793092,-2.7905770764466453,0.8272932939749197,2.4431081189288166,0.4060070174926327,-1.5009546828834126,16.96866583830148
771,914,-769.7000122070312,,False,False,1.0134543737554966,-0.5954088797118371,-5.171222457933667,-0.9528953715134597,1.1107585426593343,0.3721776264035395,12.951774851494793
771,915,-760.9000244140625,,False,False,1.7510070899880787,-1.303369365766014,0.19897546580501108,-2.7716240192410044,0.4382220337741427,-0.4263130712666513,14.489507423819
771,916,-763.0,,True,False,-3.532336576452473,-1.8859198014371652,-2.93997703667162,-2.912571066441659,-0.15975147902620948,-1.6352652122514673,18.146878929337348
771,917,-748.0999755859375,,False,False,0.2872363993233672,-2.013729231996364,5.132859543104857,1.2474748322473923,0.03571282120145406,1.1710680007938619,17.595711557589826
771,918,-779.2000122070312,,False,False,1.9260700077305426,-1.0192926241477758,0.02422633605537908,-1.9838305204731959,1.6461373464156213,-0.9127818555328457,15.418822462372948
771,919,-767.5999755859375,,False,False,-1.4984842858925207,1.080601314452242,-3.0519259032065316,-1.3583740118972611,1.8189452681058504,2.7331607951847015,16.61876949675113
771,920,-782.2999877929688,0.6129032258064516,False,False,-0.11920067614495025,2.1159126269569772,-0.5473242028825172,-0.5196433593486496,-2.349466520981686,0.1678986115932696,14.139604412422385
771,921,-766.9000244140625,,False,False,2.7056130806503007,0.48532293782560176,2.217296498846564,3.1876990202782176,-0.8342794013364192,0.6997940294617778,15.175966692356251
771,922,-763.9000244140625,,True,False,-2.3693518952597548,-4.219584221070924,1.3209481873732782,0.8304182068624052,-0.5659298272035341,1.7847830628470185,18.86746181792034
771,923,-780.9000244140625,0.7150537634408602,True,False,1.4894589838202696,2.9927101768714413,-1.6761951620898492,-2.4317527674882315,-0.6181371569965326,-0.28149478004840656,14.317226015749542
771,924,-767.9000244140625,,False,False,-0.9874449545476138,-2.485383616880111,-1.2929246610336567,2.8662205373146428,1.3808901452792939,0.847562131742941,17.754132375805113
771,925,-775.5,,False,False,-2.5413329153135655,0.25887187526057226,-1.6907530303250795,1.3017220166065768,-2.6938549058073993,-0.4571966038684822,16.458449587252176
771,926,-766.4000244140625,,True,False,-3.964983008199433,-0.3553597589574831,0.8362096653214358,-1.109786288255113,-1.1881106177702543,-1.49420997860407,17.60428857242335
771,927,-748.7999877929688,,False,False,0.05080862236569575,-0.8823258751363909,-0.6974068658314647,4.495091261721394,2.41534406200783,1.5153429407516963,15.403143809235745
771,928,-770.0,,True,False,3.375658658048569,1.7901920701690779,1.4405655628366132,-1.9031479679926395,0.038972578124495345,2.069636604593721,13.38784074722993
771,929,-761.5999755859375,,False,False,2.4797836325173725,0.8682567984533912,-3.5148988318638192,-1.3266502242049831,-2.847389954679404,0.011236738211138094,15.247777984012119
771,930,-758.5,,False,False,1.2045170202804287,-2.72395464418802,2.364547652443738,-0.03093675995428244,0.9849224022441864,0.43259971753563187,16.811759770561032
771,931,-773.0,,False,False,-1.245916678844484,0.4038709231754537,-0.0529908759308345,2.2063726622961557,-2.860543325931274,-0.04445230383495939,15.75205546975743
771,932,-767.2999877929688,,False,False,-1.1695947771370752,2.286175800922,-1.2886216508251798,-1.330368805488487,4.059072202457792,-2.588518073951785,15.250033150173689
771,933,-763.4000244140625,,False,False,3.390652107684701,-3.4713118141197343,-1.018358398929156,0.8183167568338626,3.5320111297416186,-2.9746546112149868,18.244365261179208
771,934,-765.5,,True,False,2.806562170460078,-0.19877973010257532,0.5288956506761908,-3.8903348323048177,0.9956769225056434,0.14201178578623472,15.46631365546039
771,935,-767.4000244140625,,False,False,1.4646212719545706,0.20740796249389978,2.111298945141616,0.2390987954242581,-1.4578098205990375,0.07705433588632704,14.207108814706952
771,936,-760.7000122070312,,True,False,-2.078330277204706,-1.0398618490586735,2.162117970423102,0.7399304246148437,-0.703524195274704,-0.42610368061476145,15.304022628842123
771,937,-769.2999877929688,,True,False,-4.226019769244261,-2.6971412313848075,-2.1069505078372246,2.4288335112780883,2.2906803752946194,-3.9095925549271158,19.17488745483789
771,938,-760.7000122070312,,True,False,-0.9194659685890016,2.3624866495406467,1.878036616695389,1.6342841429602186,-0.7583709323959611,3.3443609907647063,16.538746580293466
771,939,-776.2000122070312,,False,False,1.7322877391073106,1.4563446083471179,-1.7355952329744546,0.6025046599503294,-2.577254893457782,-1.609016075905116,11.138369537947074
771,940,-776.5999755859375,,False,False,-3.104427229768888,0.4501887660097461,-1.2563586549613501,0.9668559390849389,1.4764875275215605,0.3765279366776322,15.952556477360105
771,941,-756.7999877929688,,True,False,0.8476550717856413,-2.7465762567343384,-0.8042002749228891,1.610682309430657,2.3809765088716803,4.543660903783897,17.257253722733207
771,942,-761.2999877929688,,False,False,-0.9194979505113082,-2.356217910304018,2.274159047873949,-4.471633981809607,-1.1844472268036366,-0.34910028912728636,16.975067734526263
771,943,-761.4000244140625,,True,False,-1.520450797615979,-0.17679500921258212,-3.138796298922016,-0.5411024796953801,-0.12333124436787982,-0.5402565611855537,14.122974903784327
771,944,-768.0,,False,False,0.5958871385388365,-0.2867653953482596,-0.11899203921697281,-0.7916478031230222,-0.6049420019151491,-0.8004385257109401,15.584044964163212
771,945,-765.5,,False,False,0.9665279129198745,-3.1515680681749387,-0.8444259055252633,-0.5359251629324576,0.5382205553131099,3.5240463030552007,16.25582557532207
771,946,-759.0,,False,False,-2.5914760825920014,-1.3322600036525025,0.06791480555540733,0.957427726273956,-0.6406914930497533,-0.9313283614759787,16.946444502261745
771,947,-752.5,,False,False,-0.07170968874756979,-2.327774541842414,4.228390954667494,1.0536293721563696,-1.2511503103673574,-1.7928512030068304,18.803220998363027
771,948,-766.5999755859375,,False,False,1.5203616067943275,1.7707995916173105,-1.610508589616755,-0.07830739545862057,-1.1627095291486857,-3.2965383862205337,13.658422543427353
771,949,-750.0999755859375,,False,False,0.6775058294356028,3.7823053462491423,-3.8257707540485595,2.7348192637374016,2.8669863801208866,0.0389957119094106,14.934476253669544
771,950,-778.5,,False,False,3.2531315776460525,-0.479434892389897,-0.9074083869499873,-2.2047049618123733,3.2437668308471603,2.0524897001603346,15.28700135727222
771,951,-771.2999877929688,,False,False,-2.345031443538343,-0.29937629327060056,2.0552136980131053,0.9257509551343275,1.9134379461123672,-3.5978319496765407,15.959401169075056
771,952,-753.5,,False,False,-1.1309157320057242,-0.5748051706523635,0.7738125763041647,3.349624133273705,3.1846936955017466,1.8832999971367117,15.248018524103834
771,953,-762.2000122070312,,False,False,-0.14761142750528863,-0.9537285427326144,0.27275459212553477,0.17049888370972488,1.734228574826606,0.16829633023029547,17.501449438146988
771,954,-759.5,,False,False,1.6055456721004588,0.9611106171195452,-1.2917563402431216,-1.1221896120855341,-0.6956866138525569,1.6597813250391606,13.793366983098522
771,955,-763.0999755859375,,True,False,2.9103147168024357,0.326903798335048,-0.00668479240460796,-1.336732441595291,-0.6110611244658515,-1.4360734444596361,16.185232298688774
771,956,-772.5,,True,False,-0.03144648743100609,0.06971117740302608,1.8157977857926497,-0.8120335022756213,-1.2874712534858572,0.13401319630740838,16.58999603549091
771,957,-781.0,0.8333333333333334,True,True,-1.6981340564388803,-1.41729419322417,-1.114841795158417,-0.14440335597362314,0.3443396833829663,0.5589546390663306,16.650838750282585
771,958,-759.4000244140625,,False,False,0.46952551047288793,2.3544282499696343,0.14963807329416923,-1.1990079525191975,0.5573411799942184,2.2466522398341615,15.159249413069752
771,959,-776.9000244140625,,True,False,1.0485091006662797,-0.42652790829680176,0.06856975066510253,-1.5329625098391957,0.6318906212940105,0.9508055810386611,14.492708642916098
771,960,-757.0999755859375,,False,False,1.1159528413333044,-3.3176576439469545,2.466065659350423,1.9323599166916485,-1.303200198899542,-0.9703165290111389,18.522665775974225
771,961,-756.9000244140625,,True,False,-0.39987431376408855,-0.6174517810908796,3.8171735819213466,-0.6855594824995704,1.5577463777639153,1.8306931757256109,17.989620627784664
771,962,-770.2000122070312,,False,False,0.24866245667684597,-2.3886715720755527,1.7157768252915735,2.4549088373661516,-1.0528603355193376,-1.3744243706674955,17.60821081907905
771,963,-770.2999877929688,,False,False,-1.300470030201343,2.687672804085982,-1.2609764039954494,2.8036461772145396,1.086814659766344,2.3767947996180436,15.40806647663978
771,964,-749.9000244140625,,True,False,1.8408082881028216,-1.7274958526977104,1.3187364458674775,-2.0353413644791836,1.545609106145865,0.9465819264985581,15.601612411163753
771,965,-753.4000244140625,,True,False,1.9553326253711376,-3.6286397995638993,-1.5294685629935851,-0.4957180488343813,0.8296671411585906,-1.3578219367409556,14.320538180494642
771,966,-771.2000122070312,,False,False,-1.7185973435958244,2.9129234964801323,-0.8812006112785826,4.060752352545641,-1.583989059947145,-0.8351730156018464,16.474902721267487
771,967,-746.7000122070312,,False,False,1.0966259685522028,0.24619154767361523,-0.5697004886657174,2.476232715072079,-0.4324581756107498,2.500361847693676,14.52342550957749
771,968,-769.0,,True,False,-3.3254529794424164,-2.3543621694509844,1.7504809501499656,0.32703322191398365,-1.546059448276188,1.2632258076401424,17.918778365162684
771,969,-766.0999755859375,,True,False,0.25899664581813214,-0.8074683056703101,-0.23255800238485183,-0.379999666471803,-2.937910586824705,1.8243813754534173,17.024037446556775
771,970,-759.9000244140625,,True,False,2.4130359297640904,-1.053678925097876,-0.7469331254605208,1.628899830393818,1.3495540411869986,-2.5795167261829217,15.066629500636255
771,971,-769.5999755859375,,False,False,-0.9864944591571305,1.5226619835632695,1.1740564874760018,-0.11826823333079522,-2.5394524178222406,1.1920933086541514,13.286581919985883
771,972,-781.2000122070312,0.6827956989247311,False,False,-0.7619617997341,-0.7414547031756815,2.0738763272747995,0.7595958677246311,2.50532205788448,-1.2288772262879357,15.535861545327174
771,973,-767.0999755859375,,False,False,-0.2079911609908704,-2.5676531869031973,-0.3917921918147994,1.740944257636901,2.2831058147765955,-0.5129738989383288,16.999095974378562
771,974,-765.5,,True,False,-1.237028386973342,0.5371736879377951,-1.006840607590831,-1.6092420642858378,-1.3527188012758504,-0.2661168924531827,12.83304224376013
771,975,-781.7999877929688,0.8655913978494624,True,True,-1.38795376625069,0.5479752188279807,2.223333329867565,-1.7363586933488218,-0.4364946788816496,-0.25220388046483594,14.407825714523204
771,976,-758.7000122070312,,False,False,-0.23203237725452402,0.5720910270463622,2.378300351453515,-2.5934613461136253,-1.7818716652991966,0.4071666754607169,16.328628649022296
771,977,-783.5999755859375,0.7258064516129032,False,False,-1.2589596792909468,-1.1450061436306398,-0.06693913707612047,-1.1665185656097048,2.0452528502166962,1.9796124698247328,15.930711026504326
771,978,-769.7000122070312,,False,False,2.465090221500133,-3.9141206495814553,0.4502328646809819,-3.1116859183114802,-3.50121770756643,2.525680484991645,16.616381669228407
771,979,-767.2000122070312,,True,False,2.553803077062895,2.0487999782350235,0.5955058968638337,-0.21802371438146398,-1.9554182303580574,-0.30292916154222554,13.390512990090189
771,980,-765.0,,True,False,0.558203041365094,-1.5146951739983505,-1.0965580485033455,0.04125092207587937,-1.299190922079537,0.17193482544897412,15.887919065680382
771,981,-763.2000122070312,,False,False,-0.25690278790299503,-2.7623532484943984,0.9457500942074131,0.37739831492322046,0.679528028049048,1.456268175165474,16.331864701659743
771,982,-757.2999877929688,,False,False,-0.19711986041890986,3.3059000077027303,-1.4147719315228369,-1.0509051047337452,0.8043654003366243,2.014176806114754,15.646376945378096
771,983,-764.2000122070312,,True,False,-0.8372958927874354,3.97114250089336,-2.5207221610009034,-1.02165031899622,-1.7912649196596029,0.8738886206803078,13.415216698567049
771,984,-753.2000122070312,,True,False,-0.4219991139118576,1.7468880135141724,-1.6123015567044336,-1.267456184524239,0.73488874451508,0.5414747075034672,13.683406264198117
771,985,-757.7000122070312,,True,False,1.0389367414828286,0.25682831619711105,0.1718856635294026,1.886575383585897,-0.2650169234738702,0.556236230628718,15.911757867980834
771,986,-759.5999755859375,,True,False,0.32948740147075967,-1.2017996169888283,0.14246989448803865,-0.2069884212579287,2.5198093987777335,-1.4201891746320674,16.917827667322616
771,987,-758.5,,False,False,0.7132528770416277,-1.2051548824022473,0.2165591545196995,1.4847478033061976,1.6489749494819643,2.194242841881981,17.479875287850447
771,988,-778.5999755859375,,False,False,-2.0671984875230827,-0.004798244342741692,-0.818239488117799,-0.30951709277323397,1.4408152770126472,-0.2828650033035628,15.262793949400436
771,989,-762.5,,False,False,-2.7769030117757563,2.7092500326960964,-0.867790311696188,-0.23454720643839821,-1.8853876604830766,0.27087721767002537,13.46954131737559
771,990,-777.2999877929688,,False,False,0.22815339002882737,0.49835663721986184,-3.0404537326052656,2.453529537642816,-3.0266396851669657,2.1479092356069,16.337276885964833
771,991,-767.4000244140625,,True,False,-0.23779392770529892,-3.8594040702726504,1.661967402818349,-2.510704273034231,-0.2267660019397756,-0.5281227719483782,18.163611734661163
771,992,-773.4000244140625,,False,False,-1.9291639494906085,3.2320506261455777,-1.9151226516456836,2.0298247611418327,1.6669430242810988,0.25725246486654746,15.819403386630349
771,993,-775.5,,False,False,-1.2876002038832581,-2.834082679202757,0.9694828260665773,-0.405018182234954,0.44437777837455383,-0.629501308106697,16.27679711355338
771,994,-759.7000122070312,,False,False,1.0077516656959067,-0.6830492893484551,-0.5435705365995234,2.7505504365950584,-0.0922418370588409,2.5357888734848517,14.935612551234167
771,995,-743.0999755859375,,False,False,0.5079078455929212,0.5188113723173127,-1.7784979744622387,2.43692293087014,1.9144661119868123,1.3601368482472715,13.07657637833994
771,996,-761.7999877929688,,False,False,1.1382042431473474,-0.12913963252384633,-0.7315185923557873,-0.11045395548239376,1.0535363319475475,1.0043108514167352,13.955748165264694
771,997,-765.2999877929688,,True,False,-3.6150170394533765,0.8538018877576814,-0.31274271308826634,2.1311879134034024,0.30827093133256717,0.45051768989472124,15.491624438425225
771,998,-759.5999755859375,,False,False,2.992676787943762,-1.8582179795205533,4.562124638088726,0.2875292469881119,-1.0388634766216014,0.4432639462331027,16.812248426831065
771,999,-759.5,,True,False,1.6483548379250752,-2.006785153066166,-1.972333728387441,0.07790674403741436,1.2901330088168264,1.8520667827653046,14.736730796946429
771,1000,-763.2000122070312,,True,False,5.823930727056209,1.6867959196914017,-2.2786303597270607,-0.35410953279608987,-2.40412496681847,-0.33465350162604474,13.672138390156075
771,1001,-756.2999877929688,,False,False,2.724475726148046,0.21567908327309412,-1.1621938017915596,1.3179906523644547,-0.3020294072891524,-1.1991559465041806,15.045073746428512
771,1002,-773.9000244140625,,True,False,3.221931819149163,1.29968454355942,0.16736605463115029,0.7900641494485955,2.2174573538098374,2.7276682580841753,14.920742644527268
771,1003,-765.5999755859375,,True,False,-1.0537670919601525,-1.3960633592637655,2.0718647398183334,0.49082145392997917,-0.3069273614296859,-2.6143925557266607,17.45405883051501
771,1004,-788.4000244140625,0.7849462365591398,True,False,-0.9511607302866112,2.231388811488796,2.2179899295306473,0.30914583038729965,0.39763278433776633,2.842643579005659,15.019821761504513
771,1005,-759.5999755859375,,False,False,-0.8296420072702112,2.5844100403829935,-1.340897599232092,-1.6156303308357236,-0.9048924981144969,-2.013869357097159,13.586639993554263
771,1006,-751.7999877929688,,True,False,-1.656963268967716,3.0484676750548108,2.2165557893594023,0.08907711964337765,2.343956463698012,0.20864652340545026,16.938262789634184
771,1007,-758.9000244140625,,True,False,3.752627193570857,-1.908818569437817,0.15289008471621648,4.600554859296882,-0.9986372222913675,1.6926692753468138,16.25535314025025
771,1008,-772.5,,True,False,-1.3376519327138605,-0.791075267881522,-1.4023603985631174,-2.673608983604735,0.8691310431233694,-2.946608351282241,17.694889940676575
771,1009,-774.2000122070312,,True,False,-1.1510830260791398,0.058639133111444794,0.3179176688728307,-0.30479501719382623,-2.7973421928232036,-3.4661801934063576,15.527056986035413
771,1010,-755.2000122070312,,False,False,0.2578474035029488,0.3996156666906724,1.5439291479461155,-0.6640602474181846,0.23971594279401215,1.8084596031582267,14.142704377244792
771,1011,-763.4000244140625,,False,False,-3.689648667993103,-3.309318655857259,0.17423162593635597,0.8660647084140413,-1.7656060627935275,-0.006111205964435788,17.112635376658243
771,1012,-751.0,,False,False,-2.429109591289727,-3.3924210596480555,1.4988123340561648,0.6710530572340234,0.33698662534549756,-1.101432633791211,17.096224128062758
771,1013,-771.0999755859375,,False,False,-0.6828778163951743,0.9105620049509527,0.06390383076881108,-2.8003401273105037,3.286065231977722,-0.22307830540675183,15.593920918583207
771,1014,-767.7999877929688,,True,False,-0.5376550044440958,0.3771455750633032,-0.4760093519406504,-1.1322514112148574,-0.904304644429636,0.6932947572639396,14.972389549359736
771,1015,-763.2999877929688,,True,False,-1.0335333312254198,-0.7191634400620298,4.5699675057239,-0.37576630109859377,0.8060586055608725,1.0909428815459294,15.77125229927698
771,1016,-758.2999877929688,,False,False,-1.9886904873617828,-2.7867376216275592,0.672239860482202,0.33729746459984833,-1.095802796832858,-0.8992569732356201,16.272620445980703
771,1017,-761.5999755859375,,False,False,-2.4277896093208775,-2.051095379944733,0.10516157996033515,0.4735000018665229,-0.7064269193178795,-0.9293788356091282,15.714646797601755
771,1018,-774.2999877929688,,False,False,2.9714010445577816,2.1110822006755767,-1.6493746967009701,3.0525404310486812,1.0172390077017373,-0.41034675817577804,13.491219483038947
771,1019,-762.4000244140625,,False,False,0.7951805087040289,1.4806503755312468,2.262808822187289,1.4629651764568956,2.2205116358767656,-0.5351798982464053,14.613123879694784
771,1020,-751.2999877929688,,False,False,1.5487415863948233,1.6006363087546767,-1.1900903524319537,1.5171647917413005,-1.3078081237473107,0.4386441364121522,13.50284266604044
771,1021,-753.2000122070312,,True,False,-2.1538517999301585,-0.8140702798447961,-1.9512851473600779,-0.5639074259999559,-2.683602869625777,2.420427134385933,16.699953532634765
771,1022,-749.9000244140625,,False,False,-0.8737996248944296,-1.4868188740960264,-0.8452209632679623,3.611798507416726,3.618525822350941,-1.8481400891108373,18.92943292643684
771,1023,-756.4000244140625,,False,False,2.7881099153587385,-2.2544507370171223,-0.5192740573221585,-2.600526477935896,-0.06520174675856716,-4.152943123046907,15.218099032677017
771,1024,-763.5,,True,False,-2.589516391914906,-0.6033778928262855,1.0724669308355925,-2.223298908722959,3.5583403027139875,-0.31342850921840926,15.968038333695066
771,1025,-758.7999877929688,,False,False,3.72654215230938,-0.045648101862752526,2.2940196380221702,0.052766875694005795,1.544766090877779,-1.4146044232643273,18.33735710830906
771,1026,-769.5,,False,False,0.04536131006239501,2.6665256544302047,0.9035834419835251,0.42197344166840023,1.4932191393489975,-1.2257065431796288,14.356041637586879
771,1027,-754.7000122070312,,True,False,3.531600953249224,1.4118861312142967,-1.063787296528788,-2.6540102458675747,1.9341436194815853,0.262126623684479,14.164238216514375
771,1028,-758.5,,False,False,-2.060565354493455,-0.5880600687434079,1.8833505726726374,-0.7986907073395313,-4.054211264092533,0.19054392118221222,15.225555765217681
771,1029,-765.7000122070312,,True,False,0.8546852343726348,1.2389040906945235,-2.711398560823135,0.14165968451724295,0.6395865430852423,-0.4162736206268112,11.98042164674566
771,1030,-776.7000122070312,,True,False,-0.43453337154336247,1.019548407236656,0.5641147846513973,0.6348209617823973,2.5285564802791596,-1.1488685744015175,15.457325265907096
771,1031,-761.5999755859375,,True,False,-0.8850003398610831,0.7316475208466883,1.6115976781823267,0.32218147308485967,0.36955604585779195,-1.6457512948611863,14.217918776572997
771,1032,-768.2999877929688,,False,False,-2.763392045631097,3.0878702647342204,-0.6205066700708151,-0.22688148687509752,-1.0791578074799202,-0.11394808931534241,14.733102230883818
771,1033,-768.5999755859375,,False,False,2.019117909859631,-0.7218189909578431,0.4796853382881122,-2.90153706220404,2.2051565761060306,-1.5643821768256825,16.781976464507203
771,1034,-768.5999755859375,,True,False,-0.2926318435628985,-4.8578476954183065,-1.3777640853147888,0.0517502641794962,1.045893045190248,2.3961711254480833,17.47139728436621
771,1035,-763.2999877929688,,False,False,1.464308060855284,-2.597013562528884,-1.5435528434521173,-1.7225563322529358,1.4879853600582382,-0.3181751488434105,15.81367707410933
771,1036,-758.5,,True,False,1.4117571461927512,-0.5451235562809633,-1.278726140741416,-0.16716720709376592,0.2285384891781078,-0.7246065815207244,13.746060944264606
771,1037,-781.2999877929688,0.7526881720430108,False,False,-1.4660993437674348,0.911637927304288,-1.1130045363871919,1.053880640606075,-3.1474435181649585,-0.5015876481308703,12.694463203203181
771,1038,-753.2999877929688,,True,False,-3.0643601484664686,-3.9324396053173754,-0.06935552614754091,-0.2815127129980946,0.6258911605017642,0.2830720996138934,18.173854400359673
771,1039,-760.5999755859375,,False,False,1.2699708636250666,1.8958683229671949,0.7603902219181538,-0.9386073088499742,0.306367284702146,0.632040425199221,14.867307965219856
771,1040,-764.5,,True,False,-2.3712571575032575,3.2914522977482052,-0.08276949011436716,0.5517196250504298,-3.2004631658812217,0.5190692820024694,13.45714151391666
771,1041,-776.7999877929688,,False,False,-2.4618338022580506,0.5544201819888859,-2.585957585363177,-1.5005069692353519,-0.7587509053382118,0.6086879943590987,15.229507511041051
771,1042,-765.7000122070312,,False,False,-1.704857273330492,-1.6621434726019289,-0.6171152526564457,-0.04282822606270492,-0.9568435253244529,-1.7895023733978097,16.449646559519888
771,1043,-747.2000122070312,,False,False,4.154668276086461,0.8096081775100031,0.7735848518628387,0.7305252987855497,2.367107883224927,-2.1517420397939313,16.73573320071093
771,1044,-773.5,,True,False,-1.5153190942537966,1.1977943861794866,1.913058744045448,-1.2566783291900256,0.5297405767295004,1.2780137452108653,17.742416334840296
771,1045,-760.9000244140625,,False,False,1.718521788902437,0.7623850332650706,-2.1972527640353707,2.52349237332401,2.6249447787027718,2.424475253282203,14.211757191594986
771,1046,-748.0,,True,False,-1.6871199067051634,2.2771637775869005,2.6105655498609255,-0.38891103378644454,0.2970620289060609,-0.991649304583137,16.197207634729722
771,1047,-769.7999877929688,,False,False,0.023000334692457682,-0.7091110220986836,0.01622855183103765,5.313268238332677,0.9284268279171537,3.277695960292871,15.051295106531501
771,1048,-766.7999877929688,,True,False,1.4332261004313551,2.7713539064392325,-1.0555050069621175,-2.6826588019082434,0.43473174129139935,0.2812157739237202,14.458939231934961
771,1049,-783.7000122070312,0.8118279569892473,False,True,2.7276672535361417,-3.2184769986006923,1.0034446648076025,0.7977416535168693,0.989325120826534,-1.7680163851225155,16.050445112092053
771,1050,-776.9000244140625,,False,False,0.38416329498361557,0.5045164462321857,-0.23393084135243764,0.883067348636208,-2.466068425286694,-1.1320689246330242,15.14303617123799
771,1051,-776.0,,False,False,1.0712049892325537,-0.5509392761539863,-0.6616202068514259,-0.06377796949649689,-1.822288153825083,1.432916785876101,14.799567551922415
771,1052,-760.7000122070312,,False,False,1.4072110401039617,-0.6490572848969165,-2.1922405124073387,-2.592070335845398,-0.16421031522885535,-1.0270491293462645,14.401689535999193
771,1053,-769.9000244140625,,False,False,-1.1253630402928705,1.134016336043893,1.9451680887361238,-2.7892303792901436,0.6607091997372097,-0.28842299724850196,15.849443590937415
771,1054,-771.9000244140625,,True,False,-0.2650281734548957,2.794703364306585,1.2959137182028246,2.4254658935586857,0.17527626358804171,0.7652138632991464,15.212664522372084
771,1055,-780.2000122070312,0.8279569892473119,True,True,-0.16749013419043268,0.6537549044398221,1.244316235457432,0.15319154693648798,-2.7369098644642387,0.7950035550717236,14.877544295919238
771,1056,-763.7000122070312,,False,False,-1.344935916236956,-1.1865242582318662,0.9983643036251538,0.42802876595036393,1.021404191401271,0.6448766528686918,16.308440202976158
771,1057,-756.2000122070312,,True,False,0.2453474441316195,2.8594048682240194,0.9628051559013117,-1.779796959662822,-1.4740253615697556,1.3062200010871288,14.431773724178953
771,1058,-766.5,,True,False,1.9470599958689725,1.6358722146394784,0.45810524947081877,2.575568598993703,2.7261537934749396,-0.7262560885815513,14.893382757434962
771,1059,-769.7999877929688,,True,False,-2.1178639394388856,0.8126041964626791,-0.2582428007065517,0.1756952010957953,-2.26053552236928,-2.6180476402813864,15.04377211213797
771,1060,-766.2999877929688,,True,False,-3.000929608682501,-2.0317016496771525,1.3088741521847715,1.6974804742088763,-1.3077703635307258,-0.45791992271637705,17.865864435956276
771,1061,-763.2999877929688,,True,False,-1.1915765699733734,1.7864025121590132,-1.5951889313957082,2.4999862610096786,-1.3749228432299914,-0.025673437803324192,13.785204573493997
771,1062,-771.0999755859375,,True,False,-1.2973619416678441,1.386641878881321,1.1121979282879457,1.1066407598692365,-0.472301171351094,0.854884132921487,16.51434752776
771,1063,-769.0,,True,False,-4.195754195810952,-0.7187848923668767,5.21009618412481,-1.39798684094081,1.684066041790636,-0.29186652318657835,19.478890147188125
771,1064,-766.0999755859375,,False,False,-0.9857523143697619,1.337296575661753,-0.12593294300268823,-0.1490924804518306,0.021426512801853086,-0.28169385178932416,16.660965344297296
771,1065,-775.7999877929688,,False,False,-0.07898728343769922,-0.6816752134514792,2.0749073242243927,0.5076123473973081,2.096785782046487,-0.5407966043730997,16.052482396677078
771,1066,-762.5,,False,False,-0.8710226933340341,-1.318503179990885,-1.4806432884713863,0.15693312674394766,1.0685605301190355,0.831625586231604,15.416264131293337
771,1067,-770.5999755859375,,False,False,0.8284559462078147,0.9881319235586491,-1.862505113852716,2.165760046534995,0.7085843616493266,-1.0882597642415408,13.84530021486229
771,1068,-765.0,,False,False,-1.5709168472188224,-0.20949468900941623,1.6280743381643976,0.8791021228747989,1.4886149575770529,2.3993580316276866,15.515644053680992
771,1069,-789.7999877929688,0.6666666666666666,False,False,-0.8879392311457474,-0.8844978791432254,-0.7040437023072106,-3.555740050404482,-2.8129762513253653,-1.0423459632263437,16.717412914271712
771,1070,-767.0999755859375,,True,False,-0.828712131771252,-1.0119410242120055,-0.8481097140611613,-0.5980802125424602,0.030186506496925534,-2.16876669995063,15.691183317738679
771,1071,-762.7999877929688,,False,False,-0.9358105564564764,-0.07572979682189857,2.1343006856093876,1.7067050543990863,1.6887540287608727,1.2918415338709692,16.696196537600844
771,1072,-769.0999755859375,,False,False,-1.991037040603961,0.7422323119684577,3.5962773281501272,0.3019898564169281,-0.3276608929098861,3.3790601647611167,16.947816403340326
771,1073,-782.9000244140625,0.7311827956989247,False,False,1.4244560196852827,0.7225531357055852,-3.2163421489268598,-0.6136911414601994,0.38014891613452495,-1.5392907327262533,14.554686513932761
771,1074,-752.7999877929688,,True,False,-0.35475711708205554,2.359646562088364,2.324265557466029,-0.16520825300325334,-0.20137527163221622,0.9639762182012521,14.244216170803558
771,1075,-768.9000244140625,,True,False,-0.07892041867356724,1.8310383812473845,-0.47711837240880023,0.030083244234051794,-0.9511165805902699,-0.23883137212044572,14.90484386206342
771,1076,-760.9000244140625,,False,False,0.9062300644623577,-1.4953932953832165,-1.9414762822467322,-2.453267787741926,1.518788564354759,-0.8575548243712923,14.9920894664796
771,1077,-773.2000122070312,,False,False,3.101389946593097,-0.41999469443208776,1.4148082184326134,0.05147624987101855,1.528360394998566,-1.8478121174538074,15.036149928540869
771,1078,-755.9000244140625,,False,False,-2.8947678086751845,0.05528170637153991,1.8278772423707645,0.355142712414877,2.589401774385171,-1.8350917058514746,18.946906693908954
771,1079,-772.4000244140625,,True,False,-0.4532680544293251,-1.9578052337226,1.286793867205321,-1.7079168319953908,-1.6182193550113622,1.6196922900334612,18.93989495648174
771,1080,-759.5999755859375,,True,False,-1.3477425373245937,-1.3005145242578526,0.19152904226672945,-1.149670376986711,0.390691059252497,-2.0525361701025093,16.79043684173154
771,1081,-765.2999877929688,,True,False,0.25827655457112886,-0.3543650145169894,0.09486782114088482,2.4926387271849237,-1.5186127926730946,-1.6941060152601803,16.440337792683152
771,1082,-787.0999755859375,0.7526881720430108,True,False,0.3447535091717095,1.8136731219249869,0.5970612659166814,-0.42711015759394544,2.429555447107642,-2.2069000226077833,15.604639893204867
771,1083,-767.9000244140625,,False,False,-2.9162011938087833,-1.9276273626370632,0.6938160932296684,2.032539913667068,1.4561891522904165,0.030100625179231198,17.175165501799373
771,1084,-760.5999755859375,,False,False,-1.2674897105541307,1.2530400614807429,-0.3373729366346062,-1.4217704294210858,-0.5638556536888648,-0.7213856225106356,14.286177850264107
771,1085,-777.5999755859375,,False,False,-2.1569727977668047,-0.08445777069881062,-2.216840889045481,-1.9965640905679105,-0.25245747099424737,-1.4690159350661458,15.759510357499318
771,1086,-766.2000122070312,,False,False,0.8700011655988571,2.0935334312418683,-0.3410106744586312,3.592622217164136,0.40101098247815753,0.08294529897212226,12.143488468173995
771,1087,-761.5,,False,False,-2.7558335974162116,-0.6915830773617831,0.19386469373130605,1.052775940018969,0.9386237368132524,-1.6113694929042626,17.140015943016827
771,1088,-763.0999755859375,,True,False,-1.8107808160004615,0.9310093054653682,-2.787629267774697,0.33650902773138175,3.3459845023139128,0.7393703927574246,14.682863242014784
771,1089,-761.0,,True,False,4.18711008846284,-1.7124516824300489,1.7157472380379648,-0.4427059553249173,0.35162385119981604,0.6497840652874566,15.92584529444177
771,1090,-789.7999877929688,0.8010752688172043,False,True,4.184452175442592,-1.148753430067511,-1.4404067724773535,-0.23267092173058865,1.6949567358595925,-0.11465416788266519,13.586472640947889
771,1091,-773.4000244140625,,False,False,1.091416289272197,1.550165109298769,-1.9298464444861025,-0.6230022277965248,1.2100067836059119,1.6657954801790809,12.325096560540796
771,1092,-765.9000244140625,,False,False,-0.9279840685663081,0.20856361489806716,-0.7329080356857559,-0.39997607602273405,-1.370062211207082,-1.9017889841802205,14.350611445349282
771,1093,-760.7000122070312,,True,False,4.279321298410962,0.6958010732743938,1.3745254560951818,2.4129766014146856,1.3775630801650507,0.44844895658711675,13.120806604329728
771,1094,-765.9000244140625,,False,False,2.240869122950565,1.8984054595720026,-2.3904452538115293,1.2753527563865419,-2.1100738319061554,0.7723842716697807,11.167000921269592
771,1095,-775.5999755859375,,False,False,-0.6679392360955954,-1.224795935839978,-0.37113746138031223,-0.9313278510633343,-0.7586425837808447,3.3513046585574013,15.574973766550235
771,1096,-762.0999755859375,,False,False,-3.325019621191273,0.008846732157660846,0.19320404429263877,-0.2770895466380357,1.370091661358698,1.4036939050487234,16.099027818163083
771,1097,-756.0,,True,False,-1.559045316291475,-2.713224141836535,-1.61921662780263,2.2712195990654322,0.9651183095283955,-0.5026669238104001,14.670974252441312
771,1098,-773.7999877929688,,False,False,0.44530881315924375,-1.1896348201094,1.989970637764556,2.8313472568911062,-0.00164390796823486,-1.0255336908101294,15.296598202737652
771,1099,-768.2999877929688,,False,False,-3.8369730625576306,-0.6745053052896114,1.6110178956459933,-3.644436070528345,0.16307300519531887,-4.636542455709399,20.17582718237562
771,1100,-773.0,,True,False,-0.45101073301862216,1.6904721804964755,0.06536557310429071,-1.2763667937391445,-2.146717719276575,-2.3569298127368703,15.061887789839549
771,1101,-770.2999877929688,,False,False,0.8480969147972257,-0.9091240499387896,-3.049603097901136,-0.21557567096005126,-1.3938877912393906,-0.7394009525342591,14.87533454034116
771,1102,-776.5999755859375,,True,False,-3.031168868142795,-0.6961366710360938,-0.12210654434358725,-2.803945742852699,-2.4241410062175683,1.3413672443303537,16.133722427643022
771,1103,-769.7999877929688,,True,False,-2.04226110459429,0.11768198363638399,0.9389080330598968,-0.4649404283922715,4.228023469757731,-0.5342270378669023,16.98180153102476
771,1104,-752.7000122070312,,False,False,-2.800406396757899,2.1356496015617643,0.7106284678597703,-1.6562825193224944,2.5928249614946277,1.0418719927449513,15.51319650071841
771,1105,-772.4000244140625,,True,False,0.9100767025984973,-0.8745550845134474,-2.2773410687536315,-2.69110659673168,1.5973932155448995,0.909677834588046,14.050389607219397
771,1106,-760.0999755859375,,False,False,-0.5293485300893607,-0.6126316762513402,-1.8455833452657824,0.022160241169148064,-0.14546235687578948,0.064041717993851,15.750780055441508
771,1107,-768.0,,False,False,3.392378374417923,0.38975674094709356,2.302788911030305,1.9383599094521426,-0.5419761305329486,-0.5246181368730859,15.83936307654103
771,1108,-769.2000122070312,,False,False,-0.742301612299605,-1.2118084600391479,0.1448498429327815,1.3989147309647707,-1.8675290966493663,-2.020899828557362,18.913222406864623
771,1109,-765.9000244140625,,False,False,-3.3851816254358855,-2.799851186378044,-0.07003416197568386,1.555245060482132,-2.4218171443526706,0.026288963834767656,17.712896866092482
771,1110,-773.7999877929688,,True,False,1.305970310612137,-0.9765559065780542,-0.4414120950907263,1.1732628325992973,1.076440243154555,3.333727221210371,13.742474422015903
771,1111,-753.9000244140625,,False,False,2.658491038585815,-2.777876872276859,1.5554609489468334,2.0204803546522454,0.3992514577336808,1.2131806973087753,16.44032317211517
771,1112,-775.7999877929688,,False,False,-0.4526482307011381,-0.7600587228657861,-0.9180652928486542,1.9642434565335196,4.285929917474928,1.1923426737956577,17.885619132755316
771,1113,-771.9000244140625,,False,False,-0.19216866163825042,-0.2558294423868554,-2.1673901839066403,-2.1692008177140356,-0.4184195374631919,-0.843448190580175,16.135637822134893
771,1114,-762.7000122070312,,True,False,-2.2455882165642502,-1.2700848953196753,-0.061726421225424905,2.4081292195755464,-0.6199909141701926,0.8754088003607032,16.291174835463476
771,1115,-766.9000244140625,,False,False,2.1229919529237473,2.2285542853046234,-1.628488792428771,0.9860607887424994,-0.764761139341458,-0.9109178791100649,11.179751243005649
771,1116,-763.5999755859375,,False,False,-0.06794785333584638,0.878185169808617,-0.15118631167067825,1.0983200557816393,-2.7006290452729997,1.6361101935178861,12.883736924703785
771,1117,-779.0999755859375,,True,False,1.5160971900955584,-1.4722259074464044,-3.861248284663388,-1.1883336392084132,3.3275457337288517,-0.8803718830010516,14.444546589032493
771,1118,-769.5999755859375,,False,False,1.830790973921199,0.9503984857234541,-2.0810292379403594,-1.7746919333152555,-1.1397532159756874,-0.5355734555683691,13.462269963130753
771,1119,-757.0999755859375,,True,False,1.7146975227293104,1.0969497670960322,1.8812667584720077,2.1184216519532146,1.9766167506645735,1.1973363257057155,14.366718885164703
771,1120,-762.2000122070312,,False,False,0.4749102282714173,1.8891457973044576,0.6240213772547407,-1.6846029116224341,0.7376058793936565,-0.49066758531350635,13.841731485802294
771,1121,-772.0,,True,False,3.3272012184860666,-0.9663962736080268,-2.299220650115966,-1.9296880956753073,-0.35009922219391615,-1.4236490638874468,15.979891096155448
771,1122,-775.2999877929688,,False,False,1.447322302508601,0.16044317362905003,0.20117241651251042,-1.4177038298506777,-0.23528113718887814,-1.0950585013662537,14.935285240211114
771,1123,-765.0999755859375,,False,False,3.543001907235049,2.091244774881553,-0.9139600875276683,-0.07506599128594452,1.4294401956523595,-1.729937867810694,15.734708864251461
771,1124,-778.0,,True,False,-0.6218296898222857,-1.967580556972395,0.3780677018395745,1.1668599461868279,-1.4448032863395859,-0.05707410315711339,16.675020794864995
771,1125,-765.4000244140625,,True,False,1.5056673718941567,4.929096537895844,0.04856440236719279,-0.8162986899915542,3.413857179948557,-1.1004049576498296,13.68733522797455
771,1126,-759.2000122070312,,False,False,1.7133314557996175,-1.7928802383959948,-1.4691829963249379,-3.1114992335053517,2.452133652573255,0.07931287999750206,13.751347462636653
771,1127,-750.0,,False,False,1.1576379741590543,1.4630362327852433,1.27429672319436,-1.5065792071315542,0.04009402761898584,-2.189139038326476,16.1611546430677
771,1128,-760.0,,True,False,1.346462206482488,5.383811222464232,-0.8661651985670082,-1.8373779743064291,1.8077770434581695,0.88863949451715,14.441729230294722
771,1129,-775.5999755859375,,True,False,1.1121689846031668,-0.16371030162747413,2.820709577329306,0.489937885529905,0.5698550769305993,-1.9869835653255226,14.381954826615353
771,1130,-762.2999877929688,,False,False,-2.73751014725063,-0.11771032108995456,-2.859356542888538,-1.5509747402564975,1.0020942386418743,-0.30104552622971636,15.622210229749316
771,1131,-774.2000122070312,,False,False,0.567667654757655,-1.463038377267604,2.244740497565004,1.1362177326294254,-0.830237603725131,-3.735797092662629,17.047244863307256
771,1132,-766.5999755859375,,True,False,-3.529895106858138,-0.30060278607497315,-0.585116258481663,0.002295813154408615,-1.549647426102196,0.8940288811724101,15.002982043741872
771,1133,-765.2999877929688,,False,False,-0.33997044644134344,0.039265282860385345,0.35633727088349304,-1.6239213222229447,-1.1671172158055083,2.018399288546938,14.898091388632622
771,1134,-766.2000122070312,,False,False,-3.8177366605953664,0.5875662992233929,-0.17779966603573022,1.300493929532101,-2.260573235963242,-1.2734812180417836,17.11151314247539
771,1135,-754.7999877929688,,False,False,-1.5346349146423472,0.05620999412842415,0.3244661802821822,-1.806177300459054,-2.272269740326577,0.19953842746372624,15.952251390850074
771,1136,-761.7999877929688,,True,False,2.442566662992447,-1.3101767940042486,-0.646808409498911,-1.6216454640221096,2.1071594846615325,-0.38237098041287804,14.978284455484138
771,1137,-767.9000244140625,,False,False,-0.42284182885457755,1.1221311167060757,-2.520613604101283,-2.4911709277629996,0.3553121022278607,-1.2935636769304018,15.292954922456147
771,1138,-758.5999755859375,,False,False,-2.622158243396257,1.2508978337326853,2.123549368123136,2.5675760206246867,2.351805811502368,2.498139881300394,15.445101029968308
771,1139,-774.5999755859375,,True,False,-1.2836250942927268,1.9176702012721065,2.6123858172641046,-3.3756324275822522,-0.2733072814135044,0.7076314734995909,16.51910318113352
771,1140,-757.7999877929688,,False,False,-2.6235910838657537,2.6948151285353164,2.5182140700142557,-0.6630388680482477,2.531918959567952,-0.44157241534231156,17.166724336938493
771,1141,-764.0999755859375,,True,False,0.103121396578111,1.167911156056427,-0.40443067043052705,0.6246269403549446,1.030819900739521,3.560751614610721,14.447044556409226
771,1142,-759.2999877929688,,False,False,-2.537188144516119,0.10921982741913396,-1.8534873198417758,1.1109311520029597,-2.003881610948213,2.103287990771813,16.80357641035694
771,1143,-769.2999877929688,,False,False,2.398540252355863,0.7700417466580831,1.0999216382467842,-0.8715542862214037,-0.385774723659562,2.1317257526519366,14.167114812965584
771,1144,-757.7000122070312,,True,False,-0.06796037284160399,-0.9264492228827172,-4.08172584658185,1.9705727498244505,-0.37175109049767907,0.053586696321778225,14.00369654669949
771,1145,-769.2000122070312,,False,False,1.4635782175927978,-1.6719179145764398,-0.7263758104168645,1.5086356648708223,-0.5546881295953363,0.9186805142754377,14.618119589186392
771,1146,-766.2000122070312,,False,False,-0.46879820151977886,-2.227537961285021,-0.9415232668993595,-1.1497741549099088,-1.7072977340867193,0.8406708826304808,15.542496279405253
771,1147,-755.7999877929688,,False,False,-3.8905095477288243,0.6659845070683735,-2.8066539041557754,1.057361029904405,3.462103337769427,-2.014444281577147,17.248424511070567
771,1148,-779.5999755859375,0.6989247311827957,False,False,1.4924528921000884,0.8974926053645655,-1.2340908430094109,1.3705232012298143,0.9052118550026584,-1.5051088180568055,15.695243369287022
771,1149,-758.5,,True,False,-3.755421127757924,1.1091207035387673,3.483285803316262,-0.4385418367595041,-2.924415612637192,-0.25308204503413595,19.0359850704954
771,1150,-774.2999877929688,,False,False,-1.0474734194663489,-0.5417137068889404,1.8057163479475884,2.4809723935480106,-0.30193025442507326,0.40375035495621614,14.71234678529259
771,1151,-770.0999755859375,,False,False,-1.856434806970175,-2.0317278194948805,2.3378733024163507,-0.41847348053527145,-0.04958229702545564,0.5851711319645915,17.07162552218868
771,1152,-761.2000122070312,,True,False,-1.0375026997733396,1.5614648090994796,2.302545521283562,1.3678211439235954,-3.320033551748781,-2.2087839699833016,16.350539080238367
771,1153,-765.7999877929688,,False,False,3.266947611487264,1.1533062350318761,0.5500769642019347,-0.7671090936732513,0.6930279030780557,-0.13418167928891972,13.045978108457902
771,1154,-758.5999755859375,,False,False,2.286903656217457,0.357443877580669,-1.315127952443664,0.02007842626651285,-0.21117190521570928,0.9605852488751093,12.528148560809534
771,1155,-764.0,,True,False,-3.1797228872914176,0.48033207574668835,1.4879196754343715,-0.0718244273533228,-0.05878691977744663,1.8504061845046584,15.092492595175036
771,1156,-775.2000122070312,,False,False,1.102812591256869,-0.7692109176361126,2.1067673631113593,-0.06582505439232082,0.9074220086932383,-1.1989481849362549,14.201102221298187
771,1157,-757.2999877929688,,False,False,-0.09281950178001905,2.5898588739800465,-1.5446600365256402,0.2943777360782655,0.4448763476900275,-1.4856760800085587,13.770698475759609
771,1158,-771.0999755859375,,False,False,1.2407057384753244,-2.4008697864681032,4.875725025882139,-1.2803105749359514,-1.8151646249941114,0.6843552173792146,17.791375715078118
771,1159,-762.9000244140625,,False,False,-1.4073845947790775,-1.5615963059635758,-2.366037272191171,1.3389954594139792,3.798086548048771,-0.9424506669247927,16.25515678259967
771,1160,-775.0999755859375,,False,False,-2.6197646051552765,0.7059454833861017,-1.603266289192211,-1.9129002602649892,2.342944545509725,1.0063119892277177,14.620569488514768
771,1161,-755.7999877929688,,False,False,-4.562943144228916,-3.9794828093863908,-0.15505459372744437,1.2119536638830772,-0.620270255563622,2.0733160865159808,17.863810803440938
771,1162,-777.5,,True,False,-2.5107975682139685,-3.0190977984109666,2.591290693460642,1.063131786133616,-4.622247565848757,-0.7903726058172941,18.972273536178783
771,1163,-762.9000244140625,,False,False,-1.938466275833947,1.141052552342713,1.685344164504545,-2.2296021856407218,-1.3343054776406926,0.6213691426313179,16.33245344999152
771,1164,-762.2999877929688,,False,False,3.039966683757982,-0.3037649971874356,0.19919393129904114,-0.9139377470314268,1.0608746679131837,-2.0391033322074628,15.306217666812337
771,1165,-768.2999877929688,,True,False,4.089170846157818,-3.417912259932516,2.3785400953734435,-2.6603986052156103,1.7447879962495707,-0.45611689839674513,17.070029059618502
771,1166,-778.0,,False,False,-1.447499102589404,-2.112970749930956,-0.5424893987078085,3.5281174907767423,1.360813598784939,-1.7060787973352423,18.57073547168876
771,1167,-760.0,,False,False,3.2607193040505145,1.301040413937086,-1.435678956090181,-1.0436649157957778,0.03477098693400318,0.41608655331949496,13.64762251926109
771,1168,-774.0,,True,False,-2.965816833966733,-1.100358400558544,1.7409963676092917,2.0951795396474284,2.269191992955149,1.1358567020299437,15.354801657308029
771,1169,-774.5999755859375,,False,False,-0.7106876227443742,-1.1182208851332471,-1.2167266520979696,-0.8267744820394395,0.7588760927309663,-1.2818269871969692,16.018601618559128
771,1170,-765.2000122070312,,False,False,-1.4623327798666321,2.7155362720801652,2.7970166877785143,1.5291985228473954,1.281499511933574,2.302994502040099,16.286436132807655
771,1171,-762.7000122070312,,False,False,2.161867867995225,-1.082069159926334,-2.131857882877593,-0.19548025807432623,0.8711981716508763,1.6636598033809649,13.124355767792649
771,1172,-752.7000122070312,,False,False,1.7974698515927043,-0.1502779917986074,0.6347077031639112,-0.5048040076526457,-0.5381841320963286,0.4808048530991586,16.391927824190258
771,1173,-778.7999877929688,,False,False,-3.1314855361432077,0.7754472653264767,1.6405947693297769,-0.6088546912845479,-0.583259920488475,-0.813948497678721,16.784124035804357
771,1174,-768.0,,True,False,5.119276183150063,-1.2920317592943007,-0.6944958420701897,-2.8844290031814026,-1.1814420571576123,1.0507330095298226,15.724745442594184
771,1175,-749.4000244140625,,True,False,1.4803587504088647,1.4603499691382902,-1.4208404695269523,3.601487196473038,2.969096536902914,-0.3235090603047279,15.627539526727556
771,1176,-757.9000244140625,,False,False,-0.15585725304963893,-1.565645773880488,-0.24934026591548178,0.6366764777120688,1.4475560633430367,-1.7250544876298546,15.330876785105923
771,1177,-763.9000244140625,,False,False,0.7348438019120889,1.2073212355783831,-0.35616063182604446,-2.050668614376964,-0.46365089120975467,-0.4427508273964117,14.294375295263292
771,1178,-767.4000244140625,,True,False,1.705547186231429,1.1021358282911107,0.47558836730207477,-0.255412974579667,-2.961680938872655,2.2395723861368184,15.625021286259285
771,1179,-764.0999755859375,,False,False,-1.0672496560401397,-0.576910410870773,1.751178125319658,0.5100052037672721,-0.21254892508641415,3.027095015832135,15.425286539071921
771,1180,-778.2000122070312,,False,False,0.29852989521384965,1.565395412655067,1.566069396156814,-0.5440702384914842,-1.834318712301167,0.4633550398299587,13.524494530375648
771,1181,-763.4000244140625,,True,False,1.615704424919867,-2.491719074049774,-0.5338221050508593,0.04876379641540264,-1.347794600314138,1.19565981128301,16.395443171743693
771,1182,-762.7999877929688,,False,False,-3.109596455922893,-1.9227739439663867,-1.1856825732072223,0.14354704957174405,0.12456460258433998,0.7133331139739134,16.636766967728036
771,1183,-755.4000244140625,,False,False,2.13210530689879,-3.2081950613087686,0.8237052324630358,-0.20020143007286806,-2.286781119865827,-3.259802093125212,17.65247457482905
771,1184,-769.5999755859375,,True,False,1.9441900147983053,-2.116348485691555,-1.319283803312813,-2.240068846673048,-0.1186893268606394,2.1810591700815203,14.27602004544051
771,1185,-769.2000122070312,,True,False,0.9215246671496995,2.565584162521622,-2.797891901640298,-1.2894659427722686,-0.6250165531314303,-3.0791596359375695,13.357332440506317
771,1186,-746.5,,True,False,-0.7118196039384871,-0.0017693499571013378,-2.071063589765876,1.1102401254144136,0.4013190589916146,-1.12454871648669,15.175147453293334
771,1187,-770.2000122070312,,False,False,-0.5293627762076994,1.6673704298134986,-0.9031489431514613,1.1803694916376821,0.2642492850925345,-1.0021570278830725,15.96818973261623
771,1188,-742.4000244140625,,True,False,-0.9546130315720652,-1.4444587823483643,0.678799491584721,-2.316916341355042,-0.7554389893087973,-0.40622599224082845,17.572323829000595
771,1189,-784.2000122070312,0.6989247311827957,True,False,-0.8279575943785861,-1.9103443158481828,1.7699197637858994,1.5665206696705924,1.2587968689881905,-1.6117741692262193,18.331452414038672
771,1190,-768.0,,False,False,1.4575460715746111,-0.21033963186139906,-1.770163382593776,3.6026523172434137,0.4117998899696892,-1.1130836738498728,15.638162110607997
771,1191,-766.7999877929688,,False,False,-2.0036364014448815,-1.4384435706952148,-0.09684854712492777,2.4854010235477637,1.6769991284235064,-1.0858174406948171,17.476608138439175
771,1192,-765.7000122070312,,True,False,3.1102166668116342,0.1590921762187589,-0.8474008521553893,-0.7659293231566481,-1.9707146105389886,1.7477319122054404,13.275643117287764
771,1193,-759.0,,True,False,-2.125347506884761,-1.3024388827773667,0.8638184242575164,0.5536208628900628,-0.7270854265323621,-0.13575499214497802,16.913351263179052
771,1194,-750.7999877929688,,True,False,2.8883853813232325,0.6464571935427404,-0.11980790287137355,-1.9753569672448832,-1.5584091657063281,-0.07084051878712169,15.288562016975145
771,1195,-767.2999877929688,,False,False,0.3718992718580524,1.8671128394670624,-1.0585108530858125,1.7832939688131664,1.3550070037603008,-0.42238342210241375,13.588935388089766
771,1196,-759.5999755859375,,False,False,-0.2258084121818768,-0.5317534418364237,0.38331769091393575,3.9896791811042074,-0.44772560026972624,-0.7560019394802602,15.31876482571484
771,1197,-777.2999877929688,,True,False,-2.0593316952240395,-2.1100433511656647,-2.84884112061301,0.11988710688255504,-0.06282600427970546,0.6621624586936125,15.324622999040686
771,1198,-766.5999755859375,,False,False,-2.0481717311821663,-0.4488660112240944,-2.232356716704973,-2.644897989120113,1.7963963997898744,-0.0032639663501290717,15.43336732684081
771,1199,-759.2999877929688,,False,False,-4.96435682692355,-0.7086562678118841,2.6674084763774415,3.4705781037933767,-1.4278503503064457,-0.07302707090071255,16.834019698853552
771,1200,-762.5999755859375,,False,False,-1.7823735494851753,2.499537865532735,-2.628223963174045,3.0427915517729685,3.2655381814585533,0.36502653128762386,13.087420521479899
771,1201,-771.0,,False,False,-3.234485695147346,3.3441921538574952,-0.6694834017052369,-1.925081187648857,1.1652478534716637,0.9922658491428828,16.087695383115157
771,1202,-776.7000122070312,,False,False,1.1465621552637713,2.6739814646302675,-1.3859707919628053,-2.1903441987784475,-0.560838237763747,1.245463264028466,14.401473589509216
771,1203,-781.5999755859375,0.6021505376344086,False,False,0.8703232489091248,1.4190656620507296,1.477975223404842,-0.08806104314293105,0.0026439619353199216,-5.2952910689259465,15.532993059602342
771,1204,-748.9000244140625,,False,False,3.0231714643596415,-1.0729051843625865,-0.8559277479541207,0.8601451391766187,-2.960856791678695,0.4105032132836777,15.057894779490173
771,1205,-754.5,,False,False,4.4246583262907855,0.3540832012520183,-0.5843312097836959,3.269431075191974,0.2042993972062469,0.7024273268543886,15.481679756382091
771,1206,-775.0999755859375,,False,False,1.497756890551631,-0.769636431544626,-3.1832943515084895,-2.9404270879135863,-1.5207787039817307,0.29585285946180273,14.380545006109632
771,1207,-754.5999755859375,,False,False,-1.292104478805296,-0.6759658098662586,-1.2886549331182804,-1.0005621729795724,1.8525897013801487,-0.855941506326786,15.369990986557584
771,1208,-758.0,,True,False,-1.1335586707934926,-0.5953644796182094,-0.8795155731889887,0.5235101500888345,-1.0696812583120643,3.556198123006954,14.545923341668802
771,1209,-754.7000122070312,,False,False,1.8475178872702451,0.7659262103872351,-2.597381829848456,-0.2441242491338025,0.5401304696608382,-2.684605571793911,13.010674733960691
771,1210,-764.0,,False,False,0.4235322056016466,0.7196774980671117,1.8229028718536524,-2.464001500731085,-0.5263334070274542,-1.4220277420438692,16.870339663658676
771,1211,-780.0,0.7419354838709677,False,False,-0.1506517607800516,0.2192959048147706,1.6778055564880687,2.3999223664870093,-1.5508587232578408,-1.0235049182611722,16.106948902641008
771,1212,-759.7999877929688,,False,False,1.1113734034206095,-0.11885986815178634,1.9739910037620532,1.7091648730481153,3.650993725939312,-1.3024903569552375,15.559770994580923
771,1213,-762.0,,False,False,0.5925008012586441,2.9109425027093816,-2.944595256481842,-0.3346696511579468,-0.8104788749883964,2.1184222207271937,13.302691061986192
771,1214,-753.2999877929688,,True,False,2.274528786994169,-1.8032514734983343,-1.0960235364213509,-3.2693336823232384,0.529890645390287,-0.3398982724901611,14.937846083227706
771,1215,-773.2999877929688,,True,False,3.2999818114776236,2.7060840467848406,-0.7466975476658325,-2.677973110621401,-0.6599093713983621,0.9112326210909383,13.851867178791357
771,1216,-771.5,,False,False,2.289247119236522,2.9266364556545397,-0.12517520038273205,0.5184844678832466,-0.7594967178017739,-0.7276590835066818,12.391811616778584
771,1217,-767.0,,False,False,0.6655869132025907,1.4013221164118927,-3.3626637521839116,1.4650600441208028,0.9340330799376056,1.5538262475840314,14.134022569085866
771,1218,-761.0999755859375,,True,False,2.231126138589846,-1.2222137991105329,0.6707038271321121,-4.318589204540566,2.3155084470920326,0.9258308451894127,15.11175098126502
771,1219,-761.2999877929688,,True,False,0.6143637618346351,0.3321391580784678,1.1565747243129845,2.8550795924486327,-1.2111203914300925,-0.40675083221408964,16.325030593409824
771,1220,-765.5,,False,False,-1.5162372286329904,-0.37078365514917033,-0.8050695699647794,-0.2985702529529655,-0.9873222080962896,-0.4312867032268183,14.441547507502783
771,1221,-771.9000244140625,,False,False,1.5044536949145078,-1.5318311394965651,0.6459224083516754,1.5272360090082069,2.6340552505844936,-5.116516681404809,16.274846349446648
771,1222,-759.0,,False,False,1.6020645973176555,-0.03806214169645827,-2.3484532783931495,-1.1973512689316057,-0.24367063929224272,3.0251349979769144,13.205410216882852
771,1223,-763.2999877929688,,False,False,-2.689273648037546,1.910983765315305,0.27403263966316616,-3.7099376855584905,0.6895116207983298,0.42037773171417053,15.83765058366665
771,1224,-756.7999877929688,,False,False,-0.6406177611649986,0.42599087263105884,3.751834940025843,1.339679180568442,0.6217759268985009,-0.8067594549044742,17.04927624659356
771,1225,-753.5999755859375,,True,False,-1.013735213364985,0.8441189936785454,3.24915611012156,0.9206359450686175,0.8461558640847667,0.7007929908227982,18.33949706846394
771,1226,-760.7000122070312,,False,False,4.1368405438245,-0.7586710342329699,0.6986179261407655,-2.5855538714701276,-1.2079413620055,-0.826201173495094,14.67504394719865
771,1227,-759.7999877929688,,True,False,-2.4932901041056645,-0.9635447995069076,2.3574027022099484,1.4705446782837268,-1.3061618774124524,-0.9341018006119483,15.105748548057232
771,1228,-766.2999877929688,,True,False,-0.9075488847980429,-0.14479553014731225,2.173318245078072,0.20256381556226866,-2.911776190256653,1.6023960564455535,17.416719682923823
771,1229,-749.4000244140625,,False,False,-4.053075427232446,0.5064280834712205,-0.2274119310997086,0.09144767292132384,1.9798660835956283,0.3100732701967104,17.067003220920782
771,1230,-763.0999755859375,,True,False,-1.1029281549053302,1.1290678091441708,0.3097542586860804,0.5602324861488647,2.006635287889475,2.266472217433432,14.564769439804792
771,1231,-758.0,,False,False,-2.1635782329960493,-0.19612807755870842,2.4581831572112405,-2.8441838871625724,-0.05400288218416117,0.31328971174710973,19.388687950573306
771,1232,-790.7000122070312,0.7688172043010753,False,False,-1.6561379246220516,3.790177420654586,0.514667915702017,2.624134447105236,0.015379029082933895,0.15649925334052356,15.131407642410998
771,1233,-761.9000244140625,,False,False,-1.265449373569528,0.25831137512461627,1.0279748930427663,0.5455996161736479,0.5634779894480962,-1.403122913082807,15.46711015765644
771,1234,-761.0,,True,False,-0.2805353226503573,0.682344788381403,0.08062649561478583,-0.7514919971209005,-1.7064485855747498,3.041092624393268,14.694286680931798
771,1235,-767.9000244140625,,True,False,0.24894366074335433,1.4982049360866379,2.913336837242927,-1.5007623343289818,4.004065215704291,2.970429021831277,15.875199260119496
771,1236,-764.7000122070312,,False,False,-0.4208515184717492,-0.6589172028031144,0.632637414008447,0.6232791449987679,1.799907247090678,1.3313760360532871,16.2316852029781
771,1237,-759.4000244140625,,False,False,-1.8541296273865329,-0.9451342402207973,-3.321963779817193,-1.00303791036268,-2.1182486600776795,3.3649572977893416,14.874957344906912
771,1238,-766.0,,True,False,-0.2378299500260691,-0.9056026713872506,-1.9713138783704185,-2.4743629118644854,-0.634800817327356,-1.4827009429016216,15.397297111676698
771,1239,-765.0999755859375,,False,False,3.907870223319388,2.153984477235471,1.971774958218112,-0.13785008833147153,-0.047049352588795126,-0.5769123468618682,13.936824112787676
771,1240,-769.2999877929688,,True,False,-2.4197915149310547,-3.645447028382501,2.983169393981701,-0.2703525670015103,-1.1293839776337748,1.1342443393304995,20.49430257375275
771,1241,-768.2000122070312,,False,False,-2.2798736982543333,2.6004751066948297,-0.24884351882013514,0.806047451792593,1.0965584726387432,0.9447756299165221,13.161939642038085
771,1242,-772.2999877929688,,False,False,-5.108650812645159,1.102325845990022,-2.611743901139173,-0.5845692092064813,-0.9377011601443007,-0.17232879615758323,15.891638874254348
771,1243,-772.9000244140625,,False,False,2.933163559204793,0.2806086970466336,-2.060967760866344,0.41713181990634607,-1.3856987401269893,-0.307090232188476,11.408560811917981
771,1244,-770.0,,True,False,1.6098767292349578,-1.0471981533298653,5.089485994617591,-3.4817355917597834,-0.6960468359296195,-1.4325601149304266,18.277700553178803
771,1245,-764.2999877929688,,True,False,0.19266656903834925,-1.7427314201139823,-0.3897856889593249,-1.2849657753688601,-0.6818719745437739,-0.62383865905912,16.22038979034507
771,1246,-758.7000122070312,,False,False,-2.7947264254324833,4.2855524930703135,0.48343928831518224,-2.4616577628804004,0.1543566860181882,-0.5392294081721962,14.703071011324047
771,1247,-781.0,0.7634408602150538,False,False,-1.1388983068012093,2.7563428420958234,0.1325923972665796,0.010345265919865029,2.703529221008481,-4.057870582107631,14.588916658397698
771,1248,-767.0999755859375,,False,False,0.34924866759600853,-1.057036390085428,-2.5584379260269623,2.6563227261350733,-1.5237472254251379,-1.2256956097056246,14.729097516527473
771,1249,-754.7000122070312,,False,False,-2.715911772530418,2.1802845387184777,-0.8460655013621468,1.6933551288203579,0.7043261083412434,1.3204111908582379,16.274696709540496
771,1250,-759.2000122070312,,False,False,1.4434727976443376,0.37667836549707406,2.248917454420668,-1.3733384670120423,5.539328578300064,-3.001662389136958,17.169139653550015
771,1251,-752.2000122070312,,False,False,-0.6484432078001999,2.0172651701386446,-1.3821272199934815,1.953050521513101,-1.1019647002912552,-0.5820622442835239,11.528738026369565
771,1252,-765.7999877929688,,True,False,-0.6972528556979306,-0.2320653977297734,1.1225735082819368,1.2330657383147,0.5677974051631599,0.2552479566091419,16.831343038197815
771,1253,-751.4000244140625,,False,False,-0.3217509893723166,-0.8867749096095904,-1.252196574836245,1.7305367938882794,-2.810714050677329,-1.4668061563331598,14.546300122445134
771,1254,-756.2999877929688,,False,False,-0.6313857258545031,-3.869132860561938,1.1513709762614783,0.28458683118477884,-2.087614849192034,1.1821997499191386,16.036158972943337
771,1255,-758.7000122070312,,False,False,-1.907088303198105,-0.786989641279631,-1.3211755640864429,-0.435310813400331,-2.8966185040845223,-1.3298265541106333,15.535855042604416
771,1256,-765.7000122070312,,False,False,1.57713308876883,-3.4189993776283076,-0.664785536953576,0.12990272823812427,-1.7095531408829454,1.3107191158593863,15.858010852209416
771,1257,-764.2000122070312,,False,False,-0.47996284154456625,0.08763098178454523,0.17860356175971395,-1.2509893073444622,-0.44496840188472475,-3.5036351977185487,17.464799672213125
771,1258,-780.7000122070312,0.7258064516129032,False,False,-1.5542390083394653,0.24507908626982275,0.10685935664152788,-1.427568473407033,2.7396713528372416,-1.971913138269573,16.854095910131758
771,1259,-750.7999877929688,,False,False,-1.9711355347660893,1.4663846484522813,-0.5020032578865938,1.2717277281490318,0.6160652381196533,-0.5025016079205726,15.175416983956188
771,1260,-757.5,,False,False,0.8881545405771734,-1.4224628266790855,-1.3317938982327928,0.528019977049382,0.189103909884488,0.658665420379085,14.642133159259156
771,1261,-765.0999755859375,,False,False,0.40127472960805977,-0.1006984869898805,-0.7892882506216501,2.3915416199544333,-1.1708823200149066,-1.142762218678822,16.26401620604671
771,1262,-781.9000244140625,0.7849462365591398,True,False,-0.7932813463228454,-0.17447182114353313,1.3707369778103495,-0.3871990224905759,0.08144281627455004,0.5143695462722682,17.897883154977194
771,1263,-760.9000244140625,,False,False,2.821940720562102,0.01026759420442059,-0.0005308487945482628,0.23058592238649597,-0.48277155708260194,0.1144727981182356,14.430425515334862
771,1264,-767.0,,True,False,-2.115208363438658,0.09109616635634263,-0.16029545818533605,-0.6314153131150714,0.10705326561835105,2.1541602500530863,15.909224394124994
771,1265,-752.4000244140625,,False,False,-0.5970688010340504,0.7035737149596878,-0.5890599829783432,0.9039543838345231,-2.3050677585487898,0.007950930244927717,12.836189981751351
771,1266,-760.4000244140625,,True,False,0.34076609745185216,2.4849403309201086,-1.1486929325286261,-1.1990187435216444,2.445132310409567,-0.7285083594670841,13.196256618792496
771,1267,-771.5999755859375,,False,False,-3.042052161691047,-0.06657055890181345,-0.7525544422602192,0.856473886927165,-0.09507078534528454,0.31392046286570935,17.879859832810382
771,1268,-754.0999755859375,,True,False,-0.6880374284694667,-0.11380724894965713,-0.9200016881410171,0.46707659176981975,1.686843613734634,-1.1339586695433095,15.353344379869027
771,1269,-772.0999755859375,,False,False,-2.3980277174467006,-0.5667453952996188,0.10626224590742389,-1.363623975584523,-2.4686465897200933,0.49619491982609065,16.839257804543653
771,1270,-749.5999755859375,,False,False,-3.414526553583206,0.548694163099711,-2.051927058161592,-0.9801757884882168,-1.7653278766239107,0.7658110833542954,16.572430111952038
771,1271,-758.5999755859375,,True,False,-2.159744560932157,0.4877531709828991,1.4247191455531178,0.3947231669800634,1.5302775517168348,-3.2521981087796696,15.652374988891852
771,1272,-758.9000244140625,,False,False,-2.0603541998687827,0.22722910579668315,-0.7798122099053807,-0.23051941199424186,2.738220047359188,1.7523596866027933,16.18659379699172
771,1273,-754.5999755859375,,False,False,-0.1145038181615667,2.839978158487917,1.3640043201606513,1.4512513640042533,0.3091393174363372,0.20195695654876739,15.871301246020707
771,1274,-768.5,,False,False,1.404868463367042,0.22514803502951108,-0.5226660536439617,0.856195658145894,1.9983459208475867,2.6278161826001987,15.398835575479174
771,1275,-764.7000122070312,,False,False,0.0036138370692789176,3.2951597929961265,-4.960770740178647,1.4137234210679415,0.1582753468597464,-0.5953587944749198,12.226701488494868
771,1276,-767.7999877929688,,True,False,-0.8501480763475029,-0.884903007821793,2.0893638325732553,1.4650344323277218,-1.1004194333599615,2.119458881350214,16.9527034739347
771,1277,-776.2000122070312,,True,False,1.0741458043348326,3.52783327582779,1.7094732001921458,-1.5130531684025286,-2.1667831864254556,0.5671813535867143,15.662279690061336
771,1278,-777.2000122070312,,False,False,-0.592642252902349,0.47599160251698885,0.7432323011103433,-1.164958144205476,1.1474976682027591,-3.741782787474969,16.415955411497887
771,1279,-771.2000122070312,,False,False,-0.941693343130042,0.8698417537003853,-1.7123746609255155,-2.3429284369025507,-2.1358812847565027,-1.3816128899316058,14.90382203242307
771,1280,-748.7000122070312,,True,False,0.028692015659178678,0.22789258645770064,1.9592584248077871,-0.9477500281697281,0.5234334369561819,0.47835520652542995,15.385637925339498
771,1281,-756.0,,False,False,-1.7678314154488228,1.0764705662905782,1.0589899767323347,-2.9776374211135606,-1.0447608088434297,-0.39687491503870803,15.28295559172401
771,1282,-773.5,,False,False,-2.7900341696889885,-3.253944434176728,1.0491512001742442,0.5159814500165469,1.4749120827996673,-0.00834133786243144,16.320339025984072
771,1283,-777.0999755859375,,True,False,-0.9794312057166044,-1.8101251792138442,0.4852264204808583,-2.812190329508159,0.8025951392464219,-0.7699441386967935,16.294653460512926
771,1284,-776.2000122070312,,False,False,0.0944021744591067,-0.457617131130193,-1.8383599328490763,2.6260694749166453,-0.4833318146835137,0.3847323056088493,15.038043441230888
771,1285,-767.2000122070312,,False,False,4.879404509521634,-0.8580812557073421,0.7801714898485597,1.548472975501565,-2.952903052252582,1.0488019704525204,14.616493164984435
771,1286,-777.2999877929688,,True,False,-3.878077248227313,2.2320690725755434,1.1488617726024795,0.7084412494206979,0.3127629187286856,2.0108150496159047,17.659034852591372
771,1287,-759.0999755859375,,False,False,-2.2554051128399655,-2.4057257708997706,1.7065579909172297,1.4635119986994765,0.8344105243324118,-0.6562110039603516,18.286974415724416
771,1288,-775.0,,True,False,0.8662186653649149,-2.3633040814274318,-3.6686513989135987,0.5850321212059462,0.9131121310872004,-0.7922176128233553,16.6142855484389
771,1289,-757.9000244140625,,True,False,-3.059991170951523,1.0791224345764545,3.8125360850444787,0.2369554400318916,1.3266174560751847,0.3969025995712732,16.831640967003015
771,1290,-754.7000122070312,,True,False,-0.36753171280139935,1.5883654622333807,-1.2486597314065442,-0.6388083061338081,0.03804082624174555,0.24531167156547462,15.266151442893799
771,1291,-769.5,,False,False,-0.17855758343599967,0.2651653453186944,3.4490900072359407,-1.7656919449917736,-2.639985351966431,3.6605371128003474,16.35227654241827
771,1292,-774.9000244140625,,False,False,-4.219116274787868,-1.7514791180892315,-0.26414601209661664,0.38865948279547946,0.2805030197004468,-1.2416069603990743,17.169896202078252
771,1293,-776.4000244140625,,True,False,-0.6859293475028384,1.453342607715899,-0.33527137515311745,0.6525975124372702,-0.9858938171287901,-1.4270169315535024,13.607622110978982
771,1294,-772.5999755859375,,True,False,1.701704655095631,-0.47712216963550413,-0.6050044482266727,-0.10203063000803954,0.5108626819093289,3.216170191142145,13.842717335039643
771,1295,-770.5,,True,False,2.0162258881923703,-0.41915301941014915,0.8942460437425053,0.5972974234437868,1.5911483949656313,-1.3036284670483602,15.483443378773561
771,1296,-763.9000244140625,,False,False,0.888480009615916,-0.8202069680183928,1.1437014065420974,1.309067665125958,1.209929754119268,1.556262179181411,15.749938606149568
771,1297,-765.4000244140625,,False,False,-0.08750944049678556,-1.7602810905818824,-0.7719818271946535,1.4350082407166322,3.649746376427502,-0.8230010504788108,17.464167872098063
771,1298,-769.9000244140625,,False,False,-2.4475383273828686,0.8152146399804935,-3.2475510300760195,-2.631758332876932,-1.5477334967649539,1.5112407479369128,14.110839702930205
771,1299,-768.0,,True,False,2.4132889153005497,-0.8861496495061358,-0.685342573097269,-1.5856242915775802,1.519636817663554,-0.40522824307599953,16.174138787352256
771,1300,-791.7999877929688,0.6290322580645161,False,False,-0.9479195941087892,0.876893385915219,-0.04355073605378469,-1.635789957876003,-1.0583863686901307,3.0292440103482203,13.836004758308778
771,1301,-774.2999877929688,,True,False,-1.1060574154186222,1.7966337263511414,-1.5063185835073567,0.8855194354873445,1.6253283972091321,1.5180399781152303,15.81239384750195
771,1302,-750.9000244140625,,False,False,0.08840397218913706,-2.317265533222146,5.942835897702194,0.7050207605406751,2.853636028711125,-1.1779592255543432,19.164249707316344
771,1303,-769.7999877929688,,False,False,-1.1411681359330892,-0.12835287770222645,-1.705597285237373,-0.20611802653168637,-2.0230389648894977,1.477370252070662,12.69242370279458
771,1304,-775.9000244140625,,True,False,1.5024779285108483,-2.630639767379745,2.279898347827571,0.34621976399209076,-2.79419334429337,-0.3330790284853666,16.469083483939734
771,1305,-756.7999877929688,,False,False,-2.9904576272383667,-0.771116119285481,-1.8238369717783156,1.862194218082711,1.7870256547260732,1.5624440868848777,14.96942297274086
771,1306,-764.7000122070312,,True,False,-0.16466160532194268,-0.43429540340760014,-0.027965098017638846,0.01306594655003098,-0.4864376538312117,0.6509267189819014,13.989747096899585
771,1307,-759.5999755859375,,True,False,-2.902918871126983,-0.8868209662039175,-1.1846115530266847,-0.06362652948059334,-0.01377488978717899,-4.646221770722226,17.99905420348394
771,1308,-767.0999755859375,,False,False,-0.5701358611019663,1.8116351800292427,-1.658725729178976,0.9683448537743496,2.4586542822232422,-2.8217092854553814,15.255633622552827
771,1309,-760.4000244140625,,True,False,-0.9887246134947323,3.1821495702614704,-1.939888460147173,1.8854374621446037,1.869689192233488,1.1566357277395005,14.40739054651587
771,1310,-776.7000122070312,,False,False,0.5006947587342435,-0.6077606786028729,-0.18444294103920478,2.0064677247986613,0.8487642445928688,0.14548702298056373,13.692714698146828
771,1311,-762.0999755859375,,False,False,3.1385585427374476,-0.7944140930676675,-0.196663709688677,-0.549113130683544,-0.9079636920900989,0.33878964832158703,16.144947555637014
771,1312,-760.2999877929688,,False,False,2.647041585456308,-0.3113242216882219,0.13088029212995816,1.6223136873852706,-0.6809907569738529,-1.8975995620845405,17.000121166257617
771,1313,-764.5,,False,False,-0.19725816475428162,-1.7137523145521718,-0.8286270042491855,-0.41044228627738966,0.517255785128173,1.0294174917879824,13.869752786381937
771,1314,-767.0999755859375,,True,False,0.8294171827248588,-1.8959684308160762,-1.7428475936988517,-2.891215661295348,-0.7996929419092321,-1.6921356059027355,15.536775337725919
771,1315,-767.9000244140625,,True,False,1.551453515963855,-1.5608700440345507,-0.8368487633224064,1.1530119014203264,-1.7487131117236612,-1.244487001593499,16.19090336766289
771,1316,-765.5,,True,False,0.9116130804484635,-0.6383513322150756,-0.6227684993188569,1.0154754547853566,-2.067042459186382,-0.38859911330240504,13.367877089031708
771,1317,-768.2999877929688,,True,False,0.0932425730511541,-3.365853662147819,-0.4337203857720356,-0.775654034443264,-0.9884578153700312,-1.3028118716227022,16.168447518096325
771,1318,-766.4000244140625,,True,False,-1.2624584500546323,0.2743218349587142,0.32855941361963403,-1.0583247550410708,0.16383347305865587,1.7178520482844253,15.254103943040729
771,1319,-760.0999755859375,,False,False,0.5482324411563446,4.401655903018252,0.7203201521761632,3.3471787681716254,-2.067036404898317,-2.5452502019402825,15.61699740190117
771,1320,-756.2000122070312,,True,False,1.2761977790491388,1.6771208614016457,-0.4460953819031947,-0.37544222578449676,-1.7172056788838939,-2.066558965176187,15.262844747088598
771,1321,-770.2000122070312,,False,False,-0.011147483589195156,0.8205751549798536,0.24940465499391293,-1.6828357112280459,0.373368717784394,-1.3683140350940528,13.611258924147142
771,1322,-758.7000122070312,,True,False,-5.126990320527758,0.6068752286136662,-0.4403756168171044,-1.562137267632162,-0.3841131562353437,-0.2188430737629723,16.144335401125872
771,1323,-757.5999755859375,,False,False,-0.5814053808103016,-1.5618841290770447,-1.9824422207602759,0.6363471318371076,-3.024604686412755,-0.9065520517158355,12.991863020767493
771,1324,-765.2999877929688,,False,False,-0.2152427364524347,-0.8171805914167616,-2.7178999111179474,-0.20802269440408974,0.9944803078690574,-0.7772117567451362,15.722517174734218
771,1325,-766.5999755859375,,True,False,2.1698167309903846,0.38369616447420496,-0.2500625846065717,-0.0008279164987705037,-0.2731579362414395,-0.8327241838373172,13.278475985025437
771,1326,-763.2999877929688,,True,False,1.31296757679793,-3.367413965979337,0.9765865944446055,1.2201573991365018,-3.106357905104206,2.7009898248649318,16.52056867593947
771,1327,-763.5999755859375,,False,False,3.4719539655216103,0.0022708153529395034,-0.4123718916249958,0.01455061588693223,0.12429798947968065,1.9537632551951043,12.763191579046165
771,1328,-765.7000122070312,,False,False,-0.1293770734620306,1.0795408481237274,-0.16255341944424134,-1.0805275445216613,-0.5001406269178904,0.978247964582734,15.29226159877085
771,1329,-761.2999877929688,,False,False,0.5623688269512283,-1.8042540138793062,0.2554312273081568,-1.619975431355493,-1.1337005751437574,1.3538971577554586,16.312986935385986
771,1330,-750.9000244140625,,False,False,2.186410013340059,-3.634926049848523,1.129225312009938,-2.1527101371441657,-0.279098234230229,1.3586621837827875,17.279050918285375
771,1331,-773.5999755859375,,True,False,2.3227887116375605,3.1432897325804237,-0.04936459005069623,0.7357804000612093,-0.5793863789258211,0.6105558591065535,14.562915360132228
771,1332,-759.7000122070312,,True,False,-1.2352987230788435,-2.5535042480000936,-1.3381240455343757,2.141721440672329,-0.3709692408467159,0.9300278579121938,15.862488200262359
771,1333,-759.9000244140625,,False,False,-1.9945299296048682,-1.0495637007905971,-0.41442922861814396,1.9053893214787263,3.1604953583873754,0.6205421375740641,15.171733964876863
771,1334,-757.2999877929688,,False,False,-0.18708446094844905,0.7289543260846381,-4.980395865881433,-1.2483290480565459,2.9108561804605784,1.6474470827968384,14.585528103090356
771,1335,-776.7000122070312,,True,False,0.5451514745937946,-0.9495045754890118,-1.6509771078629258,-1.9608868080701043,-3.161523893053431,-0.8686865994611863,16.160762370636306
771,1336,-765.7999877929688,,False,False,2.6232106150017374,0.4552138267348674,0.023074522718697994,-0.8975528588173682,0.8728966764106428,-2.2449772840817377,13.985782841433297
771,1337,-763.4000244140625,,False,False,3.0772088682344614,1.7760166783804532,1.2135365293428715,-1.7686142544870742,-1.5128291399905447,-0.27282435528414767,13.731032239851626
771,1338,-776.5999755859375,,True,False,-2.582522144341108,-2.0150857875440806,-0.7977331461051569,-2.0630471460279485,0.386276974962746,0.11625403161240504,16.079905974055222
771,1339,-756.5,,False,False,-2.381263898649,-1.9091540797148439,0.24251059181477994,2.6295585774646657,0.742165163374873,1.969148487422844,16.240786403982064
771,1340,-764.0999755859375,,False,False,1.19936300996706,0.4167438901565813,-0.4595226532051579,2.9391247166618686,3.590548521433286,2.794774498672536,15.820010632655901
771,1341,-751.9000244140625,,True,False,-0.027308003795800503,2.362346050171474,-1.697790903429495,1.5244536159315256,-0.6070077175447282,-1.709035375067601,13.940158016324757
771,1342,-771.0,,False,False,-1.350679063228551,1.147438252902155,-0.8584045954172433,0.47737661725971875,1.5256581689576731,-0.04878962638279926,14.681582913495452
771,1343,-769.9000244140625,,True,False,-3.417048527222037,-0.28484758215513856,0.6989115336700086,-1.2318154874255187,1.3930668908951211,1.3546487940812226,14.904298152079773
771,1344,-767.2000122070312,,False,False,-1.655890787251531,0.1777000676129703,1.5591317611774633,-1.785991453701262,-0.23787297578216704,-0.5341858180215251,15.006671988850517
771,1345,-749.5,,False,False,4.066806034388119,-3.5019770332019426,-1.7768605116887541,1.5366663051604699,1.820456196752565,0.8470844024389353,16.148187147714324
771,1346,-760.0999755859375,,True,False,-1.2071736580054218,-0.8995629397940308,-3.2535965726520235,1.0443535230467986,-0.9856273873021185,-0.7878737113539199,14.38309309846019
771,1347,-774.2999877929688,,False,False,-0.023688806311783203,2.443095382722449,0.7474581831571304,0.14203608475886081,-2.2760712884188523,-1.969818610596809,12.25116131398
771,1348,-769.0999755859375,,False,False,1.1150241993423127,1.4765069696486088,-1.415607581221095,-0.14087231781383644,-3.284972537502458,1.3588912678021599,12.87625056838337
771,1349,-773.5999755859375,,False,False,-3.949085765104087,0.13162533197347243,0.9393615334119759,0.7494072930300717,0.9047485567356591,-0.5662209854702916,16.472062705223237
771,1350,-758.7000122070312,,False,False,-1.0235655098999044,3.8971392332874104,1.8500947548601974,0.2539131257177933,-3.3085572004527646,3.809513545658147,14.928729816073186
771,1351,-767.0,,True,False,-0.9364213376594985,-1.8347946188953808,0.8913171460822893,-1.7998296823232094,-2.6786477956063695,-3.3468006684005007,17.39510903811256
771,1352,-758.9000244140625,,False,False,-2.5451110044094287,0.4793611337860191,1.5398980103622495,-1.307208050393721,1.4646951132690225,-0.12465705366434199,16.42697367703965
771,1353,-765.2000122070312,,False,False,3.035635866950699,0.030406065126049046,-1.7681472232544473,1.2333346561641187,-0.13088553786366305,0.9537470458094253,14.887709693710697
771,1354,-755.9000244140625,,False,False,-0.08279436752239731,0.790311224949674,-1.891911137080016,0.8731289362157543,-0.9728193452573558,-0.3380538692612442,14.960168366294551
771,1355,-775.2999877929688,,False,False,1.2605740911105996,2.9723882456679056,1.088240272307197,2.2144739930865542,-1.1542852445824263,-0.9661491881116703,16.074285422280692
771,1356,-763.2000122070312,,False,False,0.35360017268705235,-0.6100189746585533,-0.6002663063868056,-1.1728078143460938,1.798771505361553,2.3218779094826867,15.045703951541277
771,1357,-766.7999877929688,,True,False,-0.19887929683384847,1.847655204444801,-1.1479904037762487,0.6822300252497847,1.8502149005327106,-1.8299753875128175,12.968944857556554
771,1358,-763.2999877929688,,False,False,1.9813679383250145,-3.374331876611882,-1.3135315271434076,-1.420541295579176,-1.162454693693661,-2.2402416784017873,15.05089849732166
771,1359,-766.0,,False,False,0.1821915650385723,3.38829238174859,-0.7104124353763048,-0.41669020072166807,-3.2626837562311635,0.753867556799118,11.244362106302798
771,1360,-766.7999877929688,,False,False,0.17638947678122407,1.4416275837925234,0.05237235585557822,-1.6891766429042794,0.05097982326382473,-3.6050036956860523,16.191326377329535
771,1361,-760.5,,False,False,4.115187083914369,-1.7329893371850034,-0.2898078557048736,0.7123558768160528,-0.16704364806658942,0.4557686367018004,15.187986497225337
771,1362,-763.0,,True,False,-1.6357175110915434,-0.22628360826089422,0.8924813979426045,0.8940535476335422,-2.4583056963445773,-0.7320869801588061,17.3292502228268
771,1363,-777.0,,False,False,-2.9207841434217365,-0.6306166259808063,0.12062390272353395,0.4033709436774462,-0.7174561724816494,-1.8410791605074648,14.137010510271663
771,1364,-767.2999877929688,,False,False,-2.7889427216439855,3.080234237983293,1.609508242983934,1.9398707354363256,0.5821677153263778,1.4032105303510212,15.633970094441066
771,1365,-777.0,,False,False,-0.010876214843501184,0.684790476118004,-1.008940748443892,0.48524188980652894,3.0121220882736877,-1.018105815390808,13.957270395076192
771,1366,-750.9000244140625,,False,False,-2.3722247384138195,-4.94038292800044,0.8750715753006344,0.42804828145797963,1.0400318286567287,1.0451433873833815,20.556513033011814
771,1367,-767.0,,True,False,-3.0379070051796693,-1.9167604773014078,1.877413192154137,-1.7937095806699415,1.5426449771153758,1.236674131275917,18.658563273035732
771,1368,-769.5999755859375,,False,False,2.637500612479383,-1.131692183989047,-1.0363257960287633,0.3229858061553613,0.5227790176515178,1.356191706865135,13.461740244760469
771,1369,-765.9000244140625,,False,False,-0.500621684558041,0.5928903053471427,-2.4810817345578546,-2.9010680587435522,4.015798146598705,-0.5636837872416464,14.76507455194555
771,1370,-770.5,,False,False,-2.0783316009307784,1.3987421838040648,-1.7660650601689107,2.287072878072377,0.8499968357450158,3.217400237336019,15.739474731159094
771,1371,-757.0999755859375,,True,False,0.9550194824638848,-1.6136538021344982,-0.18805960384495207,-1.640925825595776,-0.6035502194380103,-0.774217802039791,14.751698387599598
771,1372,-757.4000244140625,,True,False,4.5384420545216795,1.5678872289583345,0.803064002267311,1.2194795318552398,-0.2819436549493335,0.5549509728632714,14.19046478215313
771,1373,-763.7999877929688,,True,False,-1.842080121014157,-1.018705314604406,2.2783961867967046,0.2942530018689798,-0.9647941961258825,-1.3430942448789491,16.221198139823272
771,1374,-757.7999877929688,,False,False,-1.0466101930284069,-0.3903747614325084,-3.2643905661309214,-1.9086589609130835,0.8739366697962413,-4.882503597024427,17.064591749618145
771,1375,-770.4000244140625,,False,False,-0.8944793389593594,2.5933905721844206,0.16227762743004634,1.4693710157425075,-0.9006570493570931,2.4529959781816952,14.178699727177529
771,1376,-744.9000244140625,,True,False,-0.7471713773085357,1.3018236033972632,1.2593617011894838,-1.8782800915014697,-0.7404115180605266,0.4001986408138265,17.61847712562282
771,1377,-764.0,,False,False,3.8183326896768994,-1.0204527784568358,2.028656145278149,-1.7925808824248604,-2.70839385478842,1.413723604658123,15.240979020812153
771,1378,-759.0999755859375,,False,False,-0.5792948397084263,0.7689311924129683,1.924455157919165,-2.193495912544887,-0.4037687444305623,-2.6241133374938905,16.580589005019053
771,1379,-772.2000122070312,,True,False,-1.5924167253962467,3.314201005105975,1.2188956884107334,1.347742860009407,-0.6831237783572038,0.49022239817547764,15.612732361266296
771,1380,-750.9000244140625,,False,False,1.6097694615574387,-1.4316485905138903,2.4473401598683155,1.307310585876372,0.25979511895915774,-2.387841045345488,15.129847347017856
771,1381,-770.0999755859375,,False,False,-3.3204630462130194,-3.5109584110083727,-0.5894778283613671,3.3149598674724334,0.6122678283811014,0.10978682277385216,19.664960645093668
771,1382,-753.5,,True,False,1.8883892718856372,0.2697302835102506,-0.4433903167998415,-3.017095365347608,0.8708740528948405,-0.6406992241756684,18.684679964754555
771,1383,-761.9000244140625,,True,False,-2.617438838320128,-1.4031468703478682,3.2493265868257732,-0.6038839190821766,-1.5272090735148725,0.6219239041838355,19.53653890935791
771,1384,-777.7999877929688,,False,False,0.3095256022944838,-0.9103534135090398,-1.6409006343930723,2.6143943983794977,-0.8423177357183312,-1.539259789265329,15.11610176685626
771,1385,-763.9000244140625,,False,False,-1.7868234993036678,-2.622071505806457,0.8339464910151105,-0.2280244492656111,0.845733875034281,0.33991400697372837,17.60723168600148
771,1386,-772.0,,True,False,-0.23756065048497976,-1.7356706394595298,-0.15498011848903445,0.40287126332368695,0.806531793195284,-0.13249918608884667,16.094943282551323
771,1387,-761.9000244140625,,True,False,3.565735500324776,0.10101018482652332,-3.4362200783893937,-0.5552655943278072,-2.719114641527417,0.38238149515916936,14.10291952317445
771,1388,-768.7999877929688,,True,False,0.10341634266971736,-1.320956998057974,-2.246902275443707,-1.130061466548828,-0.7645920334843439,0.05020915833788675,14.718299699225062
771,1389,-775.7000122070312,,False,False,0.09562616440647417,0.6979356967475163,-0.5250101993960539,1.5496804544646576,1.976265107209771,0.20348950574659766,15.40765751828027
771,1390,-763.4000244140625,,False,False,-2.831905586849756,-0.9628913979940954,1.8182925631389715,1.335257413056439,-0.02160047678909624,1.5425631126877895,18.29764263825222
771,1391,-772.5,,False,False,4.10387747889444,-0.6612030868879464,-3.399008282904042,0.7450775731336986,2.072272421956928,0.6721865699054974,14.963138743722231
771,1392,-757.5999755859375,,True,False,-1.56813906781358,0.24996115363044688,-2.6405387909531273,1.969620571257854,1.7564643704326706,2.007359989974814,14.191816504615879
771,1393,-771.7000122070312,,False,False,-0.9766711945731316,-1.3118336632090486,-3.538929200160295,1.7560437464157814,2.0248261397992104,-0.6947594821949864,14.253465048516732
771,1394,-758.7999877929688,,True,False,-0.1309073404439758,1.6927374437848106,-1.0864530310699345,1.2823737654128111,2.190577899485341,0.6853627204131578,15.064256741237964
771,1395,-773.0999755859375,,False,False,-1.2301281069291274,0.28973294993032617,2.349617613662585,-2.095653773932585,-2.1346003567854517,1.3871361471664396,15.579501894964393
771,1396,-772.9000244140625,,True,False,-2.611784244865098,0.2569369656441115,-1.5049962301024418,1.2497063525190166,-3.103035984253084,-3.056204954310406,15.651068955945329
771,1397,-763.4000244140625,,False,False,1.8204364060858857,-0.6012742015999741,1.9735986312212594,-1.0051561879911906,1.9437767768699583,-0.1530384099124257,15.127994908680687
771,1398,-769.0999755859375,,True,False,6.008794668479293,-0.12023480293248076,-1.0110053680061923,1.4316108138268195,-2.2432506272302186,0.10176270038753321,13.555841635264402
771,1399,-753.5,,False,False,-2.1528736483879616,0.07926951565036922,1.1342269390237871,2.487047993616525,-0.4945299358863261,1.0277684748393119,15.879627677848937
771,1400,-773.2000122070312,,False,False,0.5465024236314999,0.6093716365957085,-4.1750527451151775,1.953479125770973,-2.179628951319397,-0.1510939754496961,13.574304022535964
771,1401,-749.9000244140625,,True,False,1.644425307255821,-0.8891026436598797,-1.359445266002174,-0.4849489058390855,3.315849191504824,-0.32396207432849133,13.473747923033722
771,1402,-772.9000244140625,,True,False,2.1707727868960602,-0.22350968484986983,3.2079155092904985,0.3761927052708438,-1.0516998880657897,0.9778469345983012,16.71181122823691
771,1403,-762.0,,True,False,0.706548337881354,-4.435092762196682,-1.4940043165833121,-0.9771885085616581,-1.2605832963168728,-0.1320517324704209,17.12289575464248
771,1404,-751.5,,False,False,0.2620580602885949,-0.4495715416920307,3.8627997319740657,1.83119427434831,1.486600965047291,1.475800703182134,17.954977055261274
771,1405,-766.0,,True,False,-1.2848298007819705,2.085626359122019,2.674904270410685,-0.09476595158778388,-0.21256224032070692,-2.0792014769280565,15.977339875460572
771,1406,-758.4000244140625,,False,False,3.633809875141821,1.0288741224881377,1.7498302750152925,0.7635421289097374,1.0273754283121834,0.9117160501760532,13.926642871029344
771,1407,-774.0,,False,False,-3.132676357792513,0.564004991816878,-1.2292279129712194,-0.07517067866451524,-1.3068576164519183,-3.289364324665387,15.110978260528034
771,1408,-757.2999877929688,,False,False,-0.5959759700476344,0.0630858692121065,-2.212644651185146,0.6551190239244828,-0.16782334787568962,0.6374544890204039,15.386117448594812
771,1409,-775.2000122070312,,True,False,2.7350267468459526,-1.7003216404839825,-1.5557098086611456,2.262340351877068,-1.0707158346234094,0.36194510224428994,15.325319278312215
771,1410,-776.5,,False,False,0.0711697729640362,1.0712611013065731,-2.11541000503097,3.0748723789388595,-3.0475618130880333,-1.7543545498392767,15.14526004305976
771,1411,-761.0999755859375,,False,False,0.28075863329319367,1.6051846493108985,0.30520110484980345,-1.7127282016935277,-1.2585820570021151,-3.371452297528194,15.19399226315141
771,1412,-773.7000122070312,,False,False,-2.86558913203378,0.4540472978126751,3.751757733961876,0.7860590947721127,0.28967146913779324,-0.6551436471934426,18.018865361440696
771,1413,-780.7000122070312,0.7741935483870968,False,False,-0.8203130754360082,-1.7666611568595914,-1.5796985533029642,-3.488474109376071,-1.2316857320180459,-1.6846359763755554,15.085693751822028
771,1414,-770.9000244140625,,False,False,3.120502057733266,1.2420294907367992,1.0399456666099036,0.6897226863369801,1.3469870825873576,0.03858884297965367,15.476159439260353
771,1415,-755.2000122070312,,True,False,-0.902506746069212,1.0028372224840094,1.5264906432188774,-1.2508890901859624,-2.5041526041745787,-0.06909368208582682,14.730295646165377
771,1416,-774.7000122070312,,False,False,-1.3468885895792904,0.885817294348185,-3.5643064254693644,0.3957438114028184,0.5588910196455235,1.4802824978938127,12.992733021829652
771,1417,-752.0,,True,False,0.47505947079452776,-4.663500931535295,2.3457888032414176,2.2279221703132945,-0.3635441726355122,0.3709633511012259,18.969800179063093
771,1418,-765.9000244140625,,False,False,-0.6180811456825468,-3.466952463598125,2.298485615829431,-0.21829330999947252,1.0323171677609237,0.7325831097471819,18.396320111201263
771,1419,-762.7000122070312,,True,False,-0.19858862499220697,0.8142157109711541,4.216322909179722,0.33476266839521646,1.6820815356457153,0.34787564929723336,17.1582407431518
771,1420,-786.7999877929688,0.6935483870967742,False,False,0.44099263488821505,-0.39034137513466577,-2.862693090637972,-1.8086702201268348,-2.1985222474328108,0.7262195861589475,14.23102409293097
771,1421,-767.5999755859375,,False,False,-1.4180657306723525,-0.04578915259152431,-1.323605121949209,2.413880038122758,-0.6773617399627299,1.5214795468068474,13.529424144904748
771,1422,-758.5,,True,False,1.7578338276608525,1.4053612160386375,1.240469073278343,0.6560958173187068,-0.479452021450666,-1.888612056171675,14.209574563590255
771,1423,-771.0,,True,False,-0.48160779160698813,-0.9527740455357331,1.190169870280355,-2.830046103395764,-1.3563796332619018,2.849196675558925,16.764317151299167
771,1424,-764.7000122070312,,False,False,-3.364947412688619,0.14736869958775312,2.71478024874511,2.964187161450433,2.453421343037543,-0.6711233060217094,19.153449468712356
771,1425,-765.0999755859375,,False,False,1.4032469747515468,-0.9857930462534646,0.42431669527699795,-2.078743568799357,0.19573056773376926,-1.9186082418227899,16.028159383854664
771,1426,-758.5999755859375,,False,False,1.7651091275218085,-2.3031358716928265,-2.625635777276707,-2.81415177939571,1.5687722223870548,-1.2068385899211127,15.600477226801548
771,1427,-777.2000122070312,,False,False,-1.840996994517477,-1.2152567120343187,0.573671863954815,-2.574268842564581,0.8952232147545403,4.5027739174322905,16.903155194763116
771,1428,-773.0999755859375,,False,False,-2.75203832641102,1.8525316998929868,-2.1846739676875666,-0.07300134939277125,0.023341091945529958,-2.409798590938026,15.810998846042285
771,1429,-770.0999755859375,,True,False,2.622082329132632,6.088229431422845,0.43275979318817537,0.641946396136924,0.23852282640446915,-0.5109485063478786,14.228499180179831
771,1430,-772.7000122070312,,True,False,-0.667129566933929,0.6831098539055882,1.7901011729241934,-0.8737024595811582,3.4916600422540425,3.3365547326265284,16.21338289811403
771,1431,-767.7999877929688,,True,False,-1.382120652469772,-0.8817989363251045,3.076734786264924,1.683562268946373,1.36243051509047,1.1608436914189482,16.251477315292565
771,1432,-762.2999877929688,,False,False,1.84303990680031,0.725632781160464,1.1895580741852492,1.03732635250837,-1.0176145549672595,-0.18365544214187834,13.831685124921998
771,1433,-754.2999877929688,,False,False,-1.5705254222365577,-1.110596741156751,-0.5943607402030306,1.316496338959296,0.40429400138688676,1.591196698387932,15.208614144060643
771,1434,-775.2999877929688,,False,False,-1.5456602640822479,2.398935683362047,1.2678431919587472,0.4365686763990283,-0.2630414337129126,-1.9816416060578073,14.825206207076144
771,1435,-749.4000244140625,,False,False,-5.079656810834548,-0.06432022037650803,-1.0622746704276231,-1.091652089038908,-0.04452312728512928,-0.09549926693167173,18.041335689465807
771,1436,-789.7999877929688,0.8763440860215054,False,True,0.6105730584585919,0.04935678862517934,1.610008745689008,-0.6498032470183519,-0.967126940883988,-1.5125788855254554,16.03552735646514
771,1437,-768.7999877929688,,False,False,1.3209762297650853,-1.840350564220506,2.216740180177929,-0.5356176708228797,-1.9042726875696663,0.7734936111429733,16.205896962743008
771,1438,-752.5999755859375,,False,False,4.076239666577764,-1.8401759384415195,-1.4071019658634243,1.1726722584102607,2.3323823478429055,-0.6162878744501027,15.531170622762266
771,1439,-752.5,,False,False,0.08749089093211257,-1.856764934607351,-1.087271799423378,-0.1433896316212458,1.187571414485552,0.9053259050884795,15.201627373758276
771,1440,-757.2999877929688,,True,False,0.11180731735816701,-0.4567790754935223,-0.5663577042381556,0.17151021816844017,1.4861187439084893,0.09849566893535758,12.845059961799178
771,1441,-755.5,,False,False,1.9267349972603105,-2.2894844286301543,-2.0092577684245114,0.08460867853518145,1.590055974730656,2.3985071522652106,15.37509621822122
771,1442,-769.4000244140625,,True,False,2.953229873815581,1.9648263084446569,0.7074133085662829,-0.803665758795938,-0.3213994833418267,-3.0308444474054035,15.406691738800804
771,1443,-759.2000122070312,,True,False,-1.397459346264085,-1.4390348036073517,2.325569288578921,-0.8482689991643954,-1.6170685920562158,-1.7232083965545026,19.816930552868318
771,1444,-774.0,,True,False,1.4670988591214842,-0.44290462605607694,-0.08939552302228064,-0.3911486774894703,-0.5903918816819022,1.3543013540218203,15.392446421149138
771,1445,-775.0,,False,False,0.6204664363955608,-2.1409605817706243,-1.3676072726875317,-1.9940173966946302,-0.2589052105861522,-1.3796244311770873,15.751139454601741
771,1446,-769.4000244140625,,False,False,0.6437239294605305,-1.0943097624155473,-0.05258308418625938,0.8481873773820321,-1.012622710392626,-0.8054442538872062,14.71733881040328
771,1447,-756.4000244140625,,False,False,-1.8271744349952281,-0.008808154526274516,0.07147678959378988,2.1448841951617346,-1.2009316578765286,1.2806639458371636,15.654060899933372
771,1448,-766.9000244140625,,True,False,2.7342829852698913,-2.4867476642553794,-1.015664752700157,-0.975147109691306,1.549114745062535,-0.06204794981766775,14.370933479393013
771,1449,-762.7999877929688,,True,False,-3.464284015842622,1.1798020718082347,1.061583702550491,0.6981052089406746,1.0217009560626817,-1.054791606385277,16.240917545491484
771,1450,-754.5,,False,False,0.7104399455134115,2.145389627951677,-0.5308224682560766,0.4417595604814834,1.9609130996637159,2.430448294943408,14.475205851653667
771,1451,-760.0999755859375,,False,False,-2.1607640923544387,-2.6928065312883946,0.1183520252690799,0.015677560410353654,-3.2394663912983694,2.3069017739296034,17.06078334741789
771,1452,-763.0999755859375,,False,False,0.006469487677450081,-2.326990073069537,2.5525498265131144,-0.8396991542288575,-1.619949450842126,-0.7494582799749138,18.731442529569133
771,1453,-776.4000244140625,,False,False,-1.678520532949515,2.0707699931673598,0.7374758915312705,2.2808429961818484,-0.01827368715064556,1.335290609772679,16.941814600896166
771,1454,-752.7999877929688,,False,False,2.0918631505052,-0.5907016784137928,2.0138342631404544,0.06502509817906128,0.6849864495972918,-0.13352978938829563,15.040358423248561
771,1455,-751.9000244140625,,True,False,1.1597735321166396,1.817271296358009,-0.16791767328547247,0.2890184989994659,1.1685324762725455,-0.8983122921487424,13.622803163144926
771,1456,-769.4000244140625,,False,False,1.8184113669270459,-0.7161152728753764,2.5793011707456697,0.8085550070067145,-1.7212524103533733,0.017153345034528446,14.23246667283276
771,1457,-767.2000122070312,,True,False,-2.915312172522998,1.6265708973103021,0.8703169872833534,2.2233100506681716,-0.046422227142025985,-1.0676271661469114,15.588369297138618
771,1458,-767.7000122070312,,True,False,-0.9289330211596992,-2.8390894108647284,0.29656457375488643,-0.9921234442424252,1.798130599606987,0.4038565310679016,15.860703413606377
771,1459,-774.5999755859375,,False,False,-3.077223161929796,-1.2198768872175045,-2.238181079897815,0.43541991985775685,1.9021394805049876,1.7311860394936534,16.878558102089947
771,1460,-746.9000244140625,,True,False,-1.1673287114406106,-2.871051907674569,-2.853849937072239,3.99892861626831,-2.230448975809388,3.2300643603542074,17.531306229301293
771,1461,-770.0999755859375,,False,False,3.7037503435349493,2.926029489825156,-1.3505815596977913,-1.2111338411520585,0.06790025473268127,0.6244556821002998,10.4934654976897
771,1462,-762.7999877929688,,True,False,-0.05851475758934043,1.6452449914420701,-0.8462001315875293,3.5858520015800885,0.9832940264945282,-1.7693518161495432,13.544577669369895
771,1463,-764.9000244140625,,True,False,-0.8874853300432887,2.2879221281086846,-2.225699424770576,0.7732058948095625,-1.9050333546797031,-1.9861435887874075,14.728333612722363
771,1464,-776.9000244140625,,True,False,-0.8274173809871903,-0.5055682682602022,-0.24986519243076347,-2.0632772356745086,0.0009364055229763657,-0.18980164122811044,15.806813224418802
771,1465,-768.2000122070312,,False,False,2.4054270430452713,-1.115057835605313,1.1882344225615313,2.003103697466743,-1.8870415243800267,2.912090235136832,14.552619516170578
771,1466,-765.9000244140625,,False,False,1.4893857181558772,3.408048206465842,0.9322394758120242,-0.06017084277437064,1.9863983105860445,-0.46131162507849455,13.190757252811956
771,1467,-752.0,,False,False,0.9800802717741383,-0.4847954690493445,-0.8371954557405108,-1.3579631211065304,0.890901634909753,0.7682103876952104,15.593312092760877
771,1468,-772.7999877929688,,True,False,-1.7187894726784865,2.3121342032798102,2.229674791030297,-2.7269248482449955,-0.3149157188698816,-1.8056999901422763,17.76128400599478
771,1469,-783.2000122070312,0.8387096774193549,False,True,-0.43296898147001933,-1.6897627121306902,-0.9974066977129258,1.0645126849052957,1.5083424925918072,-0.24845412242274806,17.429657281836953
771,1470,-771.0999755859375,,False,False,4.275308018027958,-0.5912770637087227,0.036154775063576984,-2.122112774881324,1.666141016963922,-3.1908622883671316,14.979939597118287
771,1471,-750.4000244140625,,False,False,0.6869597671515159,0.5401496043648922,-0.059031297525604175,-2.3828043001790964,-2.529830187658311,-1.0369441544077618,15.387851597447039
771,1472,-766.0999755859375,,True,False,-1.355942354785313,-1.4418062558860099,-1.1437005538686684,-4.993266150315249,0.0825501334775995,2.836325775539904,18.113226387101008
771,1473,-767.0,,False,False,0.05835744977033438,1.4156074467525863,2.307353034848936,1.593265283988806,-0.27734778532096943,0.4314690756128442,13.718827512125513
771,1474,-773.0,,False,False,0.20352439039624276,-1.9007626151775978,-1.1930162020087607,-1.50006075421845,-2.0179439312591074,-1.6180114114679318,17.6613250319642
771,1475,-761.7000122070312,,False,False,0.6552476890222539,-3.4884762771689903,-3.245794752001045,-0.11529679219133954,1.165502584510665,-0.6963177862689938,15.032766382624061
771,1476,-761.0999755859375,,True,False,0.30855232003943645,0.5171418375046911,1.5908374727959185,4.534497258716633,-0.6734097673627109,-0.17413720884596662,15.798783568990057
771,1477,-754.7000122070312,,False,False,-3.5167221542647726,1.213566230341953,-2.7075442904103135,2.373818596746019,0.19524816243632465,-2.748966176505158,16.792532050483977
771,1478,-757.0999755859375,,True,False,-0.488562899961025,-0.06317497055932947,-1.1581624789992806,-0.690134943603332,3.2127915271948213,2.818611696578899,14.87586629927909
771,1479,-759.7999877929688,,False,False,-1.7416565874015402,-1.589883777713098,-0.28357459614624575,-1.6610898334136022,1.0995443978151316,-0.7106732316696008,15.2484126276952
771,1480,-767.9000244140625,,True,False,-0.9986613541561394,1.7003257180315579,2.240057095213731,-0.8146786712518561,1.4558365365044978,3.6040730515272785,15.32136403843603
771,1481,-774.9000244140625,,True,False,-3.0238988060077934,-2.996778896067214,-0.29594875535748094,-1.100566476357118,1.4932357707070893,-1.8096637754694385,17.44775400338136
771,1482,-780.5,0.7473118279569892,True,False,5.413708778845646,2.5395624115681517,-0.37912600343676406,2.4262783962164938,-0.6226037128642595,-1.5093314425067883,12.320664257454949
771,1483,-769.7999877929688,,True,False,0.09108462026783187,-1.4777051058074109,2.769289113037209,1.3488084978865702,0.04668255342220938,0.37495767295715243,16.743572377955324
771,1484,-766.2000122070312,,True,False,1.8565090729405904,0.43318502078993004,2.102446055874438,0.2368554655755939,-2.1478157551016483,1.0858178790734543,15.919660940706718
771,1485,-773.2999877929688,,False,False,3.201184404345198,-1.092720491494014,1.3138793876177532,-1.8622016496185638,0.7451220184260166,2.548458197669277,16.78753565476574
771,1486,-776.2000122070312,,False,False,-0.2626368800071337,-1.1586413287037822,-2.575426452511513,0.07092676774542418,-1.0676411912979078,1.8991229792218212,16.408766450577527
771,1487,-766.4000244140625,,True,False,1.3502122146617728,4.41272201278802,2.8491063650362793,1.003407327009621,1.122848762105585,-1.0712363159305036,16.022022086353648
771,1488,-760.2999877929688,,False,False,0.37000324358195796,3.286272045265793,1.7476491416392546,1.9057944600632724,-0.2651651815454131,2.7739864241164685,14.544718388466336
771,1489,-764.4000244140625,,False,False,2.0189470773317315,0.29880794727603627,2.3732135581368046,-0.6090213321143477,-2.4379880012971618,-1.0511898525841241,14.25362381402643
771,1490,-758.2999877929688,,False,False,1.398253857053019,-3.6681277053203756,-1.3813755238524734,0.47285386461239226,1.5301107875047837,1.7939677208360627,15.298805390977853
771,1491,-774.0999755859375,,True,False,3.1283014098000623,-1.9997113678598193,-1.0227746647290015,-0.08454892265528621,0.1985278284657371,-3.2976350649622956,15.778699815995285
771,1492,-761.4000244140625,,False,False,-0.8012117386062834,2.3081961403765625,1.2913454048042623,-2.064301095942188,0.898613294865276,-1.871981139757106,18.575000868106013
771,1493,-759.7000122070312,,False,False,0.6736176773770824,-1.8752080507114013,3.886682037624124,-0.8623926900394016,0.6687610481089891,1.3029416213548726,17.02825530811379
771,1494,-773.7000122070312,,True,False,1.6287121996201899,-0.48937480640479925,-3.2814714868208297,-2.830387901122953,-1.4116873144602928,-2.860501174253276,15.790088764200721
771,1495,-773.2999877929688,,True,False,-0.9931746578824445,-0.5703646271010788,2.710344334264427,1.3719467304014346,0.9791104730884101,1.8559968883628852,15.829595553408824
771,1496,-762.7999877929688,,False,False,0.6746413369362009,-2.19984326050527,1.6021035340469192,-1.1023574042453728,4.813235682507025,-1.167609487151421,18.50614962752251
771,1497,-766.9000244140625,,False,False,-1.5295727755177773,0.25483928627336916,0.04807608082777008,0.8026011875848879,-3.8054061408083966,3.0241696988574374,15.963029982634708
771,1498,-756.0,,False,False,2.138021339760968,-3.6112881786001574,1.3309741144305853,-0.8567807302795157,-2.6640909977066407,0.9612907281384158,16.48555062298556
771,1499,-764.5,,False,False,0.5148632823169104,0.3901116440250043,-1.0495173073297774,0.4599587973572371,-2.0468239111972957,0.5594486193800245,14.726779950324357
771,1500,-772.0999755859375,,True,False,2.1033759317099405,1.1069906300868617,-0.05560973643026571,2.180948609620453,-0.1680961332719429,2.672345112782704,14.004385400044974
771,1501,-768.4000244140625,,False,False,2.442648039169901,0.41374312912813005,-1.136259216129064,0.16153634317873092,-1.0862611861237563,1.1940010301416994,14.43187347147225
771,1502,-763.7000122070312,,False,False,-1.832902547739272,0.12826282806200037,-0.4318253982669601,-0.5938245841031422,-0.23870107384704595,1.4292495417302986,14.782960724777606
771,1503,-749.2000122070312,,True,False,-0.4647043114338689,0.7898774251868319,-3.596310234917047,-1.0020157812094954,1.9199084392862615,-0.3781500213319911,13.924323253254393
771,1504,-762.7000122070312,,True,False,-1.260020635388994,-3.994373095645258,1.3874909520339611,-0.33556775033815456,0.3413314952084813,-0.8298322398478631,16.754095508849407
771,1505,-777.0,,True,False,3.9448740818418577,2.6229590329630166,-1.308519499452493,-1.13631887912881,-0.9324895628907881,0.7072459550624264,11.36525504087159
771,1506,-780.5999755859375,0.7526881720430108,False,False,-0.5443447533066376,0.09457521513715661,1.4849984470525046,0.955802598106031,0.7765857730096029,0.3577634546028948,17.574871934080672
771,1507,-766.5999755859375,,False,False,-1.0497889849082622,-3.548544993392872,0.5653223651656888,-1.1133694120432456,1.8028685847489678,0.8935136668885821,18.479530460754052
771,1508,-775.5999755859375,,False,False,2.0571959977460885,0.43040117682572804,-2.0936093771025557,-0.7781268721118605,-1.0586163586431736,1.672000486360125,12.945041638299278
771,1509,-764.0999755859375,,False,False,1.395023576380418,0.7643995674669744,-2.5610223100078926,3.6239083328883295,0.7605008250232338,-3.3844196899014274,13.835280545116797
771,1510,-762.5999755859375,,False,False,-0.6718553105794445,-0.9820014732695467,1.357137043865301,3.4453669279163024,-0.05442679929546668,-0.3880306303072221,17.772778754960324
771,1511,-765.5,,True,False,-2.0351529047167944,2.0532602143963765,-0.015040083753345574,0.5965520020988816,-2.0423516643865205,1.1344322421544621,13.19327662521191
771,1512,-764.4000244140625,,True,False,0.014535586685532067,1.787124087415935,-0.8955057155142266,0.8391602151080274,0.6520693764360042,-1.9567143978841006,14.48803892635602
771,1513,-788.2000122070312,0.7741935483870968,True,False,-1.9819884272018669,0.24254968056525505,-0.9800373751491237,2.53044699200189,-0.44833466466450483,3.69791501424845,16.620338924742327
771,1514,-772.9000244140625,,False,False,3.83973096521449,1.64088559652965,1.46475329826711,-0.7931525651502431,-0.9546770084875964,1.5064637435779031,13.795629131293524
771,1515,-764.0999755859375,,False,False,1.016514279091261,-2.97096991457427,2.968919022208057,-1.6305578284663682,-0.8658983010452858,-0.24131555972298963,17.42645905134138
771,1516,-756.2999877929688,,True,False,-0.5370637921023571,-0.5491858221743586,-1.3155017402644253,1.5428177251387538,-0.9445224532476837,-0.45097443106191076,15.986490290495157
771,1517,-764.0999755859375,,False,False,-0.19036436629204267,-1.0641612426337073,0.3220941229899993,2.4389564020500094,-0.5466561300687387,-0.9648939635899599,16.473988763064416
771,1518,-763.5999755859375,,True,False,-2.358458580467381,3.0525719709234864,-0.08680508862668868,-0.21011806323365187,-1.4759201550514516,1.7003785198734944,14.292998499419657
771,1519,-764.0,,False,False,-1.7072126474262064,-2.6690263843568713,-1.2924093813947881,0.7831864072929069,-0.46734504094873003,-1.358254153387922,17.476185974731376
771,1520,-767.0,,False,False,3.4710396154820042,0.465499366615367,0.39250868129646416,-4.797814609714717,0.2537357859384374,4.051599283749695,17.758514445659486
771,1521,-757.0999755859375,,False,False,-2.5490542699429897,-2.02737670616777,0.9593028757489669,-0.39242905709895637,1.4902576017403326,-0.28448754686111244,18.21516755005799
771,1522,-775.7999877929688,,True,False,0.8554298327233409,1.0140456555515698,0.4921346982078995,1.3430238940593202,1.4481485520574549,0.6424919696638708,14.853911563923413
771,1523,-769.0,,False,False,1.316561553274266,-0.08365601893294923,-1.4304225127175776,-1.540685149214921,-0.8862197574135366,-1.9636225552046327,14.082792614731813
771,1524,-766.0999755859375,,False,False,1.4109404719811338,-0.2474434676638751,2.5819928009796334,-1.236535501831076,0.6773945620455812,-0.3053495209462482,14.868801481619176
771,1525,-758.0,,False,False,0.7345633881535211,0.7935017250575347,-1.792208219996817,-0.051842595005012655,2.5086498984708587,-1.0569730596968747,14.492490442827046
771,1526,-769.7000122070312,,True,False,-3.0623032375168515,1.6387481525413865,2.080093641314995,-1.1803596411099695,-2.359827493528398,-1.1498807720892819,14.883202089567261
771,1527,-776.0,,True,False,-1.2058042134283116,-2.4838549861303627,-1.3133494972390625,-1.8776856213979118,1.7321209235789472,1.9947413892148738,17.38074999871115
771,1528,-775.5,,True,False,0.9116448013165344,0.33170640577135946,0.35536979016763637,0.14685162315345673,-2.0210120116251007,1.824794897167406,15.65273842870551
771,1529,-767.7000122070312,,True,False,-3.7078001242936103,1.4870094339636455,1.392117845477808,-1.2201776560050226,-0.6103489941448098,-2.6129103386855785,16.777038687971107
771,1530,-771.9000244140625,,False,False,-0.5277944718114547,-0.3017178753870762,2.8983119386953287,-0.9645331711393074,2.751199874575004,-0.36607256675549055,17.453324851239387
771,1531,-777.5999755859375,,False,False,-0.4485850930921328,1.350044400548675,0.43319909435305104,0.376379235657908,0.7710607911615148,-0.030614555512392252,13.357469646705397
771,1532,-773.5999755859375,,False,False,2.9871128045713236,0.7263876143637009,-0.2379468093713012,0.5379274489201994,-2.0441930196170213,-0.8392539536052993,13.690851248621406
771,1533,-774.7999877929688,,False,False,0.9982511186269403,-0.43449128097233275,-2.59661826845117,0.2825178978853845,-2.1401013212918683,2.160138135338573,14.60418683188027
771,1534,-764.0999755859375,,False,False,0.465274832132896,1.6412299659240113,-1.180593786382415,0.6178528871472564,1.5221877499171097,-0.40934166323863364,12.83591854327222
771,1535,-760.2000122070312,,False,False,-3.8217443378708684,1.0367385177136905,-0.7381801334284542,2.339899899735362,-2.1298104790776136,-0.6979043436484326,15.098715017520583
771,1536,-765.9000244140625,,False,False,0.9968725081609103,0.8777039184108252,-1.561149186046042,-1.7479384090974581,2.501147382834005,0.11287439905131098,14.695202555064915
771,1537,-759.7999877929688,,False,False,0.14843288785779332,-3.331065792274147,-1.7678023064098698,1.4021240814592495,0.21947881451124787,-1.314067277649446,16.835679854501368
771,1538,-785.0,0.6182795698924731,True,False,1.9410633483955286,-0.13049762331463968,0.06453651510782987,-2.34130388457712,2.432176894848486,-0.778955628121147,16.837157763962427
771,1539,-777.5,,False,False,0.2480712646044611,2.0476318403454234,-1.1007177032649478,-0.9566793625320289,-1.952013814008946,-1.5583774910399735,12.625824538076719
771,1540,-755.2999877929688,,True,False,-2.489854857537292,-2.3386976209734676,2.3716487545990756,0.9964512379183812,0.769591020238679,-0.6398247037033408,16.181608862086986
771,1541,-756.5,,False,False,-0.8889835532798138,-4.044308492728641,0.7722783829688337,-0.35028047422514175,1.9467778848666575,-2.198271489793595,17.64749985494698
771,1542,-762.0,,False,False,-0.8688325567127829,0.11249432064854926,-0.42002944922632757,-0.2931363372441984,0.007594104048798266,1.9198261353169237,17.040400638492034
771,1543,-759.0999755859375,,False,False,-2.2436778662885013,-1.3707715094994832,0.2815110322755402,2.252587324668849,0.3779607282491639,-0.451208176132212,16.212974725372725
771,1544,-765.5,,True,False,0.1825859455091971,0.049168877681313145,2.7701256571524575,-0.020926663318045054,-1.6045677164336218,-0.2478121550198456,14.974042838485248
771,1545,-760.5,,True,False,1.574479316846814,2.6327646827586193,-1.498930772532041,1.0325604611127905,2.83445798959274,-1.5811368866066107,14.871378255888851
771,1546,-771.0,,False,False,0.45833915409908105,2.520282746356826,0.7701313865938163,0.642913702830138,0.30001726107658383,-0.3119788052174465,15.05235565188757
771,1547,-766.7000122070312,,False,False,0.052815387017098286,-1.7871630848157698,-0.1986244807333502,0.6047524202891456,-2.061615720131638,0.5835001069835848,14.584184997944773
771,1548,-760.9000244140625,,True,False,-1.0278006336872667,-0.4843619023790774,3.036458034120676,0.08080346522170409,2.917731866856979,0.13181084223396713,15.0496630625731
771,1549,-765.2999877929688,,False,False,-0.3813921835568497,0.6950729461466297,0.22054281507044593,-2.189303142647313,-0.9838292471441014,1.7194580221764624,14.381531012483737
771,1550,-764.2999877929688,,True,False,-1.3730103379967746,0.21541552541040218,-1.4094738090920387,-2.8654549599608337,-4.2334202176167866,0.2886456431727943,15.295191065578184
771,1551,-778.4000244140625,,False,False,-1.0590767825067176,0.6448967117678688,0.25081701649149307,-3.1049981816375474,-1.5169848924302345,-0.8335255232051246,16.354685583295236
771,1552,-756.9000244140625,,True,False,0.9565568858612211,1.381006282986944,-0.5151721389403603,-0.6138959109981237,-2.3824053447838702,-0.8244751181385838,15.591303336901536
771,1553,-768.2999877929688,,True,False,0.9412961699131879,3.177922616783598,-2.7866928297770244,-1.0730576862712233,-2.330818827110688,-0.5882890580134651,13.028728079343182
771,1554,-764.2999877929688,,False,False,-2.700585115591681,-1.7563421289019916,1.148891214194373,-2.2400199919044677,-1.9259091218419284,2.8405605794102664,19.356588849044055
771,1555,-775.7000122070312,,True,False,0.9614196027347205,-2.721915389554563,-0.7951766950449864,-0.965042922599122,-2.5100680791840926,3.015121589055207,16.861796183832425
771,1556,-763.7999877929688,,False,False,-0.30493089408919183,-1.2088232834834747,-2.3533122788295384,-0.5968256553662961,-1.1559037783920543,-0.8410497235599577,15.544000132263253
771,1557,-761.5999755859375,,True,False,1.3761386098675876,0.6133746508019573,0.9454087627409425,-0.34564111460306957,-3.7027862767283146,-0.8011124178753857,15.026129495765959
771,1558,-751.7999877929688,,False,False,-1.2035220271829328,-2.028914129852673,2.513292243228899,0.4288889515657873,1.4522239628006786,2.962346184277377,18.574916054797136
771,1559,-777.7000122070312,,False,False,-0.2502133502816189,3.870302374509045,-0.9751274422568765,-1.511895519339052,1.1629340867544273,0.4625540849232049,13.797620685956733
771,1560,-747.9000244140625,,False,False,-0.9081473278951363,-0.7058465591342722,1.3323097278433755,1.2074689300027412,1.623455798787584,-0.3822952557877142,16.40025313672143
771,1561,-768.9000244140625,,False,False,-0.2031215032627747,1.7830745422539824,-1.4138591229093065,-0.6549497244571533,-0.38328009146840186,3.5309488716870576,16.21216254155599
771,1562,-767.4000244140625,,False,False,2.8639055743654263,-3.6383944475510117,1.1364132307030237,2.469087282678906,-1.5860639090626063,0.10087912167874745,17.108490923984974
771,1563,-776.5999755859375,,False,False,1.0891659602331516,0.17502297973353698,-0.36014120444961156,0.10335169279025166,-1.0225712353517125,-1.3413901624383568,13.219634259774326
771,1564,-761.2999877929688,,False,False,-1.9764530699668914,-2.563189942357302,-1.3524049269966802,1.8584162964764335,0.06491121796845142,1.6546546694884132,15.815954161004491
771,1565,-773.9000244140625,,True,False,-1.2761788026706484,2.228989272790029,-1.2121217068744699,0.6707546287547851,2.0606331286001147,-2.3752354243197975,15.654132830565842
771,1566,-763.2999877929688,,True,False,-3.278273443172542,0.4075453959311426,2.443419641186354,-1.0605084266800227,1.8694623084029272,-2.466682477670375,18.05223965211521
771,1567,-763.5,,True,False,-2.9705566510484793,1.1484164265226597,2.611742990717055,2.3399210879317285,-0.8330228210109659,-1.5242941886221084,16.731865330849313
771,1568,-765.4000244140625,,True,False,-0.9319308810901586,0.3184043967627103,-0.66339021966778,0.26314252720816045,-0.9212565612331676,-0.15623981231079864,16.58351665891923
771,1569,-773.5999755859375,,True,False,-0.027399852849358777,0.969091251998612,2.132205160746009,0.07177524751350257,-3.549088687752061,-1.3768353938757583,16.786457059184375
771,1570,-760.0999755859375,,False,False,-0.8564704493952693,-0.7536956498741872,-1.5837808794206492,-0.1107525833799412,2.2582233199795154,-0.902387922843494,16.534266535242796
771,1571,-782.7000122070312,0.7365591397849462,False,False,2.1379637216695886,1.4701289952369534,0.2654187233877812,0.7987252277039474,-0.9819869593076367,1.5613134692008437,13.906546345203363
771,1572,-758.0999755859375,,True,False,1.4058244004924432,-0.9248845138458308,3.3149212120090223,-1.4917172841954214,-2.9347788480409247,1.0745124478781531,18.872116956704478
771,1573,-759.0999755859375,,False,False,-1.3926550985296093,0.831836825831936,-0.555803085189212,1.7499059708322395,-0.7806259566597842,1.96760758930114,17.79706164190666
771,1574,-765.2999877929688,,False,False,-0.46473503260794086,-1.3898842070265702,-2.323447006442681,-0.18757582907589732,1.172154044663728,1.1412705488173522,14.19264927417112
771,1575,-781.0,0.5967741935483871,False,False,-4.733290253926172,0.0443667032153446,-3.219414055729636,-1.6668404946508888,-1.1933668446407897,1.0459620749686092,16.935742284456577
771,1576,-759.0,,False,False,5.652349670917761,1.2071027473043625,-0.7497201947852319,0.1860891035419156,0.031550174353030334,-1.5449626971435384,12.798994687119329
771,1577,-770.2999877929688,,True,False,-0.20993442970924203,1.516738988232255,0.1610834206879759,1.0266400396991358,1.3939183808267352,-2.9401787696185697,14.356533709738635
771,1578,-776.7000122070312,,False,False,2.0771704961059343,-3.635058322102381,0.3171939887615048,-1.5018582023512739,0.0049350403210669785,-1.6399362610516566,15.861581548975746
771,1579,-767.0,,False,False,0.9456587599836297,0.10278971051859531,-0.7187097960358573,1.6489732690160448,2.069886902306785,-0.6659085121840944,13.392924417204384
771,1580,-760.7000122070312,,False,False,-0.4314880156153858,-1.1224433505789655,-0.5229101651714082,-1.7557045945900214,2.380869892257894,-2.73967025738238,14.985722168812021
771,1581,-768.0999755859375,,False,False,0.3361949406993932,-0.6495970983837699,2.4403977667505226,2.8781893217675036,1.7550355339217587,2.1201246426921734,17.14959107251187
771,1582,-765.2000122070312,,True,False,-3.2847742264593855,0.6886136158048729,2.4278076931078587,1.45019509534959,1.7450310456428746,-0.5847452732672305,17.076517832209532
771,1583,-770.0999755859375,,True,False,-1.6768998795230663,1.1580668987640863,5.304900677677044,2.6821306552129647,-1.678485800248467,-2.879503601334551,17.437885419602825
771,1584,-766.4000244140625,,False,False,0.8048430992972908,0.1521449611640456,0.8251087192236822,0.03677036410037594,-2.7930572618637495,-1.2606571599058647,12.753697031064915
771,1585,-758.0999755859375,,False,False,-1.1753225542757886,0.9627788705783273,-2.50775274695058,-1.1106799668117986,3.686318184651097,-2.127917883395799,17.11829250088638
771,1586,-769.5999755859375,,False,False,1.9101991374764697,2.216672467001189,-2.5124382624910746,-0.38460258957674415,-0.024014353298203214,-0.6393502679659024,14.12719057116627
771,1587,-776.0999755859375,,False,False,-2.5344419087738803,1.1589558575755656,0.9244165716564947,1.619157194642758,-0.5025155990289001,0.5056891955767618,15.746095626929582
771,1588,-760.5,,False,False,-1.5263726128237323,-2.9729534799963164,-0.7987366805259893,1.033274503417875,-0.581496345660544,-0.7775907358244282,16.46715438016887
771,1589,-766.4000244140625,,False,False,-0.8870879165508303,2.031019526063458,-1.186937083511317,0.3498713776691068,-3.0772665507896138,-0.487445827525111,14.27771375110489
771,1590,-777.0999755859375,,False,False,0.5535848897901565,-0.9524701529163792,2.0175950533407745,-0.5828272019726982,-3.047269314640094,-0.9777432244852796,15.471443112891771
771,1591,-760.0,,True,False,-1.997201638101779,-1.737736000992278,0.7763268005070311,2.286146709905037,0.29538461746545963,-0.3079304256714889,16.730707862098708
771,1592,-764.7000122070312,,False,False,-2.6114321455113947,-1.8046426733362768,-3.3743539560541995,-3.365550763751208,0.5425399301127222,-0.2813970212247092,16.60621543302917
771,1593,-769.2000122070312,,False,False,-2.710557984971351,0.5794361815355284,0.281168820305845,0.14080180077723944,2.516999089886245,1.5471019226089433,17.18354988966243
771,1594,-758.2999877929688,,False,False,-0.4704119218550918,-0.6082659929844544,-0.714568628910258,0.984964218174242,0.40124568064501176,-2.4538839638151364,15.190321355740323
771,1595,-766.5999755859375,,False,False,-0.09676428958917362,3.3234763844083326,0.9520101912627191,0.6333233064774142,-2.31697315706834,-0.4911216710401848,14.117021034279126
771,1596,-755.2000122070312,,False,False,-0.032748642077324766,-2.922506924426593,2.275404401642767,1.15727706068465,2.181294935362895,-0.211335235549366,16.967454988107228
771,1597,-764.2999877929688,,True,False,-1.8026290062641415,0.6767213950754163,0.936362701831424,0.8720840916150105,4.360769507405553,0.3643961860629227,16.435687194754607
771,1598,-766.0999755859375,,False,False,-1.651114280291401,1.2309200984384427,1.4483404938221525,1.4336012638536093,1.3041088917016048,-0.3199012305661549,15.659620902836094
771,1599,-758.4000244140625,,True,False,-2.6351693618531815,-1.6121351873699414,-0.8847520166157471,-1.067728596378541,-1.865791643422751,-1.0349931821615632,17.77489797185796
771,1600,-763.7000122070312,,True,False,-1.6820153232912853,-2.6503923675689154,-1.7094456295222682,2.350522856651044,4.071165686202374,-0.49492674098404654,15.964398005856193
771,1601,-773.2000122070312,,False,False,-1.3964664213802553,1.6534786662562213,-5.376203426787032,-0.761691455048355,-2.494610441803859,1.710556844868704,14.80882949474194
771,1602,-764.5,,False,False,0.8907941501247708,-1.2031135909516597,-1.650519981289926,-1.6502702198733323,1.4919196439160072,1.526851572024571,13.780778119031352
771,1603,-761.9000244140625,,True,False,-2.2981147276957037,-2.6700222471885398,1.2011423805392791,1.3958293866092868,0.2244096221110361,-0.011236129365229228,17.164621752368515
771,1604,-770.9000244140625,,True,False,1.167090923545589,3.4054381204433666,0.7747339820245434,-2.4031022672328617,0.21968250082267643,-0.8206982261323765,13.506754615543771
771,1605,-766.9000244140625,,True,False,0.2220098547967281,-0.35624795088181965,0.5084945896432392,-0.7002879390112964,-0.8918372440389184,0.03092975241341184,14.34371933194199
771,1606,-739.4000244140625,,False,False,-0.9013984102896596,-1.1054229591250984,-0.4346516207475674,0.3324137156200058,0.8167150574711999,-0.5922386545409215,16.57559271283085
771,1607,-760.4000244140625,,False,False,3.873162692728296,2.4977204599766996,-2.096276433249036,-2.7872125977004747,1.61936360521541,0.5249445113787529,11.941538591011126
771,1608,-768.7000122070312,,False,False,1.0754210562226878,-2.1712393482392485,-2.549416728675728,2.0053500648137916,3.349955938282259,-2.1923701883048214,15.738134900114508
771,1609,-757.4000244140625,,False,False,1.9846694825706739,-0.396756085140281,-3.587158533439327,2.881748405122925,-1.7745190794091614,-1.827273024510725,15.728945188958171
771,1610,-757.5,,True,False,3.6681092895577327,-0.39299505223914505,-3.755952334260538,-1.5636740604980741,2.932029933797106,0.1423270439578659,16.276179033109475
771,1611,-749.5,,False,False,-1.5744202201183815,-2.5289953500804083,-0.6062404416080146,0.24608659983515432,0.176436243202835,4.097652812696677,15.714402296646893
771,1612,-749.9000244140625,,False,False,0.8085660416272399,-0.5624833592926454,-2.229912702441569,1.2784572078644427,1.182973572012428,-1.7934020529598067,14.44580276449292
771,1613,-767.4000244140625,,False,False,-4.24385466881883,0.4358437183898406,0.9894918220218398,0.505598683189244,1.7104881406937618,1.3648693833612462,16.98328979643197
771,1614,-759.9000244140625,,False,False,-0.6921143472572638,-0.6694059231157272,-0.18706901861021438,0.6995522032065926,0.494807965285835,0.577259287668019,14.621221596614708
771,1615,-766.2999877929688,,False,False,-0.8079462837756236,-2.8248668361472276,-0.4272026116817366,-2.999991772342732,0.5599278998870496,0.8087893533519375,17.277590662548203
771,1616,-770.7000122070312,,False,False,-0.9831034141728626,-1.4270623769400794,2.091254528017755,-0.10018907454572434,0.6381890598831609,-2.5479232705753265,16.609510198530543
771,1617,-776.7999877929688,,False,False,-3.666382626544567,-0.6498999671531199,0.8539808875806407,-3.070000866321266,1.4046031908396255,-2.4897764906208524,16.71202505433853
771,1618,-773.4000244140625,,False,False,2.632308878129757,0.5700125842798363,-2.859174241011934,-1.28828614716671,0.31734286992430616,-1.4841508451249048,12.9392458270628
771,1619,-759.0,,False,False,2.35558438227395,-0.20263126075668214,3.4346515005027585,0.6564973667529355,-1.3939279620647305,-2.043693182984249,16.486815500130618
771,1620,-773.0999755859375,,False,False,-3.8752868649230985,2.1628834761177416,-0.5282325969904108,1.7133162284402994,1.754044281989783,1.6807541585328163,16.759751331065296
771,1621,-781.0,0.7365591397849462,False,False,0.7015169485503121,0.3676796998488254,0.7516736812515024,0.4938338529522025,-0.6272530850187746,3.5960160444795752,14.99863291995107
771,1622,-774.2999877929688,,False,False,-0.9288826725210889,-1.2604986307546202,-0.4189042876169228,-0.29480107352209245,0.7610996864371492,-0.2625368521067668,14.083313669024417
771,1623,-764.7000122070312,,True,False,-4.650740988289058,0.44504853024356517,0.3060708337212104,0.1735649824918602,0.615789024537838,-0.44571769518835896,19.038070901148
771,1624,-749.7000122070312,,True,False,0.7842158472773606,0.4222437087298193,-3.7493369692540925,-0.33271644193651134,0.4491279138357805,0.8680933088923911,11.788388477797541
771,1625,-761.2999877929688,,False,False,1.9095007039952503,0.17290448406936615,0.7010725354749218,-2.177035041006298,-2.2893963785475653,2.5382091719874436,16.12262071963766
771,1626,-781.2999877929688,0.7150537634408602,False,False,-0.8842380529146199,-0.00839157718133545,3.1255833834815534,0.9586308090540986,1.3069563287975363,1.2993869612120446,17.341301093089424
771,1627,-766.4000244140625,,False,False,-0.4920499763054176,-0.01922356615536948,-1.61269826412281,1.2473022982752435,-4.052896215149507,0.656530781017982,15.53248618467361
771,1628,-779.5,0.6774193548387096,False,False,-3.6653969596414235,0.28215798120691377,1.1306259848669853,-0.7394774958503655,-2.2883783637252244,2.235571577210996,16.88206676834292
771,1629,-764.7999877929688,,False,False,-4.379090468133345,1.0066581236958108,-2.1546158504803867,3.363605795180192,0.17255006185676286,0.690612251790965,16.713962959540996
771,1630,-757.5999755859375,,True,False,-0.7516616237505118,-0.7469386474334984,-2.09183616146815,1.583402635458455,-1.0827424290612002,-2.094510167865357,14.656339589460044
771,1631,-772.0,,False,False,1.4903068850051144,1.1602326317644802,1.3760767548182844,0.5126236553076742,-1.7884466619816077,0.8348035974940696,15.467448837859358
771,1632,-768.7999877929688,,True,False,-0.24259591116377538,2.9428930531527633,-0.8433573632410192,-1.157567456753813,-1.6944646027297814,1.3790832334223337,13.754166047098282
771,1633,-760.0,,True,False,1.9743655844794628,3.5655530070228805,-4.751865598719915,0.49967516348239804,-1.2635625266167794,1.1632434767690187,15.200018835479064
771,1634,-774.7999877929688,,False,False,-0.20689606965376087,-0.3829784101391668,0.6578516144941559,0.5963670251397881,0.29534785402272995,-0.7528383996586939,16.091030579359664
771,1635,-779.7999877929688,0.7741935483870968,True,False,1.5033128605171306,0.05627933155929569,0.8060226876304916,-0.9666784518635686,0.6307892507391821,-1.2835251893782782,15.011482754901705
771,1636,-775.7000122070312,,False,False,0.5266621454463691,-0.6404365299763328,-2.0594075595907393,-1.5400734523240842,-1.6176744591142975,-0.2625703280506132,14.47445210415904
771,1637,-752.5,,False,False,-2.1872259710083104,1.84038409780096,2.888017697114283,2.264011618181471,-0.6700083128368478,-0.8968372091402181,16.915967539165194
771,1638,-773.2000122070312,,True,False,2.965809257375327,-0.04043297312342754,-3.8813650297666125,3.226443043108641,2.4669929389366576,1.3211962740601022,14.349943942303208
771,1639,-773.7000122070312,,False,False,0.18823832495850074,-1.4106898511676162,1.7444816787636896,3.234387056904805,-1.5594248411048788,0.08094110721078344,17.804731401992676
771,1640,-766.7999877929688,,True,False,-2.5507760411793594,-1.6346204447876558,-1.133066507207947,1.8834109964507568,0.7726684247130818,0.823343605955306,18.299806669043583
771,1641,-754.7000122070312,,True,False,-2.678205785675413,1.4665840405231791,0.6403449169492077,2.681463090772181,-0.0012276036156889688,0.5338674215613504,15.497482499034868
771,1642,-762.4000244140625,,False,False,3.7331652980811025,-0.8004126544465722,2.492369198079372,2.411739746936814,0.689639712565112,-2.265413165387231,18.105859668254503
771,1643,-763.0,,False,False,0.6793404346407969,0.26017916160702503,-0.432714941026822,-0.03388971063594634,0.21436901055296473,3.5212908961832934,15.161882058456744
771,1644,-751.7999877929688,,True,False,1.893755704339481,2.0584023734959143,-1.9912152465026483,-0.636390808882516,0.8860402236242565,-1.320319384526555,12.571268850315274
771,1645,-766.7000122070312,,False,False,-3.547092356053489,1.9005765278341658,-1.2530037560938827,-2.043324095622245,-1.0433335553976362,1.0296740018946466,15.066259829572546
771,1646,-761.4000244140625,,True,False,-0.6548818983159104,-4.2281994331154,-1.9634277440965544,-1.1346026363882495,0.2858856051609093,-0.9740532041552804,15.48240243041995
771,1647,-764.2999877929688,,False,False,-3.094027017210495,-2.193508161427711,-1.342166396976483,0.15621959705310695,-0.9165287548314923,2.4703881123715763,16.13607595342226
771,1648,-761.0,,True,False,2.1598217040513066,-1.0556726077332466,-0.9858406956896322,2.883365319788597,-0.6482102577006782,-0.8405489177026123,14.375602727611776
771,1649,-760.5,,False,False,-0.1256680308292476,5.217239002004291,0.9321537249711637,-0.6258328290857371,1.0514406701085564,-2.031275396825966,14.627272790597923
771,1650,-752.2999877929688,,False,False,-2.132256437021171,0.15053786679297324,-1.0979335266268244,-1.755771560484248,-0.30355381222049665,1.7971900444567168,15.127941106540806
771,1651,-780.2999877929688,0.6989247311827957,True,False,-1.4009400668452578,-0.7448910628292373,-0.12281127382352403,-1.6364877009198617,1.41189635537551,-0.656643625920136,17.729194592943212
771,1652,-754.4000244140625,,False,False,-2.0977469408485763,-0.865592915249094,2.5609856255397414,3.0786128242913002,0.6981826316043094,-0.43022688281399935,18.36238903922165
771,1653,-763.4000244140625,,False,False,1.8692004713875032,-0.8934604687862858,-1.1488682931695429,-0.19873160585256086,-0.2322308224090893,0.6415467708542668,13.43112039359569
771,1654,-768.7000122070312,,True,False,-2.635872155524702,0.40329478883682984,-2.599992115342287,-2.0099861592665094,-1.2625550802641454,0.6316863115145683,14.651348089432071
771,1655,-772.7000122070312,,False,False,-1.6429015498654562,1.2095516706451543,2.722724580728899,0.4403080606118159,4.046279948108651,1.023057472232518,17.049325210495308
771,1656,-771.9000244140625,,True,False,0.3718903247598933,3.230357571062256,-1.0986302189827473,-0.5556656763026712,-0.8168146495353821,3.5596257753416447,13.083788355394846
771,1657,-773.9000244140625,,False,False,-0.4022201202765837,-2.350854419174275,-1.3166475700535964,1.9769296168105208,0.7112961499441093,0.7303172291210605,17.593383287604965
771,1658,-767.0,,False,False,-1.3103146723407526,-1.2464888308093343,-0.45562165496321444,-3.605904557802103,-0.2195474052584943,-0.48157642178842497,15.505072120334772
771,1659,-772.0999755859375,,True,False,2.3926017260432655,1.3731080295297804,-0.02639673353512591,-0.6156068870323776,1.1595741519552178,3.0608338323556556,13.606426013629472
771,1660,-763.5,,False,False,-0.8673851195223741,-1.5740733881823885,-3.244087373934058,0.11821362028954943,-0.45149221153047464,-2.3854422974190825,14.286318288948152
771,1661,-762.0,,True,False,1.5923351855206362,-2.060546684447941,-3.6767053030879944,-0.7119845954887181,3.125093913771047,1.0988556480660536,15.637711621844273
771,1662,-772.5999755859375,,False,False,-1.8161606253973392,-0.45685419332372684,-0.905972098446838,-0.9032384080562075,0.1533650498815502,2.4162099297369357,15.768116338853865
771,1663,-768.5999755859375,,False,False,3.0082421860178163,0.9860124818365792,1.037540336071217,-4.392970208319732,0.6297066373481289,0.5600896117408519,14.9621647687013
771,1664,-759.4000244140625,,True,False,0.7137860200826757,-0.5968138479655924,1.7465447331321708,-4.059640752009695,2.5354131451645543,-0.11255415659543412,15.577360796352476
771,1665,-765.0999755859375,,True,False,-2.8260546781495735,-0.9491140937651867,2.3172322638742093,1.0630855371396155,-0.16983609928819576,-0.22246531120113577,17.678693841349695
771,1666,-757.2999877929688,,False,False,-0.1696559617751172,-0.1054384775704041,0.630902925607774,2.062148593648249,0.9793894763329264,0.06370863553164503,15.043735615165529
771,1667,-756.0999755859375,,True,False,2.050024294808033,1.6442924164137478,-0.26938637003622906,-1.106344299877849,0.6089935090333202,-1.2979923319633035,12.626075685918524
771,1668,-764.2999877929688,,False,False,-0.05995560808499207,-0.30798780566081935,-0.007649152331715172,1.5236022259110051,-0.1504375389234037,-1.7249383757219243,13.008988671146978
771,1669,-770.2999877929688,,False,False,1.1385223120034653,2.514098477948771,2.686085528865313,3.1716984824820194,2.2956929094134773,-2.0521662055434144,17.70373454375787
771,1670,-764.7000122070312,,True,False,-1.4316089005367338,-2.543490175181869,1.4516534061426345,-4.035207866812733,-2.166124790186893,-0.254092932283198,19.251414141059055
771,1671,-762.7999877929688,,True,False,-2.4120833996314945,0.6105595252119349,0.915895166269554,-3.776852735810207,-0.951787492384154,0.3325295567029885,17.534150600065566
771,1672,-762.5,,False,False,-1.7800231965787539,-1.7178801726112354,-1.7263202603632593,0.17488607810190088,0.26355105772755466,0.6075940839405721,15.734995498981775
771,1673,-768.5999755859375,,False,False,-1.4230590284072309,0.638310353611974,-1.2624774296694636,1.8529409283240537,1.137805916478434,0.3330771791473383,14.977955069987003
771,1674,-756.9000244140625,,True,False,0.4353380920382327,-1.0848458491910866,-1.7827741214903685,-2.2660248023417804,1.215342189624987,1.3987939804381404,14.047108770486535
771,1675,-763.5,,False,False,0.38577686905059366,2.5706080225081114,-0.09730844977984666,-0.3431648133110758,-0.18141912402856633,1.2612562153437266,13.900793325685573
771,1676,-760.2999877929688,,True,False,-1.6513217275027314,0.5612830415417431,-4.4272608425999485,0.46865414388627163,-1.392650621331548,-1.6689570141263894,16.026852605107116
771,1677,-767.0999755859375,,True,False,-2.8722703665336873,-3.1154392392637846,-1.060978898511776,1.287462395156734,0.42261397289116087,-1.6350225380890173,18.55510712267602
771,1678,-770.4000244140625,,False,False,-2.8551723793949058,-1.2870764934342525,1.8921084821935685,2.4235939494198235,-2.115557871868564,-1.2586384610453254,17.86644635457967
771,1679,-738.2000122070312,,True,False,-1.603948415371761,-3.1636723183457205,0.16292942680947256,0.2506163069140689,-0.711726158044742,0.1562724245702148,18.168803338242128
771,1680,-756.5,,False,False,4.654239958020866,-1.1503081530851362,0.11738653316147613,1.3940239353638817,-2.9098476541881158,-2.5177106712919897,13.215003942632494
771,1681,-774.5999755859375,,True,False,0.9218843635711852,-0.9559022244534318,-2.2868600495398335,3.539904477526133,-2.1829461624080513,0.5941468913119491,15.171105437460747
771,1682,-758.2000122070312,,True,False,-1.3386720404118608,0.8013326360330113,-0.13977296761634217,-3.717822214616954,-0.9028844715303841,-0.42737630444542446,17.205962307331458
771,1683,-760.5,,True,False,-2.2807601264228743,-2.87158583381636,1.2504007923195093,-2.774375342770328,-3.9442281824538594,0.025202043189779585,17.7148885918173
771,1684,-786.2999877929688,0.8655913978494624,True,True,4.14879096303544,1.4728710233311053,1.9462339006448972,-0.46507311983955263,3.1592800857929957,1.2582002908501502,14.757608536316082
771,1685,-751.2000122070312,,True,False,1.7606561911300773,-0.26163453607024206,2.163759553344105,-0.4536009999987474,3.959421947413039,-0.17266845404093162,15.647467913335976
771,1686,-768.2000122070312,,True,False,1.8014391124952125,-0.9641640323767081,2.8610399090348313,-1.4371432347449569,2.2589711906138894,0.21896805939370745,15.588307948689396
771,1687,-772.4000244140625,,True,False,-0.11712746698101577,1.9394975340305785,2.2682102990799993,-2.680374371510878,-2.3331254330988815,-0.4573198707306373,15.395933007019808
771,1688,-774.7000122070312,,True,False,-0.42237469219582763,-0.2918320262170308,-0.2992074917206209,-1.1550163087736756,-1.3043816655501228,-2.1611181606928302,14.741622733719389
771,1689,-777.0,,True,False,0.611101647038436,1.2073083009338146,1.7322005038290884,-0.18908050302353388,2.3641556957638086,0.7129245797612145,15.95011226273119
771,1690,-769.2000122070312,,False,False,-0.3471435154508147,0.5544190886573919,-0.6840929059317524,-1.617890721376655,1.5420289463399035,-0.5963155684115787,14.290293787043124
771,1691,-771.7000122070312,,False,False,-0.1986986434664415,-2.683017513000341,1.4381976992132441,-1.9374498663432471,2.855884797374432,-2.019324527710782,18.893203324710843
771,1692,-777.0999755859375,,False,False,-2.3266744292693393,-0.9878297755840719,-2.5049079177126417,-3.985577321717167,-1.7351304384675292,0.20018464477053044,16.377392352484325
771,1693,-757.0999755859375,,False,False,0.11745416113195335,-1.448635848893438,-0.41059423595692773,-0.15883949896175895,0.617976834365889,2.097984877246189,15.08052885157487
771,1694,-746.0999755859375,,True,False,0.8343251689078969,-0.6146394544213226,0.12495050582151376,3.7346383381774952,0.06114281012208051,0.9599669542764422,14.484080484015706
771,1695,-773.2000122070312,,False,False,-0.9379879556599601,1.5904530682710265,0.6765174830758638,-0.43899892759414616,0.46845928585122404,-2.591849994050847,14.115060947044963
771,1696,-775.0999755859375,,False,False,3.411127651788745,-1.9198307404159407,-2.6723918402690257,0.7832636362215574,1.3476481159902274,-0.735576039532631,17.15980467940507
771,1697,-756.4000244140625,,True,False,-2.4613308917870835,-1.05046291496947,0.26992565817494796,2.698737958806558,2.5362819031923602,-0.7486631928782262,17.394046360645824
771,1698,-761.7999877929688,,True,False,4.8867276538848605,-3.7088633669911144,-0.7787251911751399,0.09551847355283158,-1.534867710410286,-0.22837981360548254,16.340328115981276
771,1699,-766.0999755859375,,False,False,-1.0753801767396673,1.401350612283605,-0.4425312444627502,-0.5960046062635634,0.9181384931262628,-0.7679864220087513,14.059631725887355
771,1700,-767.7000122070312,,True,False,-1.2447033057032229,-0.006459162570266711,0.24246797707187479,-1.3394380142907236,-1.9235964216877626,-0.1852015925333511,15.510244525533173
771,1701,-761.4000244140625,,False,False,-1.4501659577094308,-0.5880397601551515,0.6906222124012226,0.4655900355951001,-1.5824611704596903,0.6182448971017562,14.503031197622358
771,1702,-752.0,,False,False,2.365070775119672,-1.9245362291686205,1.542649065996737,-1.8197384512022645,-0.25163822690226817,0.582137741860253,16.50443676480862
771,1703,-765.5,,True,False,0.4817945450078709,0.8617456911300794,0.17223267504701245,1.2764847662926437,-0.07371374548176154,-1.1383127284692076,14.021306188238508
771,1704,-768.0,,True,False,1.6970703018991116,-2.14204603053657,0.4738577374622701,-2.5853609561548785,-0.4981389074483076,-2.5170157165610716,17.089240137012577
771,1705,-768.2999877929688,,False,False,-0.5510977338893782,1.2375289332958628,-0.15929452433815566,3.776334101853154,-3.1894959490074837,-2.235604257260057,14.426577444168501
771,1706,-778.7999877929688,,True,False,-0.7407638200579544,2.6259046119156175,0.5273648233792617,0.3084187352213683,-0.4776413245329598,2.134765967954834,14.817173013700238
771,1707,-768.7000122070312,,False,False,-0.22577264590620968,1.5100501072197827,0.9782537199520439,-1.2972602973252914,-0.05533927472919137,-0.8349262855283694,13.966562269904692
771,1708,-758.2999877929688,,True,False,-3.5664653164256914,-0.0502802352373351,-2.2883445194261816,0.7001107538709838,1.353730154475546,1.4163260778232036,14.904267486194025
771,1709,-765.5999755859375,,False,False,1.1766701314002095,-0.900178143258267,-0.7434677646178203,-0.8498882269620827,1.0978376034494752,-2.319794085908056,15.341749815923361
771,1710,-766.7000122070312,,False,False,2.398626953809594,-0.5955311119787222,0.35798587319423975,-2.1767815680842904,-0.1382402213399254,0.43300757914506055,15.809012270091543
771,1711,-769.5999755859375,,True,False,-3.679973407541244,0.32071451329681866,-1.7044611919158419,-1.5795305473278893,1.4526146194103389,-0.5959125368898958,17.706449990062232
771,1712,-763.0999755859375,,False,False,-1.3225560403148944,0.44488132953240234,0.9069865171979241,-0.5155886111245943,0.43392934599490957,3.3771548578972257,18.37692720648892
771,1713,-765.4000244140625,,False,False,3.1674494425152386,1.738470382781972,-0.8133097616743287,-1.0269954025040715,0.32973382629561293,1.5727308758315328,13.020082589872514
771,1714,-773.4000244140625,,True,False,-4.324505597262009,0.11002127784891022,2.3094128562791956,1.4016245799830576,2.236298286513506,-0.8245350870465382,17.549634621331812
771,1715,-767.7999877929688,,True,False,-1.1338903490523544,0.44542509155286814,-0.07706837353647947,2.9141513680505193,-0.4646255051415215,-2.0238481338154237,15.544034681979799
771,1716,-760.2999877929688,,False,False,2.246813330254754,4.27216316232777,-1.3138969845817057,1.258118838991949,1.2507715622385962,1.5311177085274976,13.140896232292842
771,1717,-764.0,,True,False,-0.4432619317335658,-2.532822160133304,-0.011858668281458819,0.2351679287490117,-2.857729635024017,2.2664220689032195,18.031285164270386
771,1718,-755.5,,False,False,-0.2942327451284254,1.1703396553395184,-0.817070739142229,0.3387544715372785,1.7315412874050102,3.091168864681835,15.972294715781544
771,1719,-765.4000244140625,,False,False,0.8997895653586594,0.04902493412998061,-4.074636205694727,1.4964544303562046,0.9192094373079797,-0.19364504283616857,13.760573423772598
771,1720,-773.4000244140625,,True,False,-4.188130064489581,0.27051259387270676,0.16587035213089438,-1.379297859719355,-3.8837526542567815,-1.0905810633220803,16.63545002698092
771,1721,-764.0,,False,False,-1.2165560650517702,1.054998819126966,-0.1557198340684766,-0.4038928478374439,-1.4607206665071624,-0.2757999307631225,13.810529898434947
771,1722,-778.9000244140625,,False,False,-0.705485097305549,0.04707467210233943,2.28735616069291,1.362898504008008,1.391330865977313,-0.5979064385321247,16.883259407499082
771,1723,-792.9000244140625,0.6989247311827957,False,False,1.2671342845950455,-2.2913662547471034,-0.48490206732248275,2.7958464360444646,3.1645385086955984,-2.0507631854288806,16.227210758431994
771,1724,-763.9000244140625,,True,False,1.104824514753872,-2.7998173668243393,-1.2303898435807104,-0.9490327587341902,-0.20140849884729978,-1.0818655767122576,15.826455968415498
771,1725,-765.7000122070312,,False,False,0.6714588618749929,-2.3089968170874093,0.16082778839189496,0.822098250619855,-1.2000755935743066,1.8007158196905189,15.337024821079517
771,1726,-769.2999877929688,,False,False,3.9201074973634773,-0.8815382084824499,2.738511923444351,0.9562501659079755,-0.475811409965594,0.054739520911481994,17.468179290774795
771,1727,-765.5,,False,False,-2.114031392345509,0.2767949356218749,2.317229945494934,1.1922510205947592,-1.4118255452556177,0.834983655951075,16.408110336839616
771,1728,-753.4000244140625,,True,False,1.6793789710009506,1.7485856860188793,6.144453060633665,-0.57588018696183,-0.47895017507626864,1.551923903460632,16.63813287353105
771,1729,-764.0999755859375,,False,False,-0.18217501254117666,3.427668300917816,0.7508039683064669,-1.2608204737086317,1.8035662589102073,-1.3076186214876324,13.643768743173583
771,1730,-767.5,,True,False,-2.9697505762371414,-0.16739097481944135,0.29521264965326255,0.24313461177487664,-2.1292112228545683,0.3811379244522253,16.901120344046603
771,1731,-773.0,,False,False,-1.4071294592844221,-1.9683734257972567,1.8760695719958853,-0.5802131146669897,1.3833009921496568,-0.22908849187450692,15.332104672381252
771,1732,-761.5,,False,False,0.5310808134620094,-0.3631447899567837,-1.3504252690929406,0.4952649655751238,1.0147669702724642,-2.4477063166927517,14.370403107238161
771,1733,-765.7000122070312,,False,False,0.06579706176694798,0.011608364925508782,-1.1316986714865958,3.9709348300140825,-0.6269146687740921,0.9800307867885473,17.269061818307325
771,1734,-772.7000122070312,,True,False,2.9120670844743506,1.806409365130962,-1.1997429019109649,-0.153945084788714,2.865799096683502,0.03424321121266927,12.290874211659645
771,1735,-755.2000122070312,,True,False,-2.1789425897422245,2.3230363951612087,-3.2787829500840324,-3.434647595088762,-1.3815058164617844,-1.7194307881186839,15.611729125830994
771,1736,-765.0,,False,False,0.7710632961594069,-1.5989941877514875,-1.7302030577905883,2.441300930869348,1.0364800754667314,2.7607203807195106,16.23169111493951
771,1737,-757.5,,False,False,2.386219427159147,0.1525267512937332,1.1376359721587688,-2.541038486918057,1.1779040213193424,-1.6635061072433839,15.213985560808695
771,1738,-772.7000122070312,,False,False,-0.3126677543991792,-2.549115045553616,-5.053063271318025,1.636050194066637,0.8287739662902273,-1.4484383985173779,15.439768451597716
771,1739,-752.5999755859375,,False,False,-1.2738356231579535,1.6142996258741262,-0.1182318460199906,-0.3860992937212146,0.58861025758712,0.3184202741206023,15.447007376786953
771,1740,-761.4000244140625,,False,False,-2.42945526604703,-1.951907180483582,2.0666727887709815,-0.22506775986859423,0.7773548177640004,-0.30066421263537046,18.155812709370515
771,1741,-770.7999877929688,,False,False,0.9870131741943406,-2.5157718027408085,0.16501472979551848,2.0403244906664026,0.7305274941102446,-1.3382334919124252,16.96359685052415
771,1742,-757.2999877929688,,False,False,1.3304403906462055,-3.349947314448228,1.7067928813257685,0.5768480177562645,-1.2415045619061045,0.9001832550034772,17.344912497273008
771,1743,-756.7000122070312,,False,False,-3.818164781640547,-2.368496478877798,0.2776748893224337,1.1489531736532184,0.3837598286237286,-0.52913548214635,17.3716485049978
771,1744,-774.7000122070312,,False,False,-2.5371982011063285,0.7029039742182633,-1.254302525458802,0.06768938642337652,0.33477647062582594,-0.41621624337349916,16.176297003400155
771,1745,-770.4000244140625,,False,False,0.018992389806116207,0.49981845869922076,-0.14003752289264765,-0.39614428809847435,0.5478986424929139,2.254309378852786,13.799550719097876
771,1746,-759.4000244140625,,False,False,-1.5915283675349299,-0.7353443068402445,0.8634535562182638,0.8073684431017285,2.437994425022566,-2.8520345134411653,16.190432277416583
771,1747,-774.2000122070312,,False,False,-0.9583442239240403,1.6498609540760933,1.2529598087325045,1.8001227314523127,1.1220906650130635,0.5569230605262215,16.225998500352798
771,1748,-775.9000244140625,,True,False,-1.8507376388916759,-0.47744984229506254,1.7419352808412896,-0.28064958835079473,-1.5660963237710448,-0.879114935279623,15.50537607070324
771,1749,-773.0,,False,False,-1.8759148316973215,0.16951872022672934,-2.369705911307151,-2.0660793638298514,1.6931387425981197,-1.2520762374824086,15.733819571279215
771,1750,-765.2000122070312,,False,False,-4.536554185087543,0.17474896551087066,-2.070975668297904,-1.7383640238504294,-1.2208651399164376,-0.8029628606451701,16.415810810162416
771,1751,-761.0,,False,False,0.958756298486181,-3.531870014709386,-2.7618811178447107,-0.8226586482791617,3.472576202722546,-1.6084366618594987,17.24079127607012
771,1752,-753.9000244140625,,False,False,-0.5803796863671498,0.3889530576210235,1.8351532050526402,0.3322974289988398,-1.4610528458783263,1.6953286667358,16.212907121745936
771,1753,-768.7000122070312,,False,False,1.9921044748377474,-2.3584709280961538,-2.111220109485064,1.996226660169115,2.5044405216407983,0.987503323930999,14.431052861607622
771,1754,-763.5999755859375,,False,False,-1.494808616448993,-3.054707636075727,-1.5816056034130745,-2.5886086161631288,0.08575938600272548,-1.9220749516443631,17.395773216642368
771,1755,-749.0999755859375,,True,False,1.7553082609992814,-2.2080212842214637,0.23549945417168133,1.2746455925041005,1.3408216531335255,0.4407888868850792,15.049415956755956
771,1756,-774.2999877929688,,True,False,-0.1067636293146578,1.9338463489420263,0.23057081356889972,-0.9910978112614895,-0.24329029100441685,-0.7471423820070147,14.00995278869845
771,1757,-766.4000244140625,,True,False,0.4466393368556395,-4.105061723720525,-0.7423929947833254,-0.058714776288655256,0.21598330095049434,-0.7184802622879587,17.606946014348075
771,1758,-767.0999755859375,,True,False,1.447220166803352,4.2174330701291645,-0.9420707396838164,-2.06876710525615,-1.7827329936994576,-0.11393928187849899,12.310460357653568
771,1759,-768.5,,False,False,1.4516419405630183,-1.8232470974902975,1.6533226976672173,-0.5545432979403279,-2.1522143636951547,1.929080062387167,15.445751551477452
771,1760,-772.0999755859375,,False,False,0.6285699738872494,-3.2493635226800053,-0.9978214300696879,0.4248707062322861,-0.9827612971595854,-1.068042038291135,14.335399461781662
771,1761,-759.9000244140625,,False,False,-4.062600275715769,-0.22184392605352965,4.248194597485808,-0.8721472497843101,0.5358614151742916,0.9262841708131996,17.959683824467213
771,1762,-774.2999877929688,,False,False,0.8710277956306507,0.49805422134582783,0.46757590221118817,1.1579828741220575,1.4293406225647383,-0.07916507509060228,15.206554575513135
771,1763,-756.5,,True,False,0.1460955719635308,-1.0487214239683842,0.7025847820839326,-0.46537622006291224,-1.125649317903891,1.3575476243662394,17.767364147088138
771,1764,-762.2000122070312,,False,False,1.0499878864631071,2.339030471854477,-0.19656404107718647,-1.5429283114589096,-0.6021332303214302,0.7826067926668907,11.276876981799202
771,1765,-760.7000122070312,,False,False,3.4645016526815327,1.0501058919939543,-1.945120439442792,3.20802994632035,0.5522236465585906,1.272184652717626,13.965327636527467
771,1766,-759.9000244140625,,True,False,0.05789516906768045,3.076749994023133,-0.5995432624369265,0.12513737706240086,1.370655744179075,-2.9198612530662764,13.161460300538328
771,1767,-771.0,,False,False,1.398885004275168,-2.0857465539678506,0.7398090357148882,1.0504041960600028,-0.8863945693335785,1.3139748283937709,13.87231379909354
771,1768,-760.2999877929688,,True,False,-1.9210029296627948,1.964771291559768,0.5571460923607063,0.660569965660083,0.04579209171424702,1.9499515312962403,14.25478609274862
771,1769,-754.0999755859375,,True,False,1.2664388528986024,-4.2385701765884205,2.322536747823767,-1.246877397173101,-0.9650450224918511,-1.636782766060156,17.65548714766383
771,1770,-759.2999877929688,,True,False,-0.20081187099992273,-1.3180573078453621,2.00579917104295,1.277450958439086,-1.5940671754923195,-0.9146318988389426,14.753350992936804
771,1771,-784.0,0.5698924731182796,False,False,1.947477240810981,0.17714972867583012,0.8053241761190846,1.130032564990142,1.71934458788505,1.013413183168461,15.656217832216951
771,1772,-773.7999877929688,,True,False,2.9188903622852083,-1.3538343101071995,1.4836253496895593,-0.984126208103696,0.5660898882015163,-3.574892912942373,17.673888605003857
771,1773,-758.2999877929688,,False,False,-3.1658412140973224,-2.6725144428812135,2.0986546265266535,0.08740011645528399,1.8181820650137297,0.964603111803939,18.143958162198693
771,1774,-761.7000122070312,,False,False,3.6428299300172613,-2.226629310910516,0.05444728200823452,0.9964124850649436,0.5122791098310661,0.7928929473650734,14.956413988324018
771,1775,-764.2999877929688,,False,False,-1.5571833582197405,1.5519476264729832,1.1823441833822217,3.3753912304231295,1.991497405389729,-1.5699242564799778,17.075698887261908
771,1776,-760.5,,True,False,-2.4261569733871617,0.11287685207976147,2.7781017097252283,0.8479131216524305,-1.137534902941279,1.041444624518614,13.858906118165041
771,1777,-768.2999877929688,,True,False,0.20209923906257268,-2.1300090218449754,-0.201765618081833,-1.2153079688292696,0.45488685091386893,-2.0060388553028057,17.995884923617787
771,1778,-770.2000122070312,,True,False,1.3419916436936288,0.32038596193068025,-1.2431345018862907,-0.6134988738961991,-0.16680209801381732,-2.900031260334772,14.76777030019327
771,1779,-755.7999877929688,,True,False,-2.390530914794703,-1.4376233375690797,-3.5602931023625946,-1.0208911061342587,-0.15675479499747663,-0.3393290827908266,16.96007286231264
771,1780,-767.9000244140625,,True,False,0.8280257076584865,-0.13279104346790957,1.7939321976597622,0.5551669189167957,0.8196356997223109,-2.2248978509518675,16.84338483177437
771,1781,-765.0,,False,False,-1.039379540740471,-1.7768269281562177,-1.5359056175156214,-0.46114699314981583,2.1002109318183524,1.550517832878636,13.688791653549652
771,1782,-760.2000122070312,,True,False,-1.4539128041174072,-0.5278998679758306,-0.7356861434764724,-0.7426246254335543,3.3691636259804016,2.056990638295491,15.920676974912697
771,1783,-770.7999877929688,,False,False,-0.6684091114786199,2.144866530578583,-0.28863490054853935,1.615664609592241,2.0705032909780208,-1.1422467943599615,14.654380061677147
771,1784,-760.2999877929688,,False,False,0.33431995918331114,1.64265338125588,-0.6837041721459526,-3.601953545671994,-0.12471377069965915,-0.010678790171375671,14.109559359863074
771,1785,-761.7999877929688,,True,False,2.514516650148764,-1.6660682694624305,1.1443813973216528,-2.41242812339174,-0.8265842971520568,1.4608060673548124,14.842806744804355
771,1786,-757.7000122070312,,False,False,-1.569352812123599,1.4139138974575693,-1.9357006495029871,1.914467080730326,3.1872275769481715,-3.0598197030033703,14.703020417063925
771,1787,-761.0,,True,False,-1.0831383193297708,-1.2588949863096508,0.5425638527431966,2.0012705739248795,0.6437419924150073,-2.380490464860593,15.666423611264792
771,1788,-786.9000244140625,0.8494623655913979,True,True,-0.5009133352547478,-0.8252031147870948,-1.3244697709988353,0.4392969292843987,0.8030792660226069,3.9018607748681613,14.208557284370906
771,1789,-771.4000244140625,,False,False,1.7157259124204474,0.6559552571014272,-1.2575634208813489,1.0804622215525697,1.1534486701742874,0.2342327153345626,16.622828984895154
771,1790,-768.0999755859375,,True,False,0.6125344329682504,-0.5237224923215608,0.7490831535360079,-2.3207954651658276,0.49309478255226613,-1.159497287765382,15.947931453158176
771,1791,-770.7000122070312,,False,False,0.20340903475919025,-0.9844748866285148,-0.12034701539421536,-3.4199205225863127,4.121055154712632,-0.06872603290974115,17.305959025645713
771,1792,-766.2999877929688,,False,False,-1.3539210316467771,0.8591403139074564,-1.1870664768560024,0.09703497409170887,-0.9990613678821293,-0.1529741170647111,14.662094845345447
771,1793,-779.2000122070312,,False,False,-3.20336531314802,3.3538791610857266,-2.615155686482228,-0.7998726610166564,-1.1369805178130665,-0.6156951013296897,16.826335356230302
771,1794,-754.0,,False,False,-0.470268697729745,1.4360331199000824,-0.20567550157464895,-1.031436125540216,1.152242848647339,1.728901637393766,16.819620866590537
771,1795,-769.2000122070312,,False,False,-2.3368046183543743,0.6900505763225168,-5.284200627808887,-1.05180717610606,-4.2658203795483765,-1.9521416857331684,15.16350516939328
771,1796,-759.5,,False,False,3.8459226354568306,-2.769768009883592,-0.7855024024641257,1.9447114056475783,-0.7000149988055615,1.5660220893971561,15.677135606541778
771,1797,-761.5999755859375,,False,False,1.8045541337931712,0.5547569440837232,-1.7000231541142192,-0.35658798556785204,1.6996709276311748,-4.7188295870594175,14.86280565552848
771,1798,-766.0,,False,False,3.043520364769414,-0.18435470627679393,-0.4069581831296403,-1.2186761866506832,-1.3243695801454507,0.3356944550510524,14.076970011428298
771,1799,-757.2999877929688,,True,False,-1.6106481121161356,2.063448167695386,-2.692709584715561,2.722620851634959,2.2625391769507344,2.1490129499433657,15.571433180885775
771,1800,-764.4000244140625,,True,False,-0.2247449111837252,-1.367679235161462,-1.9697061197264327,-1.3205420141970636,-0.24711481732981064,0.14549778794603785,14.84890798578497
771,1801,-771.5,,False,False,-1.4496870637282262,-1.0830606881410378,1.1578052954419074,-2.9126284832240885,0.3829236929599175,1.3572151362508027,16.94650989378983
771,1802,-770.7999877929688,,False,False,-4.2863925790305,-1.0948073338130608,-0.4254914800185039,-3.972658779571961,1.340134937618741,1.7045538033599208,18.997740336131503
771,1803,-776.4000244140625,,False,False,3.5304401950454696,2.7493762594394613,-0.9484419109754559,4.157218334510844,-0.4328009993621436,-1.0771261788483637,12.230447539115652
771,1804,-759.2000122070312,,False,False,-2.7587962469502085,1.498572823479648,-0.7551661800781176,1.4527988321349707,0.35389962701782557,-1.2462460824764574,15.299944280663492
771,1805,-763.2999877929688,,True,False,0.7470335345639597,-3.6955971585116303,0.20650364322252113,-0.8561690796991642,-0.7245495701927293,-2.3963552272994826,19.963332442245793
771,1806,-772.2999877929688,,True,False,-3.805054239768381,-0.24225995721354707,3.8925127879003676,-1.4965180651781902,-1.5236248881647276,3.0992884349285346,19.501627669783222
771,1807,-776.0,,False,False,5.271438605445207,1.6514495532147657,2.4373140608255204,-1.6204899161235073,-0.838045858251355,-1.30843505791096,15.428099331688834
771,1808,-773.5,,False,False,-3.0799938066032904,0.1357332313883079,0.018185740861506143,0.21084567695054487,-0.6980781522546006,0.8603487057193696,16.341375917620766
771,1809,-754.2999877929688,,False,False,2.371790717473588,0.900458696349934,-1.4402464619322493,-0.6771376416202965,1.7053399681734889,0.6668738821027781,16.39616147470046
771,1810,-776.7000122070312,,True,False,1.2948092557257591,-1.5203520337943777,2.080043369799343,-3.028100387085124,-2.9106432131425914,-0.529549043753043,16.757800840188654
771,1811,-762.4000244140625,,False,False,-1.0636090304861254,-2.4242237793263235,0.5322014150279717,0.4758588418407879,2.1180232339829854,-0.056121586640603766,17.01973420253844
771,1812,-776.0999755859375,,True,False,0.7961071344152779,-1.7264776257099619,1.0261546806786694,-4.897753496225914,0.8758046496680207,0.6632248512620882,18.30796195806816
771,1813,-774.7000122070312,,True,False,-1.8453680107941988,0.4263424677597786,-0.7458042169156389,3.645936212085189,2.1801353143704127,-1.1349004514142673,14.91376837578762
771,1814,-765.2000122070312,,True,False,0.7960578977520117,2.919205098301985,-1.6042788954342042,-1.9676974054584264,-1.7744064519201272,0.6327740629040528,13.891163967810082
771,1815,-751.7999877929688,,False,False,-0.707287367266621,1.632129227754242,0.0760543405167525,1.1296394627194024,-2.931464083439313,-2.137928459415133,14.537709733961483
771,1816,-765.9000244140625,,False,False,1.1820881162760462,-1.3637760913989023,2.9366942545387293,-3.145232302059827,-0.6251841827983136,-0.3686227559863335,16.544577452446383
771,1817,-746.9000244140625,,False,False,-4.337101119138531,-0.37289106327734056,-2.1854651306120774,1.704460843514924,-2.5466619606017367,-0.794078451438815,15.78975483660922
771,1818,-758.7999877929688,,False,False,-3.0950843775283965,1.1328193507843636,0.716694321420922,-0.04578029888377812,0.15158814824820324,4.139402282262961,16.292946071350283
771,1819,-761.2000122070312,,False,False,0.26684476779951893,1.815102648382531,-3.7813394776458114,1.8170278101483899,0.4135710444392621,1.2067224563454062,14.48351609948086
771,1820,-758.9000244140625,,True,False,-0.5730240059888232,1.3918089531917568,-1.701626079052043,0.9851419246313886,-0.966879443248847,2.7756854713395542,14.275557409959237
771,1821,-788.2000122070312,0.7043010752688172,False,False,1.049414745091102,-0.08595774694975367,2.639184284216509,-2.6219434851002448,-0.29458400798057316,1.0213270551636577,16.04584831417284
771,1822,-758.4000244140625,,True,False,0.8964154251880351,-0.1593112295291337,1.619036788527006,-3.1557209342373236,0.01460322795629127,-0.0930696306814707,16.505239586613108
771,1823,-774.0999755859375,,False,False,-1.072137543339352,1.7540392150693904,-3.237673952191921,-0.3990855033218832,0.9349286824480335,1.1005257346775474,14.466576235238195
771,1824,-763.9000244140625,,False,False,1.3841938319200868,-1.9398036281934914,-1.1367892564200368,-0.7170595549415365,0.2551866927402632,-2.5726009672229364,15.534375554811998
771,1825,-756.4000244140625,,False,False,-0.302454454162431,2.398492811957167,-4.512207116386317,0.11569714890184937,-1.8388556643157803,0.5649107805961443,15.040107806249594
771,1826,-773.0999755859375,,False,False,-0.6365208223324033,-0.4086242718135177,-0.37761493743148905,1.917337293647301,0.009223852618412572,-0.04121330918662567,12.06844888332332
771,1827,-772.5,,False,False,0.6981998019489035,-1.6921892999688883,-2.805852430924299,-3.0381699249695027,0.9532636418678795,0.18609481194536093,16.23153886174801
771,1828,-760.7000122070312,,False,False,-2.180943375435562,-2.5271081418105648,-0.9449255895395405,-0.984236939306515,0.7928040849276297,1.3267500394676752,15.54961539005416
771,1829,-775.7000122070312,,False,False,-1.2590204860511507,3.9133090125792735,0.8003304343308315,2.9672188485872546,-0.4423611950539528,0.4219805164497627,14.210786749945408
771,1830,-759.9000244140625,,False,False,2.081452263083403,2.3103003773869286,0.8665824764034916,-2.0022084915648763,-1.6022067668712927,1.7112220063601757,15.533031980441777
771,1831,-770.5,,False,False,-5.443199559246868,-2.818842764848094,1.170595126754083,-2.6707492386145497,0.32705669277624433,0.6578345727857272,18.68895733890454
771,1832,-759.0,,False,False,1.8646724152113778,0.9412833603840068,-0.9057776461488852,-0.05367074085810316,0.44210620349839985,0.027495705403460313,13.737502568912381
771,1833,-751.9000244140625,,True,False,2.344089288292441,-4.594565690999938,-0.3533016327080494,-0.5258323420716552,1.7450351896558858,-0.31111399917100935,16.16691095757593
771,1834,-756.9000244140625,,False,False,-1.4660713330062976,0.07084551418318437,-0.9753845896301524,0.37600431396295353,1.4048187667320793,1.181187510220521,15.094066948003839
771,1835,-763.2999877929688,,False,False,-1.0737080868538038,0.21257991520042113,-3.6484437548720448,-2.3717423468813474,3.4547811279605174,2.729376172800815,14.62948207755437
771,1836,-762.4000244140625,,False,False,-3.4103108710686185,-1.2005768036668067,0.2181686802899201,-0.6486814699679413,-0.8826921454089253,4.07220577661012,15.908050245336938
771,1837,-765.7999877929688,,True,False,-1.3824957448104074,1.629731492808349,0.9761166585965231,-0.337785129096228,-0.9488098436429716,-0.40254194811091615,15.646961687336587
771,1838,-753.2999877929688,,False,False,1.7058869367501917,-0.22606498381429133,-0.11342491524819617,3.032806404302553,2.7803782390764855,-0.9839936320479359,16.814445861089485
771,1839,-765.7000122070312,,False,False,-3.9634759848977206,-3.541191336509895,-0.9834314943266732,0.8981942979542583,1.8065405126388983,1.5889012926346155,18.141343154667624
771,1840,-767.7999877929688,,False,False,1.8803635086200166,2.483534477932991,-0.6778391520755926,1.5042276989405858,-3.258769926900355,-1.9873586771405125,17.582164846483916
771,1841,-791.2000122070312,0.7526881720430108,False,False,-3.7471289868440647,2.304229610172737,-0.5675202001017166,-2.127733986386196,0.2695744430084699,-1.2112224250861268,17.203403428122524
771,1842,-769.7000122070312,,True,False,0.39220524723044264,-0.5681881633046393,-1.571169941182278,-2.986362049100975,-1.1142906032548037,1.6225038942867933,14.692843790781977
771,1843,-771.7999877929688,,False,False,3.633002482884526,0.9802496030291316,-4.335619215696084,0.10877988172751868,-1.6031975771033973,-0.30769911526617977,13.100564002835126
771,1844,-776.0,,False,False,-0.48600607372937354,1.891275674751922,1.2520123755617947,1.782987498757475,-0.4235077421402658,-1.0987717003650352,13.027696132165168
771,1845,-776.2000122070312,,True,False,-1.02350852849607,1.3887052044398869,-2.8774266368511032,-0.8716394852941383,0.45441358355088934,2.262165517823762,12.384127214736443
771,1846,-748.5999755859375,,False,False,0.9841074312604859,-2.3333882995626922,-2.982038508187546,-1.7258615296625055,0.6832931367041802,-0.7876348651331607,13.139331836139135
771,1847,-755.0,,True,False,3.3060137327847148,2.1721103129792234,1.2756896591179296,1.0858133700313923,2.224496784254695,-3.120460555269016,14.121489123463995
771,1848,-772.7000122070312,,False,False,-0.8095761547834128,-1.1019640943383961,-1.2488662760448397,2.370036946267097,-0.3798165867632893,2.1562630575774437,15.766614748744306
771,1849,-781.2999877929688,0.6236559139784946,False,False,1.4594556006839512,4.033878563527738,3.0382215005404163,0.8922980203837396,0.11480336052724144,-0.3769773388334529,14.950182426644709
771,1850,-756.4000244140625,,False,False,-0.15756046899428167,-0.0723101782053184,1.0700388028989998,0.5990940407118635,0.850477846796987,0.8951519158231137,15.876469253002618
771,1851,-771.4000244140625,,True,False,-0.9849605852170694,-1.6834337843180112,0.2763724261939903,0.16713584074036503,0.9576385507176682,1.8753898205740975,15.31193493671789
771,1852,-751.0,,False,False,1.2018007793453118,1.9078127909921028,-1.1046927618253235,2.079471590790513,1.6897827739052644,-1.4174564998918446,13.747556268035893
771,1853,-751.5999755859375,,False,False,1.4534190247054317,-0.039158996655775734,-2.4691858492947065,0.5121404745549174,-2.554207114100312,-0.44542655324493763,13.430966533061465
771,1854,-757.7999877929688,,True,False,-3.5826930011107287,1.7709091093999432,1.1683314894104444,-5.276224010359934,1.9737142937848553,-0.6793782233153457,18.41467752990259
771,1855,-767.4000244140625,,False,False,-1.4818818566032712,-3.3161454461750175,-0.7423319162434386,-3.7205532708176268,-0.8030623021240115,0.5391492632523105,17.160245773647798
771,1856,-761.7999877929688,,True,False,-2.279213769010693,0.05576028149604161,0.15997918260831057,-3.9473605790726256,0.06265820959693727,1.1176003256883063,18.48735848632938
771,1857,-759.4000244140625,,False,False,0.9479892288729659,-0.9644981594887091,-2.599129111233663,1.7247738674745743,0.6186496608600878,0.590124596025403,14.282846148153189
771,1858,-759.7999877929688,,False,False,0.4391817974325303,-1.8006020609223528,2.70701702070541,1.5649434456743654,-3.213196215007703,1.2877494999529697,16.124436283440367
771,1859,-765.5,,True,False,1.9592656320166209,-0.1087071730673691,0.9971847142628534,0.4447524458199923,0.09774476097972175,-2.1039025853490583,15.430375143703166
771,1860,-769.0,,False,False,1.63308364466214,-0.9651542173096463,-2.952751292671402,0.28319205694264715,-0.3954631302921623,-1.377848112314789,14.882955398483983
771,1861,-751.7999877929688,,False,False,-0.5213740295404069,1.8948081278514797,-1.0510434777049664,0.03994784578140848,1.600955339479902,0.7261653095403251,14.110418810573986
771,1862,-775.2999877929688,,False,False,4.3523713467145,1.0249660415205295,-3.676776535137109,1.696943328385481,0.3556336476276437,-0.6369798568326743,13.646973831671565
771,1863,-772.7000122070312,,False,False,2.218932312303845,-0.7528560217568689,-0.2719264163241632,-0.592178233013242,1.8585436933432462,-0.6310148902126258,14.914455571575171
771,1864,-759.7999877929688,,True,False,-2.7713417620519745,-1.9087842330083802,1.7780036277473183,-1.74441489344899,-4.5964829710138195,-3.193405915947204,17.822380675840964
771,1865,-762.5999755859375,,True,False,0.9540905807321428,1.0507553901296214,-0.29715946637442836,2.6837591059319794,-2.1679135585190705,1.426169928422431,12.869932999411473
771,1866,-770.4000244140625,,False,False,2.5558100334429166,0.775303911498072,2.221733597766063,-4.770205165178659,-2.58278216286969,-0.9011161551342449,16.80247039973355
771,1867,-763.5999755859375,,True,False,0.2726210107307071,0.020705438916632797,1.8013527819504715,2.2602459615017962,-2.9207332466318734,2.4059506865624556,13.350097082704158
771,1868,-760.4000244140625,,False,False,1.390667323218433,0.10825662589539758,1.816595351384752,-0.05298042690436258,1.9187488326583761,2.015438477788248,16.467475125931166
771,1869,-776.7000122070312,,False,False,1.1885538556444875,1.3837643524135486,1.5860726166209418,-2.3056840164726133,0.16696872455408854,-0.6001175292746797,13.80335446713478
771,1870,-762.4000244140625,,True,False,1.233988012103354,-1.801222496728136,-2.0113555940836383,-0.551517088658755,-1.4103348943967235,0.8317656707454767,15.50708553701869
771,1871,-766.0,,True,False,-3.074840444819532,1.4685388235368289,0.27984611335493076,0.8507840473173724,0.7630087178917015,-0.47454012979152715,15.234147678213525
771,1872,-757.7999877929688,,True,False,-1.1726875531633114,2.5108023957487893,-0.9679844796500955,-0.7168172140432685,3.066892779188749,-2.1024076048877918,14.299545454861992
771,1873,-772.7999877929688,,False,False,0.16511195575374377,3.62046106069104,2.0523478190800546,-1.0656514740848995,-0.5708727033800667,-2.0542273811138108,15.483080600361193
771,1874,-753.9000244140625,,False,False,-0.004177609054380317,1.935961741877018,-0.8362167208295954,2.6587913044580325,1.5874690128398061,-1.5878175114992112,16.357910262774325
771,1875,-765.9000244140625,,True,False,-0.19740118894466835,0.8762641251048917,-0.8369843903902381,-3.3806527529423964,0.7929459121376198,-4.578378376156055,15.486330893657811
771,1876,-792.0999755859375,0.7849462365591398,False,False,-2.77492857859901,0.8034243831636695,-0.7595504700864099,-0.7248398202971086,0.3283437082467112,1.5792971441159402,15.614494021658482
771,1877,-764.7999877929688,,True,False,1.7092583940790569,-0.008361239818009803,1.4052999697663289,0.25648976136209467,0.8614155097955434,2.110432279286225,14.789021346344388
771,1878,-771.2999877929688,,False,False,-0.7457025591541531,1.2063174710805715,0.3036277770472056,-1.8736193115973987,-2.226023933101014,-1.2478041305796728,15.99986998404561
771,1879,-765.7999877929688,,False,False,-0.0019938747846694406,-0.7252602158597649,-1.0297257304182104,-2.20007663854324,-2.127933220824267,-0.10498515737683833,15.69089418999946
771,1880,-768.7000122070312,,False,False,-2.9110361878222983,0.5081531546360818,2.0239669198877155,1.0612490326389825,-0.14306092314565547,-1.1290887948927983,18.401789425875187
771,1881,-760.5,,True,False,-0.2025407368848237,-1.197908418741046,0.11155263712193696,3.518720736162241,-2.0636274103250116,0.3044999501575316,15.626447790307918
771,1882,-765.2999877929688,,False,False,-1.9481157217254634,-0.36036006970858087,-2.5537584104060755,-0.5555107118891932,1.595685957027612,-0.6057014791870009,15.67786829281527
771,1883,-762.7999877929688,,False,False,2.544665369926244,-0.7859889515802011,2.747064396278694,0.17607025968284679,3.8243734365291266,-2.4187719721121956,18.252389325750666
771,1884,-777.4000244140625,,True,False,0.5534018238751229,-2.345939686855695,2.0405035922901553,-1.1862270749888153,-1.474440725902581,-1.474933286566369,19.00632213820217
771,1885,-762.2999877929688,,True,False,0.41428976061370104,0.5249730407958283,-0.008279583212395995,-1.00935496095607,0.8624327179877537,-1.5859621987797323,16.244063185679398
771,1886,-761.0999755859375,,True,False,-0.20419445267398945,1.6425571539614616,-0.8764778291110781,3.234775810294976,-0.5715057408942541,-2.8945950671928578,14.877794169325993
771,1887,-779.0999755859375,,False,False,0.6753792547374268,0.36578322813014136,-0.536995836766118,-2.6652920469444332,-2.2817475808413175,-2.70319317871568,14.585845523379088
771,1888,-760.0,,False,False,-2.8282366468474316,-2.9594698226145355,-0.2927129125845694,0.43650147022441305,0.288826451918707,0.9967965772730333,17.43973355502331
771,1889,-762.7999877929688,,False,False,4.182614304369032,-0.3608267490339855,-1.4059600762873767,-2.0879153572739204,1.942807069629864,-0.10621168440170212,13.966436099287971
771,1890,-777.0999755859375,,True,False,0.4197427014324537,-0.1035834355543201,0.24340769779020044,-0.59149121473682,0.3682230160698748,1.9721155606085425,15.539891471095713
771,1891,-764.4000244140625,,False,False,-0.372729588188505,-0.9857342164680848,-4.307586843452054,-1.6525481716407988,1.8147476858997886,2.0994399647505184,13.38559962283061
771,1892,-772.4000244140625,,False,False,1.8340383955787252,2.6766091093557662,-0.5522547871965267,-1.3257397824837356,-1.2735825994647012,0.605941236736199,13.220388839773761
771,1893,-759.0,,False,False,-0.062387309417387474,-4.146635589335531,-1.0643518011055393,-0.24682995078408565,-0.7108366706720247,0.29704048293807495,14.986647430481957
771,1894,-756.5999755859375,,False,False,0.08659884405409585,0.23152441653092967,-1.8993010678984255,3.2621804491422925,-1.7734316390955318,0.00299415655576296,13.383599013079504
771,1895,-784.2000122070312,0.7526881720430108,False,False,0.3604454195713449,2.1640110095829397,-0.7709063639354906,0.9871374227015848,-1.7687198637287211,-1.3079458079588593,12.968834142246871
771,1896,-761.7999877929688,,True,False,-0.942605591897554,-0.4337615228091793,-1.1707652094094798,2.484465080914061,-1.1895619972464582,1.5999276304315126,14.057801739234787
771,1897,-772.4000244140625,,True,False,3.7370110769222333,-0.6856458060479367,-2.065216045004542,-1.4737425308412504,2.0250062832931772,1.7477595890246413,17.48885285051356
771,1898,-776.2999877929688,,False,False,-0.6788441838775345,0.5557168408005275,0.23207046716757218,0.20825067754111687,-1.1382439894448408,1.8047918047540925,15.379602242656311
771,1899,-760.5999755859375,,True,False,-2.8247725499294383,-1.8189379903747236,0.8241944166566637,2.304053064420037,1.1098813847090099,-0.07254480176623092,18.185443717450454
771,1900,-762.5999755859375,,False,False,0.9181358500771172,0.6806890868485599,-1.056252464868727,0.25091053549599585,2.352059537384266,0.5834417514135118,14.395070993691123
771,1901,-778.5,,False,False,-3.563188985297035,2.373869674482748,-1.339908099727757,-1.481997836500851,2.31745497387033,0.4245001501783528,15.733979310477725
771,1902,-771.4000244140625,,False,False,-1.6042911232906607,0.9266469922593019,-1.4355703208277317,-0.8890519303185263,1.9174200797220509,1.0829240098116828,15.80115541903303
771,1903,-768.9000244140625,,True,False,1.4442611907438136,1.5343037707710696,-1.0057289584827287,0.7346166080170534,-4.825036451458785,-0.8455066558754977,14.741351121211439
771,1904,-760.9000244140625,,False,False,0.0486420300135468,-2.3073967346934525,0.00955305588743304,0.12626319729014418,-0.1497163040026797,-0.7828808428308277,15.57726121601532
771,1905,-768.4000244140625,,False,False,-0.26992999268581486,0.7329747229307454,-1.3493225170764336,0.4786934918264316,0.842205169455458,-1.5330667585645437,15.632690480815565
771,1906,-784.0,0.6989247311827957,False,False,0.8713083188522764,-0.5939776978984841,-2.5374706893311623,-0.6280693808433805,1.8128038274595422,2.641771574097902,14.285577982074521
771,1907,-754.0999755859375,,False,False,-1.3471247587699788,0.4958006583736921,-3.703466318648588,3.1228874724011284,-1.1482119879286479,0.40458927568697634,16.593223703931574
771,1908,-790.2999877929688,0.7580645161290323,False,False,-1.6633706164917672,2.4521524369895764,-0.5733190185275665,-0.1658178787134934,2.873340320748887,-4.657727533497013,17.49427305468011
771,1909,-775.5,,False,False,-1.0159482001211793,-1.595060851935424,1.193387887487262,-2.1145314329457445,0.21102398283149731,1.8145562078372794,15.645086107215327
771,1910,-759.4000244140625,,True,False,1.3977190125168204,-0.8011077843699852,0.6928791810917999,1.4343294971473206,-1.0350369999805085,-1.382749474160256,16.728925012458955
771,1911,-779.4000244140625,0.7311827956989247,True,False,-1.2756396178543943,3.1188879303807067,3.139593767885979,1.023211260300667,0.8878318322760805,-0.3158898282692154,14.969613183890205
771,1912,-773.7000122070312,,False,False,1.553506429129528,-0.6369426609003467,-0.13411907739428192,3.4470284393216444,-1.8099326158809184,0.8166428418971985,15.705072307083848
771,1913,-768.2000122070312,,False,False,0.29318080015026576,-0.4746476211684791,3.4186205232692988,1.343690353833813,1.4258271868243313,0.2366739501387618,16.04641730433974
771,1914,-773.7999877929688,,True,False,5.994104905524388,-2.362249112473997,2.182550613153383,-1.636000205881075,-0.9632427823745628,0.44906806615139033,17.02792506731285
771,1915,-756.4000244140625,,False,False,4.554983765997946,0.8830368514189715,1.3790557436305733,1.7820812735647564,-0.017318690034002892,0.3352152078246524,11.843270907302523
771,1916,-765.9000244140625,,False,False,1.642760319199382,-0.3879023577378292,-2.2693973742924385,-0.02115423990082733,-3.0520979205520202,-0.16622926953654996,14.35606350232566
771,1917,-732.5,,False,False,-1.4404461735696197,-1.2981478814088614,-3.7588252361701597,-3.27661880479485,-2.184167593749944,1.2319079751823174,17.44882820639465
771,1918,-764.7000122070312,,True,False,2.371146246364024,0.023632782382370873,-2.2676527329555722,-0.5471122833058977,0.7051711655194752,0.5355616173244756,16.59049782249301
771,1919,-764.4000244140625,,True,False,1.4158508861523522,1.79611605816452,1.0052290522201677,-3.6530189763257055,2.8190436194699138,1.496036443995758,15.149112228598721
771,1920,-774.5,,False,False,1.9036893829269335,-2.8488139395273246,-1.6900166967787418,2.547315321860439,0.4194034407606124,0.1392139365276918,15.614435786786997
771,1921,-768.0,,True,False,2.3465597601956647,-2.251228229041879,-1.3253714428492873,0.7998550114469667,-0.7421106517929495,0.5225145829376441,14.138333818483796
771,1922,-755.4000244140625,,True,False,2.1780702892063686,0.12674192942111928,1.476269240550971,1.0193998328771827,-0.9354902795848768,-0.22686829706614003,13.931604311432144
771,1923,-776.7000122070312,,True,False,-0.773281103745935,0.5280830839780553,-2.5050818452237347,-2.827455539221279,-3.0225089098946456,2.1145955060306365,14.547931042994
771,1924,-770.2000122070312,,False,False,-1.0290278046361274,-1.538941934591876,1.8923986391385765,-2.7747137501897443,0.37804773939321595,-0.7396360386725636,16.84338983852423
771,1925,-769.7999877929688,,True,False,-3.019299107808081,2.147724387276906,1.623268033703655,-1.668604503671278,0.8464871498752299,0.35712635939324094,18.51064927513631
771,1926,-778.2000122070312,,False,False,-1.4631872158519714,-0.9055872064699892,2.904344534644725,-1.9426489145063242,-2.098607083690925,3.2157178748297444,17.713492485914788
771,1927,-757.0999755859375,,False,False,0.5349119868741516,-1.7520806604986214,0.8828871733390203,-0.47949012242975314,0.035598840605874496,3.1262349172549535,17.770426519117795
771,1928,-760.5,,False,False,2.870217525090783,-2.9828374467984453,1.830236498226173,-1.953278392149278,-0.14530696930139364,-0.3003870959958907,15.889113744138285
771,1929,-782.7999877929688,0.6236559139784946,False,False,1.0576596173731172,-0.9527900656711566,-0.6755945400354918,0.5645161802397429,-0.6569885659735112,-0.9525482389057727,14.121018468547634
771,1930,-768.2000122070312,,False,False,-2.578747210991868,-0.5046635327147059,-0.7784278922003034,1.122471436307173,0.7814169057108882,0.013516973899126473,15.88364284593548
771,1931,-759.4000244140625,,True,False,0.2891761630862459,-0.046877078757539166,-0.31637766294512587,-1.0259971807023585,0.31191947773014633,2.426138872708697,15.635445190174172
771,1932,-746.4000244140625,,False,False,3.9624497284602267,-2.1816408547400092,-0.740673354343891,-0.39098072461602945,0.40503099649278096,-2.109325743708511,14.426130924739685
771,1933,-758.4000244140625,,True,False,-0.898174286855249,-1.8649391987698156,-0.10849900009286552,-3.334521753729119,1.303661834412584,-0.2741934098028216,17.80775325694715
771,1934,-755.4000244140625,,False,False,0.032217975927672,1.858638266555239,0.7082586921973981,1.145898223823801,0.4183543043282114,-1.1462497689222177,16.91153702669579
771,1935,-768.5999755859375,,True,False,-1.3248174321970847,-0.3687176825660881,-0.7283089776929104,-0.5070275918493933,-0.16211407939073477,2.4046864715594714,15.077459087439287
771,1936,-775.2000122070312,,True,False,3.466368284356562,0.4848690812068008,2.6628513752915923,-3.5966161571939046,1.3428804841659263,0.5614522157174913,15.229667161307917
771,1937,-757.7999877929688,,False,False,-3.4617739402196173,0.522579917146941,-0.42409427843673003,-1.357582517995071,0.7100849351365807,-3.2655790593907086,16.664708024968682
771,1938,-772.7999877929688,,False,False,2.542425976713302,1.9545004975390743,-0.30996679172849073,-4.787313809916187,-0.4605394029346286,-0.2095651846690229,14.363954025256794
771,1939,-751.9000244140625,,False,False,1.219399318037485,1.6813078032160975,-0.9021646522873789,0.4316652868137286,-0.01467344010517401,-2.944503837335493,13.79170815559128
771,1940,-750.0999755859375,,True,False,0.6336630189953854,-0.7787943489688071,0.866153129042731,0.5378726400784131,1.3165302048134713,-0.5579866160525371,15.68632635901457
771,1941,-792.5999755859375,0.6935483870967742,False,False,-0.8059217311838529,-1.121969081641924,1.0194210295342916,0.36462500088769617,-1.0958942426611993,1.2951477828102467,17.078441498331618
771,1942,-760.5999755859375,,False,False,-0.6914783889973409,-2.0323238826845698,0.047850584733096335,-2.179380643396186,0.578766783239977,1.2230518579138228,14.532556800123684
771,1943,-744.9000244140625,,False,False,1.0961076928834061,3.332434642772537,2.2550825468033664,-0.6126709363961291,1.3975503654406187,-2.942967797204054,14.728990611830357
771,1944,-756.2999877929688,,True,False,-1.3675388865584686,0.45927274890851943,3.018761020238897,-1.4376092841281682,-0.30985543658764264,0.7217578206315534,15.585686070679483
771,1945,-764.5999755859375,,False,False,1.989364113361295,-2.070482057790146,-0.20662154184513662,-0.15367194123473435,1.3787621118926165,-1.6056274290024763,14.663867101052016
771,1946,-770.4000244140625,,False,False,-3.1453165480459115,1.6172986006492838,-1.066960527929826,0.5191795220386258,-2.164548153805563,-0.9717842074690916,14.498137511036427
771,1947,-774.2999877929688,,True,False,-0.1974374500237092,-0.06943677610945283,-3.616554338199988,-0.6725840580907962,-0.5597952285240182,1.1596199385574477,14.514006334063676
771,1948,-769.5999755859375,,False,False,0.29511899646841394,0.18246588317981874,0.8657731492276877,2.7856957059605203,-0.4179395499891983,1.479152332618438,15.20641290543985
771,1949,-762.2999877929688,,True,False,-1.2972374579297667,1.4809521562993335,1.4651786396182547,-0.2257782704649641,0.0021751457205364502,0.9586353587879353,13.848598829559483
771,1950,-770.7999877929688,,True,False,0.3906496278630332,2.833732400475378,2.135375706105063,1.5644819853649652,0.47928524443078335,-2.298703649816458,14.316502419669726
771,1951,-769.5,,False,False,-0.6332463412879036,1.6022174662892166,0.9517670291770791,0.9191312377851334,-3.0268496477824676,-0.8453460214110866,14.478425855866082
771,1952,-777.0999755859375,,False,False,-0.28186424367282187,-2.785378553358867,1.3432595421987772,-0.8866871664940806,1.4761276292497951,0.28663910290651007,14.452039809664436
771,1953,-754.0999755859375,,False,False,0.7652791751320442,-1.1746905411766981,-1.4620822019097095,-0.41920122181963465,2.350452582607343,-2.375428050755793,14.116446950509488
771,1954,-771.2999877929688,,True,False,-0.6708695652996609,-0.8960140095785784,0.22709015259113266,-1.8905917853340872,-1.3929858636312702,-1.1731062253721847,16.983987524914767
771,1955,-766.7999877929688,,False,False,1.0727365443517227,-1.2009585926889539,-1.9572779684107826,-1.821764759581595,1.6724853463419516,0.37736017184698234,17.27144830942876
771,1956,-755.9000244140625,,False,False,-0.8928702318368706,0.6408432843493264,-2.178651921073655,1.168983125197479,-1.725328198124831,-1.687059893100308,14.214710512748217
771,1957,-760.2000122070312,,False,False,-2.44749941876308,0.3671651373838823,0.009844185439264599,1.2478935244065603,-1.9353747906174588,-0.15868477451203203,14.158800846757007
771,1958,-776.0,,True,False,2.7933567995385005,0.35923591144130773,-1.5361394785378686,0.716442004505216,-1.8083475206059907,1.1892852346940084,13.147727540922569
771,1959,-758.5999755859375,,True,False,0.11056149541389626,0.4248340373535457,-0.24971928096649043,-1.4680350426124837,0.24202733108649407,1.6084637767881116,14.469825252114894
771,1960,-754.2999877929688,,False,False,1.1644842975193719,4.328469205314481,-1.0954686263438083,-2.1688626315297665,-1.620986552371671,0.18839723195504732,12.284217079033294
771,1961,-762.2999877929688,,False,False,-0.7167386687193698,-1.611364770471013,1.4506157698470286,-0.3757248372424477,0.8385341687463999,-0.8024277883627078,16.579561200342354
771,1962,-761.5,,False,False,-0.3568179267838609,0.7684867632024439,-1.0023946658796532,1.4319210244377232,1.4203143536406988,-3.629525283035907,14.810028936734206
771,1963,-767.5999755859375,,False,False,-0.2917735078586556,1.1571028997283013,1.3123588486161335,-2.607632720303566,-1.395153520494559,0.11591005547090223,15.736540918837639
771,1964,-762.0999755859375,,True,False,3.615077107524546,0.7993690051498894,0.42271531344470814,-0.4912367348514505,1.9529978815657127,-0.3883455084810671,14.986873622236741
771,1965,-758.7000122070312,,False,False,-0.7004679141263576,-0.6479962389374548,0.17307553350058927,-1.1512981311952564,3.044619990028005,1.0119295973756048,16.11865962022964
771,1966,-764.7000122070312,,False,False,-1.713200048950898,1.8055896800796307,-2.861527993101882,1.0557084216667612,-1.846431946850546,0.7342503299712161,12.304344328168575
771,1967,-755.2000122070312,,False,False,-0.7662462520300538,1.5245377334890367,-1.3213889959851062,-0.3854354399503409,-0.11355585455320344,-0.006328010520235756,12.75155935859377
771,1968,-762.7000122070312,,False,False,-0.2660968645693841,2.4508365423438785,2.269570119377467,-0.2692984454743668,-1.4895141473208018,-2.550902291169377,16.386268361088042
771,1969,-786.9000244140625,0.6129032258064516,False,False,-1.9705456853857837,-1.8533803452712303,2.5789812786223822,1.9068765428773895,-3.1327328637064644,1.4076403034484113,17.404554123435535
771,1970,-773.7000122070312,,True,False,0.14855036611980288,1.8396874972606116,-1.1671761425205982,-1.211287776194146,-1.8977907339360907,0.5190603453311258,14.427653995198867
771,1971,-760.4000244140625,,True,False,-1.5217475519835553,-2.1308307074737898,-1.9250020933726746,-0.8513418749842915,-0.39101073691774263,1.4069590436362076,16.808044629694695
771,1972,-764.7000122070312,,False,False,-2.7869796734918246,-2.33887692687437,-3.1512521747399176,1.3816285113528812,2.4885170082380768,1.5260772734590906,16.481621685295057
771,1973,-759.0999755859375,,False,False,-0.06698465309763789,-2.063419525780386,1.7929479354900848,0.8879799338506996,-0.15917596476846244,-0.12427418339386957,19.07966687920503
771,1974,-768.5999755859375,,True,False,1.2633181218680272,-3.7832961403071015,-0.34827585586139354,-0.9799369504463091,0.1434088878507988,-0.4195706667790229,14.815690427787445
771,1975,-755.5,,False,False,3.66854328885926,4.2828090102879655,-0.5263643553385126,-1.2070468243855574,-0.5443637134295223,-0.6264988360779601,15.228967052174479
771,1976,-773.5,,False,False,-0.015605632793344114,0.5048575577530182,1.845766224444013,1.1163809501316355,-2.639200234738534,-0.8271019809729607,15.594897455974827
771,1977,-768.7999877929688,,False,False,0.8346701673401026,2.335389630941695,1.7308451774237903,0.874091987663566,-1.179003176658847,2.960582993503944,13.813723925468462
771,1978,-770.2999877929688,,False,False,1.156409124586745,-0.08774119353881389,-1.5963925918577042,2.291033481887544,-0.8049712643443523,0.7251011168755241,14.685506120524055
771,1979,-761.0,,False,False,-2.5378540574010415,2.214573752997221,2.398079811967794,-0.5990249119695737,1.6980986834759488,-1.0995542569788577,15.981417820970961
771,1980,-762.5,,False,False,1.2863775253230443,-2.6384401728041493,2.395264990856753,-0.004649331357474991,0.0487343672776748,1.408499755627989,16.413283643639176
771,1981,-781.7999877929688,0.7473118279569892,True,False,-0.5822397558109453,-0.7490937877756965,1.9262180006113816,0.33715835592852766,-2.887461000665734,0.5778341956413836,15.163377011160705
771,1982,-768.0,,False,False,1.090549326129269,2.86730639092674,1.0556165113293297,0.8383828416792539,3.5048084835933873,-0.4829655143981308,14.980678584068016
771,1983,-763.2000122070312,,True,False,2.48880089928264,-0.05742701134151065,-3.480918373146412,0.7347544560845022,0.1451974261427974,-1.5099374729024402,11.092248394507966
771,1984,-750.5,,False,False,2.250874247000449,-1.4966203730731877,-2.7346585028162926,1.2482098602588703,0.262547804817075,-1.2545177574071884,14.439371494261378
771,1985,-751.5999755859375,,True,False,-1.6921567953479473,-1.4039874962190697,0.5544278973903768,4.141343251762021,2.536287291822935,-0.5583583419068329,16.660492176814376
771,1986,-759.5,,True,False,-2.521381880309197,-1.4899229714749915,1.2024998338698547,2.6982984309191647,0.20279342508153794,-2.3290712192735348,16.706904539946382
771,1987,-775.0,,True,False,-1.0867799814412666,-0.040066716766361525,-1.6627129676930528,-2.426007910376771,-1.341784092623111,-1.9166689014323093,14.482816020391088
771,1988,-764.4000244140625,,False,False,-2.7783280509295216,-0.2605484366190631,1.0009644952533272,2.346445120913788,-0.7955821162334571,1.3726569762062855,16.611292382036495
771,1989,-767.9000244140625,,True,False,0.1385699573313234,2.2484443642748646,0.3075452172669654,2.1842308646513464,0.14015077959498468,0.5519244883824402,11.239487343555107
771,1990,-779.7000122070312,0.7204301075268817,False,False,-5.601707014979623,0.7470201328322462,-2.4703437683943372,-2.1254646028645086,0.7346185740808029,1.2716677394894724,16.155519168498426
771,1991,-740.9000244140625,,False,False,-0.3413027464825677,-0.8429696970792102,-0.42819431182346634,-2.975538637838328,-0.489377310133863,-0.016498166277502176,15.52564487956932
771,1992,-770.4000244140625,,True,False,-0.09405490335090781,1.8392830418853883,4.304490605291416,-0.5191348009787728,-2.4262913517157805,-2.744756370419873,15.906278445757016
771,1993,-769.5,,False,False,-0.8379778019654364,-1.3366808308653044,-0.2754725756770602,0.23366095746489834,-1.94391522814662,-1.0765580975683937,15.471151889498492
771,1994,-758.2000122070312,,True,False,0.4459111348358775,-2.023630079571248,1.0943438632456264,1.0247695795221647,2.0243689349204703,-1.4414553635220504,15.097732429245792
771,1995,-760.5,,True,False,-2.1922559976825475,2.836525724266788,2.1322600774510714,-2.1725183813922473,0.2156869945711337,-0.40074827977553895,16.284640648421462
771,1996,-758.5999755859375,,False,False,-1.4244378447282435,2.3679046977123663,0.2153564829912389,1.1290535941919968,-0.46165549311837956,2.0039340969497275,15.851904459838039
771,1997,-779.7000122070312,0.8548387096774194,False,True,0.4099565795060499,-1.7711032320758324,-3.900920581676042,1.1297520749968955,-0.7281765473175933,0.673547934013891,14.130444615008551
771,1998,-787.5999755859375,0.8010752688172043,True,True,0.9305483932429812,1.278733510880107,0.21049669684212813,1.2712191928822687,-2.617666119742984,-1.0335043750619972,14.137273851656536
771,1999,-761.7000122070312,,False,False,0.9916813448123348,-3.6542829772928758,-0.44640546276161086,0.7691146924669042,0.8484497513644342,-1.3337943749299561,17.201892708159413
4242,0,-739.9000244140625,,False,False,1.775772634850071,1.8922965703784265,0.9992064896402311,-0.6661846009933674,1.5555629735752405,1.9604420561592917,15.601137748821237
4242,1,-770.9000244140625,,False,False,-1.7751783915433228,-1.8402019426483798,-0.23563133953636672,1.1816286944559633,2.9750222777725464,1.2253989384408575,16.238577883767523
4242,2,-769.5,,False,False,-0.513688877309819,-0.6885477068350383,1.4181161844102927,1.3418987787484644,0.8013813602228811,-0.6377359871540416,14.523756484823068
4242,3,-768.7999877929688,,False,False,-4.524642892362961,-1.256180064176112,-1.368904567442283,-1.9010481293475596,-0.7744252722701965,0.46151416494911524,16.54899929164216
4242,4,-757.0999755859375,,False,False,-2.719766999462784,0.9390422569146334,3.483711619621381,0.28464923889367755,-1.7755718108466925,-1.4424931323480317,17.128440878123847
4242,5,-770.7000122070312,,False,False,-2.4481037588215173,-0.14885869683088873,-1.2532349414372448,-0.693621909267373,-2.7002664360013915,0.17467730899012734,16.8757650081906
4242,6,-756.5,,False,False,-2.4277929975532913,-2.2037016781549945,0.07060801032808511,-0.656754967358998,0.5438797555912491,0.22637175342146054,16.993978195486545
4242,7,-791.2999877929688,0.7043010752688172,True,False,1.858914223242105,1.9022101436996468,1.2255144888592422,-4.229267507996781,0.19368274421248152,0.1952007268977155,15.636500458483496
4242,8,-753.7000122070312,,False,False,0.19142459809102608,-1.3712185929201073,1.2356562906693644,-0.15989157654084676,1.6581439826011377,0.8234628397276416,15.741569210536394
4242,9,-768.2000122070312,,False,False,0.18262572434214672,-0.7394524551933217,0.8779243109137573,-0.7281513749083367,-1.5208671626859407,-1.0515629166559952,15.543308595585305
4242,10,-763.9000244140625,,False,False,-1.0211360039544275,-0.7280180514223297,1.7897346274480093,0.854592360067925,1.1870685422111775,-0.7962393306144685,14.704394677624247
4242,11,-775.7999877929688,,False,False,-4.515464783053063,-2.7707439790796347,1.4046317943510251,3.142246754280329,-0.4360396451977812,-2.2747060208728946,17.955337814224006
4242,12,-752.2000122070312,,False,False,0.3747097111057879,-0.4553236781372721,-4.274472088358718,-1.3738825079802994,-2.0753675954886144,-1.1396793108999266,13.80572347217526
4242,13,-765.5,,True,False,-1.0995414192542414,0.35648517857153217,0.22990999371705478,2.0010016711704073,-0.8277143853592323,-0.5408522485746744,16.167321643582675
4242,14,-760.2999877929688,,False,False,-2.7968050510110416,1.2396521622998018,-0.037036103329901315,2.9964121077093195,-0.08631226165415111,-3.0026066782575316,16.882512929722115
4242,15,-755.0999755859375,,False,False,-1.300555324302625,-0.7744452992658082,-1.012598513146382,0.5200311093408692,2.246134922830128,-2.1567848595482624,16.28418149098677
4242,16,-762.7999877929688,,True,False,1.5847906664993021,1.6670614408600917,3.445899044948126,-3.410886567016884,-0.4448394362620679,-0.6494195269926255,15.473038295779364
4242,17,-762.4000244140625,,False,False,0.635803108366726,0.31228856112904874,-1.691035100294655,0.7576641040939487,1.8154211474851032,-1.1872846799166357,16.29155958946319
4242,18,-760.0,,False,False,-0.10133555112236796,0.3751452413921794,2.9331630626226235,-1.197941653136107,1.3170791177703753,-0.7673762652633701,17.421643671752083
4242,19,-755.4000244140625,,False,False,3.1452284910959025,-1.6334359484888532,1.9538530705777897,-1.7268098515970793,-1.7109493381462786,-0.04331854307516253,16.014207948658452
4242,20,-781.7000122070312,0.8010752688172043,False,True,-1.8248718576501761,2.232815495087926,-0.04628255950569124,0.4483235421853254,-3.989579470094348,-1.4593510634136728,16.46451086383832
4242,21,-780.5,0.8172043010752689,True,True,0.06515566292458218,-0.7613207389866501,-0.7889854367972619,-1.1613585639604662,-0.5749623939320556,1.42882062759475,15.074708051492056
4242,22,-781.5,0.5591397849462365,True,False,-0.29237078961885515,1.713473800236935,-1.7158112530736869,0.1996281996436748,1.578283113027523,0.24972082269486998,15.871374638836976
4242,23,-765.0999755859375,,True,False,-1.9219423734042136,2.3072560623628546,2.0087112763552533,0.22587974263318822,0.5826956471451072,-0.03433084246466243,15.147222774531445
4242,24,-773.2000122070312,,False,False,-0.3618281248279923,0.5064405870467921,0.28564888084128975,0.7802744648727886,-0.8139546489136998,-0.5105294056363441,15.122732163329921
4242,25,-774.0999755859375,,True,False,-2.674493288659947,1.225809682999287,-1.6873734619500884,2.117944738121569,-0.26143778696871234,0.06452533154630061,15.102933153983637
4242,26,-754.5999755859375,,False,False,0.39422915681744175,1.1733566150006456,3.526929142889497,-1.9386969425692517,0.3409204001647255,-0.7035632068094464,15.323137341606971
4242,27,-754.4000244140625,,False,False,-1.4522497840196653,-1.1579594767156838,-3.683077680194135,0.4681975355163859,-1.2148602521866112,0.4269220913027242,15.240358028919925
4242,28,-764.2999877929688,,False,False,-1.5961174237844795,1.7295071874975911,-0.4086506558288213,-1.0926932583136675,2.205497067709907,-1.1974769736724258,14.412310434381602
4242,29,-774.7000122070312,,True,False,0.7284454433630403,-0.5847452546579774,-1.2560218387601954,0.492073887426398,2.4984110116290092,-1.226243107570447,13.496895165607254
4242,30,-758.4000244140625,,False,False,0.7015043991768246,0.4840170651292042,1.7178309709114412,-1.6160468349297266,-0.8373198887252429,-1.286746445449803,16.42421006529722
4242,31,-769.7999877929688,,False,False,0.15987663336387165,2.222898828700427,-0.798246394297839,-2.307284733121342,-0.14144707001781986,-0.6494164348140311,13.603320920507365
4242,32,-754.5,,False,False,0.5373507079311669,-1.5640993467633908,-2.4187845906896017,-2.6255545946752057,-0.4151881323203627,-1.3624902224534645,14.230862055898887
4242,33,-763.0,,True,False,3.8557394106242997,-3.011678448948367,1.3303449499300652,2.69908625781988,-0.8674486572276336,-2.2190131341058,16.76949261524406
4242,34,-761.4000244140625,,False,False,0.3819535914767675,-0.3708471209496035,2.5933091269685744,-0.7909248440251921,-0.47720586813028215,-0.8459862049555222,17.513291274997837
4242,35,-781.5,0.7688172043010753,True,False,0.24287697185371304,-1.9747355333205854,-0.7852000117114798,0.2819605770537999,-2.527186265722101,1.6255960090725148,14.792439916134079
4242,36,-754.7999877929688,,False,False,-1.2097918327842017,0.023930093091073253,0.4646495835674552,2.8680017874028834,0.34779108709954243,-1.4005389653128306,15.37926913772805
4242,37,-771.0999755859375,,False,False,1.1313822837754186,-1.0848003874926087,0.5864930697403461,0.778705105156397,-1.664309920212589,-1.119010383406379,14.680857462696698
4242,38,-753.2999877929688,,True,False,0.8231782990162945,-6.014433044007156,2.7713219425816713,-1.827055798082006,-0.5853102992131713,-0.0002371224677220034,19.96311178007188
4242,39,-755.4000244140625,,True,False,1.9849569943208292,0.06620334050587004,-1.9457159287053114,0.9389892456105469,-1.1256739271771257,-0.1435814547453979,15.923421047543826
4242,40,-773.7999877929688,,True,False,-0.10792646803718495,3.1201323775141874,-0.40445329234346433,-1.9823394444971774,-1.1126887049140113,0.4240319191524696,14.19290390286645
4242,41,-775.0,,False,False,2.3947408613856758,-0.14276175877130523,-3.9104021411472254,-0.9592612403331143,1.8088819094574737,-1.3654547393056335,13.793836192525047
4242,42,-771.9000244140625,,False,False,0.5461452407756661,0.7546962686020046,-1.0130957735612445,-0.301459383284148,1.7290816898294659,-0.06618368517107705,14.098184426641815
4242,43,-773.5999755859375,,False,False,-0.9963399984827943,0.5396327090566493,2.4622715438368945,3.5604595672953603,-0.6072838991830476,1.1758093496400284,16.26649607199139
4242,44,-766.0,,False,False,-0.6483909094719239,2.8712878500053876,-0.7823805967917129,0.48432310130175654,-0.328183275791468,-1.202518146004393,12.360587125555492
4242,45,-752.9000244140625,,False,False,-1.4869461857158446,-0.8617422836824471,1.1290866175984862,0.6168767167542719,-2.05985431962513,-1.0634995899716446,16.038379037194172
4242,46,-761.7000122070312,,False,False,0.9810910452816677,-0.16578246006769504,-0.8376573659599661,-1.527354787466707,1.8842991510303453,2.7601726679985785,16.05041542370038
4242,47,-761.9000244140625,,False,False,-0.08941687634570306,1.2118536214048778,1.756323021629606,1.5440107041677402,0.5508116986469516,-0.08779811427003946,14.99202863368596
4242,48,-757.9000244140625,,True,False,-1.2492689346048487,1.0117803240446834,-0.9314597403016845,-0.7070172335212732,-1.1512657043168362,1.5582072637892002,16.665619239543233
4242,49,-768.4000244140625,,False,False,-3.6582636213445427,-1.7316335739798352,0.18423804960948514,-2.5963608392631845,3.768283815270643,-0.8395262329012654,17.838600325241195
4242,50,-748.2999877929688,,True,False,-0.22848852675127965,0.2685818094764815,-3.1399298335283112,-0.5697872431097208,3.51475595611728,1.3187337739401364,14.965428875825554
4242,51,-759.7999877929688,,True,False,-0.922635661567806,1.227231998125589,0.7236727368191516,2.462144837472266,-0.992092247921092,1.040171047668207,16.381267658142747
4242,52,-767.9000244140625,,True,False,-0.6910788986259309,-0.9382354203906355,-1.92303718228651,-0.940893859686747,-0.9301160044757635,-1.0133203012563183,16.29047100476844
4242,53,-757.9000244140625,,False,False,0.23510865756459082,-1.8404678862080046,-2.7421283127862823,0.9435454805527509,-0.548773522567555,0.8468129234300941,15.366040000267398
4242,54,-781.7999877929688,0.7150537634408602,True,False,3.3339576563266347,1.6156630401749814,1.2256888743392973,-1.4560474819171902,0.7555847661367638,3.973792633141816,13.285891098425633
4242,55,-758.9000244140625,,True,False,3.1811134563168455,-0.6631680808844596,0.5470300649894355,-1.2324155366101972,-1.2219620138149616,-0.7467860598242875,14.501164953480506
4242,56,-759.7999877929688,,True,False,2.122764196910893,-0.6741806828656624,0.629582821173207,0.02753739449385186,-0.3433389115050992,0.4601520520964211,13.352306695849192
4242,57,-760.0999755859375,,False,False,-0.06439975943329268,1.243548606792344,1.160332363510747,-0.2621083744481647,1.3600202606013576,-1.467636922028035,15.386686965806899
4242,58,-773.5,,False,False,0.06234916131687802,0.7470878528793548,-1.0659946778264286,0.4278813306946349,-0.44156273751714886,0.12009790873138018,13.637798058181748
4242,59,-777.2000122070312,,True,False,2.354919487893381,-1.5639439229466003,1.7752485072708488,-0.4206935398289182,0.22825128317988272,-1.4807820992840532,16.086500645845526
4242,60,-772.9000244140625,,True,False,-1.7473076997729264,3.010957772423537,2.15818126582796,0.5992311118064542,1.2611978945202094,0.7303784762686294,16.69495702706016
4242,61,-752.2999877929688,,False,False,-0.0803667065906432,0.13795567321625585,-2.1632005641844123,-0.6416457531764576,2.5480405361016354,1.663256854785121,14.210251271634379
4242,62,-767.9000244140625,,False,False,-1.1036685186872413,-0.5762605866623903,-1.4515869585833914,-0.5792657783898542,1.342818138361778,-1.3735106773308534,16.03312652176496
4242,63,-772.2999877929688,,False,False,3.1224132569746743,-1.8721929013525433,-0.10696977851741728,-0.8424945168116735,1.8692228696411823,0.8641615522868431,16.3078740430022
4242,64,-771.4000244140625,,False,False,-1.6736652203568207,-1.5495404692315424,0.009817649103947855,0.12936205460637132,-0.8416694092068108,-0.17533245979571732,16.256435843916513
4242,65,-775.2000122070312,,True,False,1.021751846041098,-1.2842499824108298,-0.8233354476496583,-0.9415071598890682,-0.48306438476336166,-2.2272572417208596,16.319670865785046
4242,66,-770.5,,False,False,0.6829386076129637,-1.6293649726568868,0.4655565180853204,-3.297045964238019,-0.04354424048726116,1.0567141865556129,15.023605853579781
4242,67,-746.5999755859375,,True,False,-2.669733398303888,-1.7037123588693122,-0.9471005238404285,1.5046907552679056,-1.8709306129286922,2.1753574082735234,17.13889658785901
4242,68,-749.5,,False,False,2.7485834295601497,0.9984652426504971,-0.14667380590396856,-0.9362519803879465,0.9748621589164371,2.987438705854541,13.881294444872609
4242,69,-758.7999877929688,,False,False,1.283012993032336,-0.37239047935721437,-2.6899595826474294,2.423201155036329,1.4009447545377496,1.4177289015960794,16.988479987293292
4242,70,-770.2000122070312,,True,False,-0.7410375796109061,0.5973197791435897,1.4607339301258637,0.2654693065770757,-0.4049793949710444,-1.6064206847528157,16.45120764433888
4242,71,-757.9000244140625,,True,False,-0.25061828770755495,0.9462744664445338,0.23510254364647037,-0.3155878361337941,-1.7827023198213166,-0.22883852644736688,15.271781939968351
4242,72,-784.0,0.7419354838709677,False,False,0.5781540913248893,2.0878767228978456,0.8764752411401738,-3.3448714593573805,1.0371649392326798,1.8348181751112034,14.766538865955246
4242,73,-767.0,,True,False,-0.506122370724674,-0.9100445839508717,0.33985530400310077,-1.4118871537400624,-1.469924932643838,0.7753940321494794,15.436063122325642
4242,74,-757.0,,False,False,0.8023600064213772,-0.11648316911537232,-2.2727033048187795,-1.4265801148207828,1.9148434659296998,0.43694273060018435,14.523080607330963
4242,75,-760.0,,False,False,-0.779084832004013,0.3221103377779463,0.037403141852989055,1.1420440905672655,0.0850613147938148,1.2263317299142473,15.59738686735715
4242,76,-767.2999877929688,,False,False,-0.1947177250113754,-0.551762322341221,-0.7750266506848191,0.06806532439288311,0.46588377404841586,0.8865631806478681,14.329733527703143
4242,77,-755.7000122070312,,False,False,2.0171967221564464,1.3891208665450108,0.2882831154362274,1.8809294517459014,2.0439477511490605,-0.7804595718816724,13.625598990357169
4242,78,-755.7999877929688,,False,False,1.6666965943518477,1.66004663928432,-0.5102930872212761,2.687591599864813,2.9828833430407817,1.967855956670728,13.450553229541239
4242,79,-760.9000244140625,,False,False,2.084536888311428,-2.161013689156369,1.2415201072000943,-1.2632226403267803,-0.5264419349456554,-1.3602894773001366,16.839712266461774
4242,80,-748.2999877929688,,False,False,2.0902702544513434,-1.3660971711033771,1.1744311365948334,1.1113732045668578,2.5553792253149092,-0.5991429184212927,14.958883680698692
4242,81,-762.2999877929688,,True,False,-4.397424607976804,-1.2626202219992735,-1.0592702614221572,-2.790434013845653,0.3851373729618303,-1.4720750140630132,17.75204037000309
4242,82,-768.4000244140625,,False,False,-1.8699978601749982,-2.8817081086411225,-4.327246005092559,0.013221404253870818,0.8469556694718111,1.226354148225443,17.963030017432118
4242,83,-758.2999877929688,,True,False,0.38295192034808506,-2.5437206892354425,-3.2960791441799477,-1.2197746960449671,-3.03804830659298,-1.4013364902771055,13.632079048424833
4242,84,-763.4000244140625,,False,False,-1.354425874299168,0.3890184332552647,0.5631675350999206,-0.1750491812532349,2.634556477172615,-2.0544806084183653,15.451967701401653
4242,85,-787.7000122070312,0.8494623655913979,True,True,2.1848642544646713,0.34773137163918866,0.24804003697834462,0.24603749391043825,-0.7696906234615317,-1.0950148197477827,13.099831582477442
4242,86,-754.2000122070312,,True,False,-1.537798638756066,1.259037618621958,0.19909094705996694,1.2878295157883604,0.008998216772052495,1.1400417921740569,15.791120296524394
4242,87,-747.0,,True,False,0.15261284187539703,-3.4498526139400187,2.010413428419761,-0.4180406192314312,0.6509272290705475,1.3533100250857766,16.767224425510726
4242,88,-766.9000244140625,,True,False,-0.6821580783849115,-0.18529243655247873,-2.4306849822991157,-1.261372260881637,-2.9434076147002792,1.3678507163807756,15.617037032150412
4242,89,-765.2999877929688,,True,False,0.08767136478898585,-2.7321934690635588,0.8518705371573186,-1.7547935518643742,-2.3828604874890837,-0.3880160335302565,17.815841387163672
4242,90,-751.0999755859375,,True,False,0.7648463991386867,-1.9438603435826578,0.7333631124181661,-1.2224917229523227,-2.833855933564578,-1.4247441207930642,17.430594492495015
4242,91,-756.9000244140625,,True,False,1.6382873718292634,-1.7672453271433763,-0.027838385155302844,1.1848344825281707,1.0145552293036455,-1.201455948940853,14.940155341362644
4242,92,-757.0,,False,False,-1.8792272456754138,-0.3107129706622573,-3.4244966532064582,-1.4426811258611074,-1.2647326326753459,-1.2284888781425987,15.158860637483274
4242,93,-764.7999877929688,,False,False,-1.5855856799755816,-2.3148993989044655,-0.284593075612747,0.11076941340612406,-3.9181502079770225,-0.08560752702464362,17.800818260490765
4242,94,-760.2000122070312,,False,False,2.546952503981001,0.902632785875318,1.226372466231324,0.5641484211972042,0.7049672761656516,0.6535418622590894,13.988369784380563
4242,95,-751.0,,False,False,3.2638756270800875,0.4843045592946466,-1.8885760542140833,-0.5547125527837045,0.14967839180998815,0.2033151016799697,13.954019923388536
4242,96,-763.0,,False,False,2.189251826797866,0.11572687470251115,1.6539230894691719,-0.04916648887562118,-1.9831547766211735,-0.8175634973680498,14.556439384658214
4242,97,-757.2999877929688,,True,False,-0.9311703302889885,1.4940082204073248,0.47870775004350885,0.495952971329232,-3.30553777392554,-0.8725169173670312,13.943960550060252
4242,98,-766.7999877929688,,True,False,-1.0741698300178524,5.342999921558816,-0.8550315940439073,0.14691120327181806,0.5717608102762876,-0.7439875888769113,14.09364711293491
4242,99,-767.0999755859375,,False,False,-0.16774371924849332,2.4690211372209103,3.177997766736555,-0.3934319011946983,1.215753870848781,-2.626542540845692,18.37595540323566
4242,100,-745.4000244140625,,True,False,1.7935775825240832,-2.3145293965813662,-1.6909010557516964,-0.7630132669776852,1.4082504214111093,2.488140046621367,14.885582287574499
4242,101,-761.9000244140625,,False,False,2.773424316267899,-1.2413728100285972,3.3425977941260423,1.6664049234907694,0.6912882149504521,-2.1561013018210837,16.8660617054296
4242,102,-771.2000122070312,,False,False,-2.811852238482544,0.08969510947284093,-0.18861066360407722,0.7177371236042811,1.6622080779943074,1.2185367773471216,17.131564091391084
4242,103,-782.7000122070312,0.6290322580645161,True,False,-1.4033388255518704,1.2159680396971422,-1.484429866521478,-1.665163947655129,1.5050030984985308,1.4067907484598208,15.469803641864004
4242,104,-775.5999755859375,,False,False,-2.729930908631126,-3.0678082993573006,0.5313779520430647,1.4446148605256688,-1.8353278463615705,-0.5495648863387335,18.39569989218638
4242,105,-756.7000122070312,,False,False,-0.34284868853698053,1.8620033617698306,2.344783647552222,0.6885123647818215,2.4569142011729523,0.39989164994042264,15.987872316193416
4242,106,-761.7999877929688,,False,False,-2.3520972942541354,0.9606312595819514,0.23905598363820962,2.7776383208905915,0.6037306709875448,2.688555132991661,15.261349215239916
4242,107,-753.7000122070312,,False,False,-0.7640127676018481,0.8137579361100228,3.8520640116852687,1.4182950482498877,-0.31873081262516123,-0.6577246039181028,16.170639995633245
4242,108,-757.5999755859375,,False,False,-2.9428855216436003,-0.19569568820839792,1.3107036881220597,0.20149883865390847,-0.6669445581990671,2.2023807197848853,16.25895232041866
4242,109,-768.7000122070312,,False,False,-3.462385490352222,1.7989533053554494,0.3693703565186716,3.281601670242254,2.7031313772933423,-0.0037299411919384544,17.443672387899003
4242,110,-771.2000122070312,,False,False,1.125421629387154,-1.7201761961656163,-1.5049284621156067,-1.4385794160860863,0.06400754187390575,3.646068967574257,15.619492404386023
4242,111,-767.7000122070312,,True,False,-0.06613942089548899,1.1334520805906907,-1.5949949579962568,-0.8444370999779206,-1.2943852148558144,0.3937280526854731,12.189818580495006
4242,112,-764.0999755859375,,True,False,-5.031258908430179,4.0453749160372485,-0.7935590967789345,-0.40116716782266276,1.404486562109186,1.939867539655441,15.741751493483898
4242,113,-759.2000122070312,,False,False,-0.6083499657190076,-1.3353144242809016,-3.8380972840091885,1.939967690294544,-2.516290744949395,1.422789960226499,16.410528710538948
4242,114,-756.2000122070312,,False,False,-2.436810849055298,3.1098849543265494,-0.1146789754036036,0.1727415570756207,2.567569051148402,2.131882083409079,13.96308607947456
4242,115,-760.2999877929688,,True,False,-0.7821276906064148,3.7263031416728647,-1.044903646669563,-1.9274389219717614,1.1352145330652157,-0.7801066449470879,14.783288619087294
4242,116,-777.5,,True,False,-1.7931025238056195,0.9863651449371249,-2.8485313235729945,3.904095166612999,1.7253233651941136,-0.9145401623515952,13.719617545577814
4242,117,-762.2000122070312,,False,False,2.388768954120687,0.14855948173649658,1.7762538980574665,0.9733115874296039,0.1603156566255976,-1.0682567763297042,14.919634867739136
4242,118,-757.2000122070312,,False,False,-2.149349130233682,-1.9109767387525152,-1.1097881763721515,0.21541380244960256,2.992602664841227,2.0766351087820816,16.842676644853682
4242,119,-759.5,,False,False,0.24230102674104942,-1.4730575677284379,-1.0350725463994566,-0.5245862652786742,0.0032832187639600862,-1.9935133588557414,13.448745800170594
4242,120,-766.7000122070312,,True,False,1.6297395664455958,-1.820436889266835,0.3965424006906114,-3.2129299149964967,1.6017631754857227,-5.400630301575868,16.0302865591563
4242,121,-784.2999877929688,0.7956989247311828,True,True,-1.383260156483444,-0.4571779518662722,-3.4225606096537695,-0.5436796928169781,1.4769225177229357,-0.31062402787747245,13.934212009339422
4242,122,-769.2000122070312,,False,False,-0.2960553498087705,0.5677391746147867,1.729447047981081,-0.346374387488203,-1.998527176703008,1.9137943505963082,14.931371447958599
4242,123,-766.0999755859375,,False,False,1.9948939258700686,-0.6083383616272515,-0.0473983457829008,2.8319769990410406,-2.127440020664119,-0.96963845354984,12.126675168764253
4242,124,-762.4000244140625,,False,False,-0.5539490872737112,1.7289243627526216,-3.3300318390220305,-0.6454007841797433,-0.949141199296007,-0.04162107075980982,12.428104715209582
4242,125,-751.7999877929688,,False,False,3.6000916072409503,-1.5492018253731508,0.7472578395860107,-0.19993554301927016,0.3213474960627946,0.5377614553542722,15.417692941711445
4242,126,-770.0,,True,False,0.2983751355956793,-1.3687046445124265,-3.3080285931237694,0.6464012671211274,-1.2353048806740579,0.41376800747759424,14.541400262352248
4242,127,-765.4000244140625,,False,False,-0.583678033283991,-0.9702207133340788,-3.646841759084384,1.1349636356989905,0.8475708387531301,1.3595322217366952,13.251282782074126
4242,128,-770.0,,False,False,-1.5047316730702838,1.1072402250739928,0.6078176739377207,-0.5438522679284333,-2.196267771940274,-1.2287168339908663,15.887351578328504
4242,129,-756.9000244140625,,False,False,-0.7812308577529108,-0.4484645698520559,1.67566472257111,0.10689611705155311,0.37619601221396415,1.3312306201135575,15.710061528353048
4242,130,-786.9000244140625,0.7580645161290323,True,False,3.009105380362205,0.3796929928467279,0.99811033153742,-0.10997573842572163,-1.7234353815573142,2.901158097556809,14.977567397888153
4242,131,-769.0999755859375,,False,False,-3.3811611505331984,-2.6716931454263158,-0.9190272091567391,0.2459367985965231,-1.4729508114907932,-0.5218760326955787,18.072310567509053
4242,132,-767.0,,False,False,1.3623560936242918,2.977625137620874,0.8077673153258481,-0.6645948297777385,-0.7645491370653247,-1.9520971484618528,13.73793596041219
4242,133,-752.2000122070312,,False,False,1.4322705436739653,-2.0372047174535055,0.3498476080960489,1.5613605348308717,1.894997011443279,-2.211849512721053,17.75078687817756
4242,134,-757.9000244140625,,False,False,-2.302221926757146,0.6270819079308498,0.9661683043211825,0.8458716562115417,1.328479585098252,-0.5116097103062448,17.511053370500544
4242,135,-766.2999877929688,,False,False,-2.2372728873030483,3.14207173630701,-0.1030558023803736,1.4233563397958298,-0.9336357501341936,-0.5411859487109743,14.297386973218558
4242,136,-762.5,,False,False,0.8429763484552059,0.3028208815648763,-2.9528725960288065,1.688028036355833,-0.013388372957604068,2.368358135081189,13.69840671285215
4242,137,-772.4000244140625,,False,False,-0.5498835624602256,-1.272519954487906,0.41898596940189475,-1.9750049440022621,-1.8534792505623576,-0.29527975552854296,15.059404398502775
4242,138,-765.2999877929688,,True,False,-0.07037952136758154,3.662422346373843,-1.5766164324920366,-1.9799760032325768,-0.31111997913164363,-1.7412704780811499,14.62048602505488
4242,139,-774.0999755859375,,False,False,-0.8054082101302203,-1.2785084581765822,0.3410231805575727,0.36081561091135284,0.06950245193069676,-1.7962047778856811,16.98687736637698
4242,140,-747.5,,True,False,2.337508314257112,-0.5442260596086173,-0.46475284826581537,0.1608694367594229,0.15176270659460353,-2.8807597107492144,12.558831475727198
4242,141,-749.2999877929688,,False,False,1.147727558484853,-3.8080803439450785,-1.1357050449951736,1.2656834403722483,-0.05841597333116843,-0.9105886954108834,16.538997560706203
4242,142,-766.0999755859375,,False,False,-1.5519111699501005,-0.8623653342690575,4.908368055474065,1.1010022381395959,0.7742692280623077,2.0578161021448644,18.628063569168045
4242,143,-767.2000122070312,,False,False,-2.3456755582380007,1.1824420491497298,-0.6615158803884242,-0.5630741702793565,-1.4071484998514046,1.2959742859979444,15.134983370220413
4242,144,-784.9000244140625,0.8817204301075269,True,True,-0.5250592303667578,-1.992920808546438,-1.5850412873829385,-0.7652256333202632,-0.6831090131583158,-0.4471563592162428,16.90798912280131
4242,145,-761.2000122070312,,False,False,-0.16515115004763303,0.25540643786402234,-1.1535398896171483,1.7194163562681433,4.5267711179310295,0.9332702651325804,16.27499071654247
4242,146,-758.5999755859375,,False,False,1.6915053822344939,1.8634161941738225,1.687034607721367,1.2144075870855229,-0.20514985732149837,1.6146949033746372,12.834487101601901
4242,147,-750.0999755859375,,True,False,0.1085716179654666,-2.2108743024531217,-0.8538376488027466,-1.1569928494396668,-0.9342483241156556,2.0784703938843916,17.488868397171363
4242,148,-755.4000244140625,,False,False,-0.7039713180731658,-0.6555632406687147,-0.8119142819155444,-2.2388979263579976,-0.700009744497737,1.6086324982564117,15.427927074685279
4242,149,-774.4000244140625,,True,False,-4.581469615169456,0.9784294722009893,-1.4127946894593617,-3.892416093600685,-2.393107751440863,-1.2170981843676165,16.09168311805579
4242,150,-756.0,,True,False,0.7922447441347935,-2.037721815323457,2.127071859117681,-3.5310205259287573,-0.7264530368256961,0.01426248786202272,16.4543682968592
4242,151,-755.0999755859375,,True,False,0.5429450149901761,-0.3969745924677477,2.458759287375492,-0.8487210432115397,-0.09189328456291188,1.9520251999997178,15.422458930411642
4242,152,-771.9000244140625,,False,False,2.4757900225836376,0.4078282294030259,1.1295704611285255,0.8651043375594015,3.314282613338601,0.770907763006,12.844643274835922
4242,153,-778.7000122070312,,False,False,-1.475560339333561,2.6899150354341983,0.003058033819708625,-1.3351563591133242,-0.6723268254365967,-2.788424175126108,14.32807426764476
4242,154,-755.0999755859375,,True,False,-1.8034317996630196,-1.8007924626522722,-0.9106514761001915,1.6059211327011134,2.3826728406482798,1.1216786917821695,16.088553627990777
4242,155,-761.0999755859375,,False,False,-0.10918901852215492,-0.5227280508277651,-1.862774285843176,0.8125875778863224,1.406661845507117,-2.2775886555318516,14.438901552360553
4242,156,-758.2000122070312,,True,False,-2.391026573802789,1.9271287356857625,-1.3161598848740919,1.4077845730192313,-0.6217450585306812,-0.4413244070577732,17.34077409281079
4242,157,-764.0,,False,False,2.532933433754639,-3.6479891207407977,-0.484765679911507,-3.85008945532416,0.05825882193722598,1.547646070843706,17.51265683981724
4242,158,-771.7999877929688,,True,False,-3.5428596435316333,-0.05724551749318271,0.7893033129294676,0.6626371281287623,0.7652940913718858,-0.5016113316607212,16.74587301052757
4242,159,-760.7999877929688,,False,False,-2.142899630653132,-1.4734649029245486,-2.0626676875768775,1.6418369305926963,0.7465180283326525,-3.112767209791846,16.725749129076714
4242,160,-773.5,,False,False,-4.042697724668841,-3.4802940247029674,0.04627493094863736,1.9849376214487668,3.696753749450503,-2.6644717118685572,18.65938468315766
4242,161,-757.5,,False,False,-0.07846933827783828,-1.482598175318977,0.13071391541147542,-0.6718341167411739,-1.678821181878694,-0.127465998473948,14.30632097214426
4242,162,-751.2999877929688,,False,False,2.062206452757883,1.0851735786628456,2.0930647839171037,0.8696254979057241,-0.3385950257240126,-0.19623309024133725,14.701082840914479
4242,163,-777.2999877929688,,False,False,0.5219252843840607,-3.3933676491102336,-1.322555341160759,-1.3467258247864984,-1.645164379970898,-1.5191083319027494,16.07342043711906
4242,164,-770.7999877929688,,False,False,-0.06389181861603478,-2.154788794553877,0.3411261616503744,3.1504310984854684,-0.2277460169759884,-0.5413195358728851,18.416115819732255
4242,165,-761.2000122070312,,False,False,3.1321489666163393,-1.3026586185572633,0.6942048773674094,0.03764071008562292,1.0719425094745358,-0.23122909166868988,12.738542021959445
4242,166,-770.5,,True,False,1.670118112298101,-2.8509572283980322,-0.21156421744302448,-1.841393288365942,0.6921532541342416,1.031218091283433,15.77490281630198
4242,167,-752.2999877929688,,False,False,-2.2086482241405165,0.4340755132562881,-0.6959623750636484,-3.207075191852183,3.227590827923876,-0.5521716835949156,16.787524522075408
4242,168,-781.0999755859375,0.8548387096774194,True,True,-3.461099293768119,0.5256036901219081,2.7537544911089133,2.4170417077855975,1.2551554041639128,2.402650308665003,17.55556704276219
4242,169,-779.2000122070312,,False,False,2.5132017001710554,3.45033035816188,-1.8382292390925732,0.9758145129269029,1.383759584767859,-2.93330679046682,13.289385063056354
4242,170,-765.4000244140625,,False,False,-1.6943123498441857,1.3456080402494472,0.39636320029276506,1.1107184100846894,2.619568500852339,2.8011628941247966,15.8349483539778
4242,171,-777.5999755859375,,True,False,0.8348761549564437,2.1273853256194233,0.6822527615192379,0.2736497509871509,-2.2899704518520085,0.7794681124275148,13.340878037355523
4242,172,-777.5,,True,False,3.284826398036848,0.8458288993058053,-0.2169581842143438,0.716148700361125,1.0910258691942514,0.2249621217475692,15.439891175627709
4242,173,-773.5,,False,False,-2.004232114424713,1.5517757561170251,-1.5769326942562976,-3.5745481191835387,-4.242893974850391,-4.192965096450347,17.245093055496675
4242,174,-772.2999877929688,,True,False,0.7556355961010094,1.6739279296467093,-0.46701655748692655,-0.18061176603442108,-0.5903627042624391,-2.764986567923922,13.379953763246078
4242,175,-769.5,,False,False,2.085403401634998,1.4758445730862628,0.8484242438614089,0.5543089763609286,-1.285207014124727,-2.374210742071389,14.854466758745897
4242,176,-763.7999877929688,,True,False,-1.9781851178944532,1.939879416190918,0.8202859368096768,-1.6008615570988567,1.9719167389239318,-0.11081599999204755,15.505871262905247
4242,177,-758.7000122070312,,True,False,3.3750085432299817,-5.096190214617257,1.7409294562676816,-0.2818473202513444,-1.2005197180623428,-0.1539148213402546,18.229963225391273
4242,178,-755.0,,False,False,1.5952152320288084,1.994187582801336,-4.185280551347944,2.5181785574196436,-0.8456438138569684,0.5285261546766957,15.268589349025104
4242,179,-759.5,,False,False,-0.2619665680131933,1.859062845049215,0.4880991345930004,-0.7662771882188619,-1.1219594138620086,1.355525325505335,13.319410419859445
4242,180,-766.7999877929688,,True,False,-1.920452842762013,-0.060891893083744805,-0.009917627323490052,-0.1864724964272519,-1.0580345226062202,-0.665236604597642,14.26942390719057
4242,181,-773.5,,True,False,1.193825631654262,3.8103702075378396,1.8072483180710477,-0.4295225430998935,1.0384686170814845,1.1521383889023884,14.869824907520872
4242,182,-764.5999755859375,,True,False,1.0083190590217004,0.790905634699223,0.528116201450334,3.075568747776447,1.5288417621823776,1.5323579979463084,16.083179510155794
4242,183,-786.5,0.9301075268817204,True,True,-3.2110640349345214,-1.6541925851682986,5.125649301612687,-1.775266183743294,1.967326848653089,0.5881317799975735,19.41600266662752
4242,184,-756.4000244140625,,False,False,-0.0020906744811217365,-0.026500148936463262,4.159322328743641,-0.40608918911082614,3.0811073000433677,0.15970225633545063,16.939734090944548
4242,185,-746.5999755859375,,False,False,0.5117561543797287,-0.17165164080843826,1.6589198931504898,-0.14118214690829767,-0.6711912081485724,-1.2834373502896184,15.475657095987565
4242,186,-781.0,0.6666666666666666,False,False,0.3740475569668008,-1.7464962179524266,0.8748896284365678,2.193190396089188,-3.4470692587942517,-1.4462150641435698,15.06413027376665
4242,187,-782.7000122070312,0.7043010752688172,False,False,0.31156016885435833,3.572785289204786,-1.0143778893014193,-1.5387896516301962,-0.24484987283658538,-0.12183588324548082,12.245850301410453
4242,188,-753.7999877929688,,False,False,-0.6306709596269882,-2.2795125465778123,-1.8326211426738772,2.7801367798668197,-0.08378478123317042,1.1206224694389904,15.695751288407262
4242,189,-760.9000244140625,,True,False,-0.828037800466846,-0.8329679721658192,-1.4534969658020207,0.09233175348612833,1.645499780635792,-1.567326004883583,15.711125120367516
4242,190,-763.5,,False,False,1.3188206092163373,-0.15270455322671034,0.33015978044071687,-2.318580558433172,-3.8044807674665098,-0.5786155938584089,14.836259893570874
4242,191,-774.2000122070312,,False,False,1.4687912245403514,-1.634483946218042,0.45789828448092423,-0.9480420340155901,-2.902184109500124,-2.1908868486290274,15.65973452121017
4242,192,-767.5999755859375,,False,False,-0.5439907139490695,4.051994699622207,2.480958592963581,-1.3328607511269785,-2.9494117182896984,-0.5795762436819403,16.851430617243714
4242,193,-757.2000122070312,,True,False,-3.590589537615494,1.162365098319478,-1.0574211367471547,-0.42837396308786807,-0.7710061700641536,2.6879893963407078,13.872359324208597
4242,194,-770.7999877929688,,True,False,2.0102399496990575,-0.7835949250671853,-2.140618973678791,2.9744817946503566,-0.1911474918052248,2.508970905566962,16.866418721013453
4242,195,-755.5999755859375,,True,False,2.4928606924163352,-0.10483394554572777,-1.450700884684877,-3.282800376692962,-0.4438663018935027,-1.0587040109870485,16.016101946179198
4242,196,-763.7000122070312,,False,False,-1.7391773830529453,-0.3906583105764205,-1.7818367104419797,1.479480909197465,-0.8806979583543373,-2.203758421789832,16.053255227052166
4242,197,-760.5999755859375,,True,False,1.0771261010868267,-0.924633259318205,2.7784860107503193,-1.4969359771940256,-0.8635734312258457,-0.13948930842145535,17.30586715301642
4242,198,-770.0999755859375,,True,False,-2.0119627307505157,1.9961019823107353,-0.17972472104461515,-0.1487372201630619,0.8911376426709507,-0.14175312250391497,15.243919004978522
4242,199,-765.9000244140625,,True,False,3.392012503798266,-3.322925304440592,0.974376802817076,1.4542633415057182,3.2030922137683775,1.9391022206705943,18.532561231585614
4242,200,-758.0999755859375,,False,False,1.6465362058575126,-2.4442805398793106,0.8207839334463217,-0.7322557306390549,0.00867658231167511,-0.8091689812662993,15.41797375089249
4242,201,-758.0,,False,False,1.0267098919782187,1.193899988305671,0.4468840376957556,2.6656396327807794,0.5848533652050449,-1.3199065408897317,13.826368029740701
4242,202,-769.0,,False,False,1.8022434502427307,-0.9583495822092241,-1.2437242427014923,0.369526191497304,-0.8338719410179006,2.004604611426658,16.67517447555182
4242,203,-768.7000122070312,,False,False,-2.767706627606493,-0.7929647415668363,-2.5226648699663246,0.5097499078779169,-1.095389921665908,1.6508142548720866,15.57340785306848
4242,204,-753.2000122070312,,False,False,0.6016786229537756,-3.635632807232248,1.3615667947486276,2.6160676038742516,3.191869825690163,2.2440284441482476,17.275690570758428
4242,205,-772.7999877929688,,False,False,-0.3516246515634146,5.024169330422045,1.9203529578045047,1.5245263902851471,2.6043412840785716,1.9166455356135417,15.100748604690782
4242,206,-773.9000244140625,,False,False,-0.014873773753195221,1.8405271730398893,-1.097945240201067,-2.5335665914648144,0.5180307790481808,0.24337289299537443,15.007447642042585
4242,207,-764.7000122070312,,True,False,0.5093263427730091,0.4021328384523147,3.3478633227123638,2.135747650696984,-1.9777157295428467,-2.9049329558163963,17.125543796299706
4242,208,-767.2000122070312,,False,False,1.8855877176557008,-0.3407712465084953,1.144917261695834,3.4645497365026396,-1.495465007672121,-2.282800775959691,14.079401700245707
4242,209,-778.5,,True,False,-0.22202855847957498,2.4605708436449136,-0.4260015436251291,-1.5674405589111573,-0.31924907939219427,1.123916558516414,14.587297464863422
4242,210,-767.2000122070312,,False,False,0.6892499705517727,-0.25704453777103514,-1.6974823304508795,-0.08524402839053734,-2.487007110588342,-0.029610956668348953,11.132938578002953
4242,211,-766.0999755859375,,False,False,1.0001069757455798,-1.457597353487067,-0.3750007783355569,0.5505393806097321,1.28481550516313,-4.154492309318595,16.067730298083504
4242,212,-755.5,,True,False,2.421076171196162,1.492700506521769,-2.022617662977939,-0.6169814121729572,0.01660966780846933,-1.1002207107792015,12.939093742212778
4242,213,-761.0999755859375,,False,False,2.8719780296730915,-0.893014249381785,-0.6136576610879425,-2.8685587270305537,0.9599007279331986,0.2323225149268943,17.482085275219365
4242,214,-765.4000244140625,,True,False,2.5623110378127465,0.2757008919928639,1.5264753201042558,2.9720335407494756,1.4339584519036621,1.0934104974595704,16.408123945666148
4242,215,-760.4000244140625,,False,False,-0.5921150943529259,-0.768617297567814,0.2695832801182221,-1.4472568235150098,1.092748089548192,-4.430372969386933,19.914192401811242
4242,216,-780.0,0.6559139784946236,False,False,3.061103518754395,-1.5787808754250947,3.7696608966422716,-1.7517262717568851,-1.3016798663992177,2.1379363562389737,16.489057421043533
4242,217,-759.0999755859375,,False,False,-1.386598298149451,1.4475979512296306,0.051268403735644605,1.492772852876995,2.804679847496231,-1.751026754838442,15.669511959053503
4242,218,-771.5999755859375,,False,False,-0.43993902055913664,2.920572250898105,1.6152691860356503,-0.916796874684093,-0.8403628331097998,-0.30854190020512096,15.567837755647643
4242,219,-758.5,,False,False,-1.666053734200606,1.6408951215867094,-4.554841104619572,0.505595407197861,3.5130321187441984,2.092818820718703,16.770761618425908
4242,220,-764.7000122070312,,True,False,-2.9972164393145535,0.9106316317574463,0.2535537060821871,-0.6150107915939723,1.9193470296055857,1.316423636223026,16.151009337768475
4242,221,-769.5,,True,False,-1.943998571252493,-0.054448209324526105,-0.7538749180176377,-0.908655469240394,-0.2064788946829963,-1.2920348593293858,15.578501136243412
4242,222,-761.9000244140625,,False,False,2.336953396381769,-1.4798883184400284,0.5525535175127342,0.4789128035802688,1.0065052768998752,-2.0623384378515173,14.391622317768293
4242,223,-779.2999877929688,,False,False,-5.045509879657647,2.363082852969135,0.6835854875223568,-2.763188232904522,-2.20443862776119,-4.018771340802189,16.665917630032723
4242,224,-752.7999877929688,,True,False,0.9584558991058157,0.7377925101652634,-3.688758716164106,0.8363671738762178,-0.4274654883308636,-1.0565416721485656,13.746429659844441
4242,225,-775.0999755859375,,True,False,2.647395660954514,1.965738446082877,1.3824453214578207,-1.3313009669998839,0.27474712515734323,-1.8262819084153676,15.289885781465225
4242,226,-765.0,,True,False,1.0096560174302227,0.7368083827429847,-1.2850929821112722,0.1522444621960243,-1.8030376946679316,0.17377840428949975,14.187454741289836
4242,227,-759.2000122070312,,False,False,-0.9472751474291878,2.9761127169488546,-2.243040849188286,-0.24490342234856632,-0.8782332347137075,1.9572081952097864,12.944885776766997
4242,228,-767.2000122070312,,False,False,2.796653891557006,3.068803174614054,-0.9204902376092426,0.9495318018394968,-0.9927945451607563,1.8948270499682924,13.881462114432646
4242,229,-747.0999755859375,,True,False,3.115620590430022,-1.1739921844860166,2.1393078357086206,1.6687069920512898,-0.5195105433940649,0.3465797181321441,15.959593027595941
4242,230,-757.9000244140625,,False,False,-1.7402368498594754,0.9142047808498784,-0.5593857933841253,-1.2443229776968718,-1.0690165833760443,0.7333438892705886,15.933159760015094
4242,231,-757.0999755859375,,False,False,1.9391396509190844,-3.7920353921058,-0.12832401916123937,3.2812358118741307,1.5841857201117668,-2.386624761718917,16.680179939468008
4242,232,-765.4000244140625,,False,False,0.1738267908999774,-0.9895896375884748,2.8198956916418734,-0.8584613725052863,-1.6973371869045182,0.995150574219124,15.213548943239621
4242,233,-775.7000122070312,,True,False,-0.7524178336376451,-2.8358533250339164,0.35315612118421696,-2.548986295300948,-3.1727741785559425,-1.6986439373436497,17.550108831601488
4242,234,-760.0999755859375,,True,False,-2.091495734172347,0.031213808903340457,-0.03261433415978926,-4.156107673699744,-0.24370487916401606,0.04019737346749279,17.191629392040568
4242,235,-758.0999755859375,,True,False,-1.4700396267214944,2.2460756903839743,3.0526272414267486,1.7712660526397939,-2.1976652990297434,0.29043377471195325,17.221772590074842
4242,236,-759.4000244140625,,True,False,-2.0717180006290006,-2.1686703873530613,-0.7132183551529482,-0.5395623724483823,2.030643292704101,0.9477614328771846,17.390231453177968
4242,237,-762.7999877929688,,False,False,-1.5216602691308636,-0.3480588494248623,-0.2505074635667061,2.6824290635877,0.8441349283739225,0.7316400010191272,15.252237606167279
4242,238,-762.2000122070312,,False,False,0.5145614167989061,2.3617294371279347,-2.9066364407882244,-0.76520146509384,2.054718781872896,0.2866326849435581,14.523679201243091
4242,239,-756.7000122070312,,False,False,0.536498012479425,-0.032693523094475534,-1.0118801127103028,-0.2860452417648818,1.2288297281466096,2.7355715353038015,14.962772501082558
4242,240,-760.5999755859375,,True,False,0.9901016128313176,-1.2464811043018562,3.5670453979972434,2.85503896686207,-2.367743277937599,-1.766056004975327,16.47995806647502
4242,241,-757.4000244140625,,False,False,3.4289376975560573,0.2763046199299876,-0.599001910324605,1.8832410198204501,0.1569306483402797,-0.268109973672501,14.92399245902353
4242,242,-773.0999755859375,,False,False,1.187606121704614,-1.7708311744969385,2.8129825293600814,-0.8772873424277194,0.6662346795608215,1.4261452042319451,14.202347083564065
4242,243,-763.2000122070312,,False,False,-2.3256067167245433,1.2766567039657566,-2.4896167572013317,2.7864403772519233,-4.622414814136799,1.4984267244443983,16.781825061495873
4242,244,-759.2999877929688,,True,False,0.7833460710633919,-0.9563401339468792,0.7014214647447738,2.836206628524238,1.868159904056149,-0.381095163322737,16.675353178349567
4242,245,-759.9000244140625,,False,False,2.3381827051014077,1.0381221279480117,0.11999206233405312,2.8816146689471913,-0.7516241696300408,1.0972795529268329,12.922695303167355
4242,246,-772.2000122070312,,False,False,2.312762158987423,1.979053310705536,-1.2160983814023651,-1.751722828467222,-1.2652826538257014,0.23083874292873047,12.5341031414846
4242,247,-769.2999877929688,,False,False,0.32144417452079577,0.6446095169710633,0.10797517169143366,0.8073303983450776,-0.7637563903988588,0.9403772579023001,13.068298495614043
4242,248,-766.7999877929688,,True,False,-2.632234592593447,-0.5983982133190219,-0.2189995246082918,-1.405578205605971,-1.3427758615146772,-0.10380417609832078,15.647436942633078
4242,249,-756.2000122070312,,True,False,-0.6529332466476999,2.6023732161931568,-2.335739600386711,-1.0251320090385454,-0.2520527358484835,-1.2405494635418237,14.751258677599274
4242,250,-780.0,0.7634408602150538,False,False,-4.4062558089124755,0.14096424980076647,1.8211077016749864,1.796538136962074,2.295475243737033,-0.3276851527385093,18.15278404115353
4242,251,-755.2999877929688,,False,False,-0.16169394873914492,-1.7520337394387189,-2.451091917556183,-1.0242653552978271,0.6649756132596537,-0.7976859478210124,17.49112370404242
4242,252,-755.7000122070312,,False,False,-2.818672343410049,1.9073823716228393,-1.3521074482398443,-1.1638747962264853,2.2847362401891482,-0.9721528807132946,16.90990212368587
4242,253,-762.0,,False,False,2.7556074712491365,4.244655774603115,0.2014361303709049,0.4142746636782635,-1.1499644366763058,1.2539358959908131,13.972764331059603
4242,254,-751.7999877929688,,False,False,-1.8264211071862584,-1.6304686938092512,1.3993324932550086,-1.3617269631398456,-0.25804056273643294,-1.785892887862157,17.497420377042673
4242,255,-763.0,,False,False,-3.774851556003359,0.2846633920269344,0.34113957926562516,-4.050335863238431,0.899609254376469,1.2227432249099408,16.7753413972726
4242,256,-759.5,,True,False,-2.3145939142597185,-0.47658517434712355,1.14601584675704,-3.7842263482909795,-2.7171698921466763,0.08427288508310614,18.360860657245688
4242,257,-760.0999755859375,,False,False,0.23427727263834128,-1.0723298408233377,0.22871539980012145,-2.1832826631656586,-1.0077231237199742,-1.5103588614604104,16.826301140642368
4242,258,-750.7000122070312,,False,False,-1.799983844974513,-0.5958854047504055,-0.3254931936261133,-0.529378443780989,0.4855524212351843,0.8209269461157044,16.66237648361648
4242,259,-773.2000122070312,,False,False,2.1686107286424563,-1.7578524521366596,-1.6065247019852456,0.09153646500263646,-3.7250530011324625,1.5519442285257465,15.122424515646113
4242,260,-773.0,,True,False,-3.3552222207150786,-2.610251091016891,2.635192508598882,3.972352640691505,0.533119666571746,2.0100802923307337,19.481355998645412
4242,261,-772.2000122070312,,False,False,-0.5502401794800479,-0.2515312557599041,2.4259101998942865,0.5582327767726637,-0.10484298342852619,-1.2557687531008632,15.079504241696258
4242,262,-756.2000122070312,,False,False,-3.369136157512186,1.6305266746973983,-0.13294134227723206,2.573586157519863,-1.9435141199226509,-1.1207187798935248,16.38532256281132
4242,263,-769.7000122070312,,False,False,0.5215422468396389,0.1478916586534658,2.66873655394007,0.9315213081490878,1.7687625767756332,2.123923991142668,15.65088038310546
4242,264,-766.0999755859375,,True,False,-2.0566309272313554,1.456246892513941,0.6400795691573141,-3.1950164230917464,0.6505275450101347,1.6293811480731786,16.568392843837835
4242,265,-762.7000122070312,,False,False,-0.04715108934292516,-3.192458969226749,0.8765642572081527,-0.7081405492300062,-4.207964169835262,2.708840868692428,17.815882375377548
4242,266,-747.7999877929688,,False,False,7.026330287015726,-1.047649123957751,1.9728771305487331,0.2644550257019622,-2.5432200308517983,1.3108656357417587,16.303528013526712
4242,267,-768.7000122070312,,True,False,-1.9099572171981758,-1.3697442380844203,-0.04851204087893582,-3.154158461917204,-0.40528534711783215,0.028445276055030937,17.074563310914296
4242,268,-759.7999877929688,,False,False,2.1224747208403074,1.8588087955844133,0.4026301400432063,1.340989234845634,-1.2696314215847109,2.3109390781053474,15.652515875050494
4242,269,-774.2000122070312,,True,False,1.3200572011763934,-1.0654591752940967,2.191789098075306,0.9069527325692893,1.4725331017430077,3.4768033124571733,16.91616841036129
4242,270,-761.2999877929688,,False,False,-0.06498961751068241,4.649989167602846,1.7997210780618882,1.611225550540969,1.334580446298646,-1.5915011544294373,14.8899806672173
4242,271,-768.0,,True,False,-2.0260892869775273,0.9186267322764852,-2.4995562564184564,-0.45018859857890436,2.1135727639406743,-2.6929722063384527,17.170056625909794
4242,272,-766.5999755859375,,False,False,4.240727185140118,-1.2601107369144162,0.7242198191273872,0.9300176716560415,-0.08029189719329831,1.1884321312964259,16.42153838420315
4242,273,-760.5,,False,False,-2.1407376388679578,-1.2046844500680876,-1.2952817519878939,-3.3054065968251267,-0.8880999004762633,2.1235072452899098,17.163970145302308
4242,274,-769.7999877929688,,False,False,-0.3178817472963614,0.8816729867605027,-0.8369983282838489,0.17159448957167436,3.843742312891368,3.43615920199717,13.793446324437813
4242,275,-761.7999877929688,,True,False,0.2700354147806562,2.0473609683291314,3.5599136817525157,0.6160703020014026,0.37350069291025323,0.14579650599110522,15.26362704261244
4242,276,-774.2999877929688,,False,False,-0.4278518652527284,-2.0311387089432325,1.7815897636045301,-1.1174969249467102,0.491162126288626,2.747431146151765,17.4877342251995
4242,277,-763.5999755859375,,False,False,2.952317290578525,1.2656248071805163,5.976528956668963,-3.529792824687941,-0.2318906505335332,0.8823582377616145,16.533342381580265
4242,278,-772.0999755859375,,False,False,1.1998727114395498,-2.951853894423114,0.8769198170667679,-1.1077714986749536,-1.2030087467915165,0.7473494807627693,17.35784539028765
4242,279,-767.5999755859375,,False,False,0.510477244569363,1.1789341106528173,-1.9213309166698025,1.750153000456292,-2.153372037989836,2.417843958954348,13.789999599187997
4242,280,-773.7999877929688,,True,False,0.6599686560127075,-2.6471805407223785,-3.2647711483356527,-2.3466026013482226,0.1023895346323186,1.9211137379428558,15.015317805622066
4242,281,-767.5,,False,False,0.22511897965608668,1.686971530126502,1.0172983629843082,0.32993518893706353,-0.7409582707078672,0.29266991950696203,16.13329166240177
4242,282,-773.2000122070312,,True,False,0.6560034169196756,-0.5865076335493026,2.946980520150775,-1.7729799185088604,-0.4198184487641138,-0.0829488800354786,16.131669788602423
4242,283,-766.4000244140625,,False,False,0.08321912909050998,-0.5421307586249374,0.605574778355226,2.1528889663778434,2.7696797319801867,0.8643878631503326,16.145773044735776
4242,284,-767.2000122070312,,True,False,-0.14690374875942216,0.756005388198431,2.4650767890023677,-1.8444454854543244,0.7910349047668063,-0.4768011839491638,16.100095762315597
4242,285,-765.0,,False,False,2.4375010175136076,1.1218281766592326,-0.08225923941995682,-1.582355670487595,0.6623293462383286,-2.8769861400932135,15.265969250878406
4242,286,-775.2000122070312,,False,False,1.9796700071820112,-0.7983899181517905,-2.1335121770334187,0.5402116455932064,-1.534914920765824,-3.1175246534372363,12.283409856827367
4242,287,-769.2000122070312,,True,False,2.7041223083616224,-0.7359697270281613,0.2748066048776402,1.6325367258802808,-1.4812493372868838,0.2457646214898879,13.50393092246024
4242,288,-755.5999755859375,,False,False,-1.1514681423033206,0.4003526755032241,3.001727386448022,1.3080662648787371,3.459192596690143,-0.8849254243319233,16.31028190797813
4242,289,-780.2000122070312,0.8494623655913979,True,True,-0.09106789791685922,-0.4515734674622509,4.643544359944579,-2.4450972798208315,0.692809755573875,2.3456394897712363,17.837120424849818
4242,290,-758.7000122070312,,False,False,0.8882154987962468,-1.322069155428629,-0.7548504899433134,2.6840632451339386,-0.7741921232914803,-0.0976127948755901,16.28403009511111
4242,291,-761.7999877929688,,True,False,-5.0468130383055705,2.302202536087364,-2.3715177327147567,-1.4042427402451545,0.7808797347920503,0.9023767507677265,16.258182851093842
4242,292,-761.2999877929688,,True,False,1.2520100686548041,2.3967166751131694,4.208692321865576,0.5223268949708412,-2.1319385545948273,-1.3430188657235171,15.712366207281825
4242,293,-768.5,,False,False,-0.4197693483664913,3.1582074924141836,-0.07920649711741402,-2.0325542435109116,1.0153370461509816,0.19756624158047356,14.515408951071993
4242,294,-766.0,,False,False,1.6696417539618278,1.0573461200228038,0.41211853138811055,-3.478207382606859,-0.8494739914111272,-0.5468589940372087,14.9967901543385
4242,295,-758.5999755859375,,True,False,0.062110521476565435,0.5489428547232296,2.636752169115801,-1.182757159381271,-0.19962731662549454,2.1187625498813905,15.885441985711768
4242,296,-767.2999877929688,,False,False,-4.058763413177454,-0.0529998357634567,0.27562291177945886,0.8635305989990789,-2.6404155591433973,-0.3528441655653899,16.135269561050325
4242,297,-770.7000122070312,,False,False,-0.7896826158466018,-1.0157759696079116,2.709775575579143,-0.6433974216403985,2.4499881810145085,2.293077029634061,17.26905376092413
4242,298,-764.2999877929688,,True,False,1.2847083674917665,-0.027959878016550373,1.5610273231207017,1.1524169169554679,0.7327218383621568,1.1019625480453161,15.007369024203614
4242,299,-759.5,,False,False,1.466465854182692,0.9203510683635546,4.085268116447313,-0.3593298244231247,-0.23394770888924124,-0.37064483227732453,16.26515159472441
4242,300,-756.2000122070312,,False,False,1.795039213220383,1.8784435817081424,-0.2143152621889826,0.43665736436258,-0.06873244933515349,1.694485771526579,13.594709395581448
4242,301,-759.2000122070312,,True,False,1.1945702100767863,-0.29522316655753095,0.38027953665715186,-2.479775701006165,-0.13696858049232458,0.6523725968943643,16.929599761231067
4242,302,-774.0999755859375,,False,False,0.2642973720658894,3.525367017485316,-2.6114236613384185,3.2137504547527693,2.4043506750460266,1.450568939768065,14.7818909080146
4242,303,-767.0999755859375,,False,False,-1.0490933285861952,1.1433420471809879,-1.323694029040598,1.178501516784984,-0.501412304234252,-2.150762686319161,13.402602978431855
4242,304,-776.5999755859375,,True,False,0.26500085780367016,-0.46108064845234403,0.4666395950720412,0.18273596381588048,0.23106826543285683,-1.6338905573601923,14.466063616510707
4242,305,-777.7000122070312,,True,False,4.1216644045213116,-2.620472941564552,0.6586923615669816,-0.23007330663506112,-0.5213642984936654,1.3949316905695723,14.942729109270164
4242,306,-759.9000244140625,,False,False,0.7451794904425122,2.2912542213912293,0.04070519483228507,-0.510799989080499,0.21981082318379974,2.9010740045992405,13.037625704856778
4242,307,-764.7999877929688,,False,False,1.246109117511078,3.102011494790655,2.5536267883911914,0.15274511247695413,-0.44954611354975826,0.9964237159377184,15.222731880331544
4242,308,-776.2000122070312,,False,False,-3.1829784271409207,1.4085497682719064,-0.2572823953420693,-0.8065559504727168,0.09291848821184293,-1.3934481939738013,17.839973624406458
4242,309,-763.0999755859375,,False,False,-0.9695186426031492,2.0800344168926803,-5.93084869855478,0.29771346288403444,-0.2841002892616984,1.4245315692392337,13.401668770647301
4242,310,-766.5999755859375,,True,False,-0.373465967845158,-1.366910906846768,0.9362457377516851,3.102950120372203,-2.6978832138492645,0.06662897750817663,17.36106879757211
4242,311,-768.9000244140625,,True,False,4.425719880763437,-1.2636790487867413,2.9301077247688565,1.293403038006843,-0.6858051411956888,0.5052877851414427,16.964679778229137
4242,312,-758.9000244140625,,False,False,-2.700635038921038,0.6322045317262563,2.1986277450419602,0.5053948281104429,-0.8817919800658826,0.3174085545880362,17.582100118489798
4242,313,-764.5,,True,False,-4.3237846089289835,0.2131203025268417,0.889001548164716,0.18965517265973061,-1.083668381838682,1.3464018577046246,17.503348179309988
4242,314,-761.0999755859375,,True,False,1.0260434361924642,2.32219006665085,1.8302942593985705,0.2890101699870488,-0.17099841120407938,-0.46627904291356453,14.772805148476419
4242,315,-773.2000122070312,,False,False,-2.0972536399828146,-3.564514379170965,-2.9893430600664286,-1.3588728928938798,-3.1016820595441965,0.14317104917270249,16.14064000296641
4242,316,-774.0999755859375,,False,False,1.2433234753940887,-1.726734556790792,0.3396749555805017,-2.2396213971068817,-0.9173171454520447,3.303127428632119,14.88513243212295
4242,317,-762.2999877929688,,True,False,-0.7949130923351392,-0.4359875798023145,-1.3010732839415493,-4.143215043943138,1.8869284640598547,0.8759155285516106,16.349512567862472
4242,318,-756.7000122070312,,False,False,-0.050943166969766134,1.502778077048184,-0.026957112125267302,-0.8884182798251585,-0.094129201308546,1.5933322708764122,15.66046289284733
4242,319,-755.2999877929688,,True,False,2.563190634640315,-0.05762934076056992,-0.6577525081717716,3.8107375427195156,-2.1917672807654047,-2.7760391567871845,14.006782213020928
4242,320,-773.7000122070312,,False,False,2.956142260325899,-0.6778633565463386,-0.379141057552801,1.6471129332081718,0.8638777175181849,0.4302036615794589,15.12194873494697
4242,321,-764.2999877929688,,False,False,3.241366826904841,1.9282100162114486,-3.075618191359524,2.836778411786733,2.156062356989714,-0.3666315376726528,13.263051158134898
4242,322,-761.9000244140625,,True,False,-2.522777043030034,-0.30018834135368266,1.1865556780393614,-2.268480668395072,2.18685541842528,-1.1835742386053336,16.08384840980447
4242,323,-765.7000122070312,,False,False,2.1138654269584434,3.1686912390271154,1.8695743320894493,0.18043016427360417,-0.23348590474541903,3.3129084323547744,14.73849262665262
4242,324,-772.7999877929688,,True,False,1.8321978467785707,3.226997478245835,-3.9284976772623423,-0.2962790180112779,-0.34215561504149344,-0.10958958727642336,15.448720371140949
4242,325,-750.0999755859375,,True,False,3.655108851628152,-2.050912334444876,-1.238806124761938,0.29782865706105466,-3.5088957630050275,-2.7937236268281374,14.883485822164518
4242,326,-760.2000122070312,,False,False,1.7193025568917886,1.1836640316914742,-1.7776774870060137,-1.1292750684106372,1.5231607324539864,-0.8246177890145616,14.235080625520611
4242,327,-748.2000122070312,,False,False,1.0321329419301484,0.6936979197504078,-1.7041184869817472,0.7086624077869418,0.3784998889921899,2.06151303375212,15.469246261803304
4242,328,-760.5999755859375,,False,False,-0.9106105465150564,-0.9809132356395167,-0.09857551179991357,1.3674101674103905,-1.169084098331964,0.06925937071176791,16.79094223448053
4242,329,-763.2000122070312,,False,False,-4.313576163215005,-0.1826574890976463,0.1256746569999923,1.1279927104835437,-0.10380686764474173,-1.5959960413963208,16.411328722359915
4242,330,-766.4000244140625,,False,False,-2.9929732672846985,0.27092383335695847,-0.555689592465141,0.15133571210245159,-1.6608496129492407,-1.8218168401049233,16.545644356253877
4242,331,-763.7999877929688,,True,False,-0.6098762717374737,1.205396955517168,-0.8339726282002681,-0.1784832398089038,-0.5526144336061357,-2.212434486217254,14.002858733959174
4242,332,-759.9000244140625,,False,False,-1.0723380807886733,-0.8094165301563284,-1.559590509125615,1.2496573203403492,1.1515998709894986,0.2983395911613541,15.462963115213508
4242,333,-772.2999877929688,,False,False,0.059563765302803724,2.3774001551336865,1.1436849913922373,0.8324184696893747,-1.445423330357617,-0.1920284781046376,15.133085114029004
4242,334,-777.0,,False,False,0.8268115642851804,-2.1551514076666693,-0.1701997267842351,0.8786611351958995,0.053146015861568474,-0.38949575116229596,17.388611038325244
4242,335,-766.5,,False,False,1.6623118815684963,-1.6408126907695235,1.7226444634914986,2.0459579293231505,-0.9123575541307081,-0.4785659966514438,16.843865840344147
4242,336,-767.7999877929688,,True,False,2.5492637108190226,-0.004486151898130322,-0.08631102948443171,-0.31245046158116746,0.33546866606561265,2.171472406115587,15.579020162373052
4242,337,-761.0,,True,False,-2.9350235252158647,0.47179999246479315,2.3939982332530447,2.3784435670696102,2.4168433235345415,-0.386646796411266,18.664215279889113
4242,338,-773.4000244140625,,True,False,3.807652616720749,-1.273847975415878,2.098774531516138,-0.11716891330575971,-0.590682266845192,0.449507616033022,15.574623379816158
4242,339,-767.0999755859375,,False,False,1.3568712812924937,2.6682305282394423,0.9593898259354828,0.6055496984976152,-0.8409579374707233,-3.0800125608156423,14.139876697426798
4242,340,-776.2999877929688,,False,False,-0.09912660902172851,-3.3140967224513767,3.051340718378807,-0.5850387593240804,0.20630528380107893,-2.722158917993386,17.21602523515374
4242,341,-758.5999755859375,,True,False,0.2855061276883466,-1.5973237551006434,0.2835587089423616,-1.0721544424768368,-2.2012832006368055,-1.6410242126785946,16.106518692037934
4242,342,-787.7999877929688,0.6989247311827957,False,False,0.5228265031288407,1.5469623048082535,1.0297257060385716,0.6586927002084931,2.402037609770073,-1.3981899163645761,14.464841008416144
4242,343,-764.2999877929688,,False,False,-0.4005104007472691,1.0465965769976902,2.4264378036316763,2.0515210724672057,-2.2786648971913106,1.7906967927357431,16.25365530521361
4242,344,-760.2000122070312,,False,False,-2.4254929328001302,1.3278236888587427,1.4074239913384665,0.7763059717146514,2.1072761628767385,0.7548334091630078,18.1140673045093
4242,345,-766.2999877929688,,False,False,-0.8093095672925341,2.405741953130737,2.3411919243716772,-2.1732287326055415,0.9405299894301352,0.23025229872850989,16.581977311918344
4242,346,-757.5999755859375,,False,False,1.1813445899009825,2.0185557392126614,-0.16592709442177847,2.093471450590091,3.2107493758110266,2.419744166317977,15.775835230486676
4242,347,-766.0,,False,False,-1.1213010888148167,3.4119413895341104,-1.141569029401134,0.3113376615146607,0.5262410464464361,0.8877516809265474,14.804358153268712
4242,348,-766.2000122070312,,False,False,1.2804920941380074,0.24233354653327735,4.361341164672924,-1.8768934210151982,-0.294631319026406,-0.6472744421797048,17.500094107626225
4242,349,-778.9000244140625,,False,False,0.9496266845481507,2.179504362761598,-0.14218627088573818,-0.8578472442551103,-1.7039900541973316,-1.1701920682601774,13.583978816856922
4242,350,-777.2999877929688,,True,False,1.5510136475778644,-1.4874812022102843,-0.9856921660250779,1.6162366757969762,1.7492192576912533,0.7228892671914612,15.400931987989447
4242,351,-769.0,,True,False,-0.6007234960824894,-1.1200117001220469,1.7403743569823056,-1.1340362693469335,1.1157784566373983,1.2629258860231802,16.317711190516018
4242,352,-759.2999877929688,,False,False,4.7250865056588545,-0.6383233586361138,2.7854902144357654,1.9129692531972686,-1.6786223659070847,3.3882805375693086,16.523647853376094
4242,353,-769.7999877929688,,True,False,0.36572532532795105,0.5354959805856188,-0.6069080033633842,0.0022252599436052506,-1.4188413520795473,-3.255761295618767,14.88697418047206
4242,354,-754.7000122070312,,True,False,-1.600873495423235,3.902409407790897,1.0742621841113607,-2.591607633715621,1.8597250413697552,0.4696344171930701,16.202981063245545
4242,355,-759.2000122070312,,False,False,-0.289653162573566,-1.8350247025057067,1.705371014326359,1.449051690633432,-1.5929067274404587,-2.0926174089558884,18.704426004279473
4242,356,-758.2000122070312,,False,False,-1.4396244484071161,-1.379715744899603,-3.2975167603658853,2.220860911064971,0.1252717620581119,-0.5443093096604429,15.502448002596791
4242,357,-771.2000122070312,,True,False,1.0951296384426286,1.1938345694263588,0.12953100614075716,0.28392875707810555,2.2701963134867595,2.29312538828721,12.979666605929316
4242,358,-769.0999755859375,,True,False,2.620174086273632,3.2212985865548305,0.18454475812412538,1.3413331873009005,-1.6300835638654985,-0.6565198643329001,11.56941011152619
4242,359,-767.0,,False,False,0.8494137076187669,-0.8028850286976508,0.2444478348245167,0.7531288747696359,0.16305302554105588,0.5722812173726537,13.421321353401824
4242,360,-780.2999877929688,0.8494623655913979,True,True,2.276691955048963,1.3878363707086192,0.34520253203208895,-1.1039737080285223,1.2964596277428346,-1.5351441533694323,16.351487627121877
4242,361,-769.2000122070312,,False,False,-2.5495558914132497,-1.546764139094437,-0.7929173944130171,-2.0399376425566107,0.5412184626053724,1.8034821731501598,15.829701293734244
4242,362,-783.5,0.8172043010752689,True,True,1.6403559469201443,2.362491754422026,-1.1846794529369473,0.2722838358660897,0.5810616241521738,1.6546918183938362,11.39981145532685
4242,363,-762.0999755859375,,False,False,-1.2741407990197502,-0.341358219328078,-0.6962302857846042,-0.4605519206288236,-0.08324479860146634,-2.4556763159530735,16.460236561669664
4242,364,-767.0,,True,False,-3.405696839975665,3.1073517631791803,1.338602112214364,-1.9478486735672162,-2.8070607825076697,2.2401993162905645,14.911779083616304
4242,365,-763.0,,True,False,-0.41877213288022314,0.4100736287049318,-0.14607819566776709,2.821245214997828,-0.8125869425591209,-1.330112330637852,12.893190828168601
4242,366,-765.2999877929688,,True,False,1.8958846042710393,-1.6602218686995995,1.4779838558747542,2.0690895904027213,-0.3630247933847935,-0.21839057433978254,17.081854940159573
4242,367,-767.2000122070312,,False,False,1.8625173412360587,-1.5290012347299924,-1.5909961900898222,-0.32001525780074835,2.4457297256518507,-1.058821125489069,14.372028209130002
4242,368,-770.0999755859375,,False,False,1.3595638647557664,-0.33438270296779976,2.1536181602540045,1.6654691863499063,-0.09421124614643152,-1.3658071628490542,14.830605780716578
4242,369,-770.2999877929688,,False,False,1.0399696710395954,2.3793926048258927,-2.8264188742220178,-1.3274148928147358,-1.1351945953034643,3.000359227192348,12.752078759974426
4242,370,-763.0999755859375,,False,False,-0.4524938879119314,-0.6855202821576059,1.767238388068192,1.0504360263917858,-2.0478755191167797,0.13528813127386216,16.254419904299784
4242,371,-782.4000244140625,0.7311827956989247,True,False,-1.9963097555224676,-1.923774750347828,2.716242256525728,4.387519376079493,0.01853576735287796,-0.4771083753906661,17.247252787425555
4242,372,-764.9000244140625,,False,False,-0.8931295033678186,2.386505509515951,-2.156297236394758,-1.6452617495172999,0.176605012940782,-1.252458596936867,15.026224179839614
4242,373,-765.7999877929688,,True,False,-1.0028753055425998,-1.8277023429561505,1.8060106101907727,2.253435625208481,0.14655321946028488,1.936922327391397,16.73613879689471
4242,374,-757.2999877929688,,True,False,1.3957485137512415,-1.4220121630410205,1.0381712311938527,0.8187436858055558,0.2197414930694776,-0.7824667785847201,16.016392721097013
4242,375,-776.7000122070312,,True,False,1.504478525905724,2.469280942677774,2.366096607552991,-2.5296796945090816,0.5963615853667411,0.10560156948967703,17.643744929145672
4242,376,-776.0999755859375,,False,False,-1.2305924090611828,4.250933931568644,-1.216820569071612,0.34586398097529003,-2.800743332616475,2.7175467580543318,16.00687458516988
4242,377,-753.2000122070312,,False,False,-0.3605287507573507,-2.3497583234413773,0.21995633924243274,0.16297233734742295,1.6808605215068324,-2.605897881129454,16.472342328233456
4242,378,-768.0,,True,False,-2.6372756393200207,-0.30045258507009476,-0.7385927124213416,1.2148935012817512,-2.5083602883558402,0.6188766364830559,15.050534645395054
4242,379,-762.2999877929688,,False,False,0.9803615618207111,-1.2991146696715277,0.030538418766526233,-0.8137018784534931,1.7125178210612173,-0.22545919807971673,16.684955618817238
4242,380,-773.7000122070312,,True,False,-0.7001544295811558,0.573242632724574,-3.7455453957905425,0.921448948201842,0.9893575812292161,0.4504304945783231,12.562613227879275
4242,381,-765.4000244140625,,False,False,2.017313179768003,-0.8371872583366837,-0.3965533297500823,0.16525544091340172,-0.9079252152453429,-2.024193592081584,14.542603145217948
4242,382,-780.4000244140625,0.6881720430107527,False,False,-0.7807617420088173,-0.8802510119248174,-0.7912420796945971,-0.4968175317071915,-0.6488072538633639,-0.6673982694790594,15.26354041489577
4242,383,-768.2999877929688,,True,False,0.19404986373982763,1.4507587560935797,0.556005769607194,-3.3401038806807986,2.642054238278316,-1.3474605045163175,15.638427908407946
4242,384,-765.5,,False,False,0.047464652038012235,-0.773144178047199,0.43660871553710984,1.2740973649279994,3.1087500920608244,2.672406307821624,16.54751299377323
4242,385,-764.5,,True,False,-0.31940335238851286,-1.1377715640626718,0.46486814966806833,0.10565045982116267,1.7055229861561716,-0.7204195747652564,15.514848883244339
4242,386,-769.5,,False,False,-1.1366551357055263,-0.07435206258296509,0.39418750560511634,-3.7918048268125526,0.9533213808659307,0.84956205739617,16.57405567869799
4242,387,-767.5999755859375,,True,False,-1.4691732065485392,-2.799358443224273,-1.3702873999412901,1.0438049303906942,-0.20705352666152071,-1.9588556800605854,16.70084996833901
4242,388,-766.5,,False,False,-1.6089198503736737,-0.08327095979552152,-1.9362409194842185,-1.9194874666878956,0.19684455399645562,-0.6441864185231372,15.491314064807883
4242,389,-771.0999755859375,,True,False,-0.280096347489555,2.5571078665168456,-0.8219139151118894,0.49221983306439354,0.8606326364294693,1.4585876945529224,13.415481451117286
4242,390,-774.0999755859375,,True,False,-2.7158209640552258,2.060040009440822,4.97075061600312,0.4424038051081728,0.7614635081778411,-0.7000369874243094,17.521597174656073
4242,391,-777.5,,True,False,-2.0176620863229293,-3.1214825467794256,-0.6040293671223516,1.3544725069194128,0.717642122212066,-2.120702036044483,16.225865503376255
4242,392,-756.4000244140625,,False,False,1.4746656998811836,-0.6925451330154979,-0.44303139971572353,-0.8580370225270858,0.8911729953216153,-0.8309339372855948,14.468915286004448
4242,393,-772.0999755859375,,False,False,-1.305946307408611,3.732242564532778,1.55737649799927,-0.29468507900096397,-1.743297384836368,-0.7921385679286569,16.41398066116481
4242,394,-777.0,,True,False,2.0348698434835266,-1.2169870727836054,-0.7572796137794225,-2.4750323069762965,-0.8546694616232067,0.6092424397269955,14.685874204023719
4242,395,-777.7999877929688,,True,False,0.2245131154145335,-2.9382408878629804,-0.8333343128973851,-0.004487902462487917,1.124044992591877,3.1164649844287085,15.43062922678486
4242,396,-761.5999755859375,,True,False,1.16757176477866,1.4607641440707946,1.4402915628490864,-0.24982405755144557,1.194216025064738,-0.2629575779974627,15.51394468347319
4242,397,-758.5,,False,False,-1.7256368360160306,0.3117528028579381,-0.5531455904133775,3.5162321738850806,1.534330191245161,1.9682737711612777,16.090549483076572
4242,398,-750.5,,False,False,0.8262735080292372,2.821643240019356,-2.850647368218525,0.772017279900209,0.13429874653665194,0.7387704926694276,15.006349793076042
4242,399,-761.5,,True,False,-0.9151500338458622,0.7202847946395984,4.207645269951037,-0.6650121508719754,-0.41121880999030674,-0.12119222776354913,15.868214517353994
4242,400,-767.9000244140625,,True,False,1.3309839253046565,0.4011610279907073,-1.262917025126268,-1.3708724977564706,0.060066391496882594,0.5181073090521687,15.180530384448064
4242,401,-753.5999755859375,,False,False,5.372257219393801,-1.7146924040837697,0.2084312046146876,-1.2206176377465532,-1.9898303448927195,1.053929423800045,13.835147126586964
4242,402,-757.2000122070312,,False,False,0.8160996330953065,1.6179774732436238,-1.3907872085728394,1.4595801532580202,-0.10912460294344789,3.080738497914319,13.55310184403686
4242,403,-749.2999877929688,,False,False,-2.918980862578436,-3.166949352092823,-0.674015992673582,1.1424937132216215,1.0330775249941007,-1.449741759450752,16.67803538464675
4242,404,-787.5,0.8548387096774194,True,True,1.106309190227587,0.84411394712199,2.69540909318792,-0.4826635721665102,-0.47044972357273684,-1.6207663460775652,13.374173189479658
4242,405,-768.2000122070312,,True,False,0.17260238751783963,-0.8336895055079384,0.32714228930024847,-2.63947765798658,-0.006273251285325935,1.957707488252286,17.81025028265355
4242,406,-778.4000244140625,,False,False,2.1978339572634873,-2.117030912048764,2.7933826915042084,-1.7824780551614023,-1.4157297613578819,1.4071663705620274,16.96288152057287
4242,407,-783.7000122070312,0.6935483870967742,True,False,2.1106905270445435,0.3342380746602882,-1.780604923501198,1.7495536839078996,-0.9380765791456039,-2.92599932802158,16.542776259673445
4242,408,-776.0,,True,False,0.025856038199632093,-0.23192768616078213,1.0764847207819743,-3.9852995051163083,-1.4269089193609101,-1.5217683813766418,17.03222874401963
4242,409,-769.9000244140625,,True,False,1.341077485215071,0.27018783859620166,0.819935206636507,1.5853790584705016,-1.163164213359411,-1.6257018062791175,16.045836678809664
4242,410,-769.7000122070312,,False,False,1.048774094602753,3.6224680971779,2.1820304099916594,-0.016897906529005868,-1.0615439795567678,-2.724724366420601,14.57668466103176
4242,411,-769.4000244140625,,False,False,1.253075611168782,2.1373160220584797,-0.15189461082709999,1.7999623261225612,1.3734899825823228,-2.0619231576277683,15.002574863553015
4242,412,-773.5,,True,False,-1.8590983245732038,0.06896516164017716,-0.6491672745072148,-0.1521688181003499,0.4724357258747485,-2.809186525701919,15.701635709854669
4242,413,-773.4000244140625,,False,False,-1.508743047199312,0.27176641656793854,1.2462296916420466,1.6695368918931777,-0.4479150152718099,-0.38572385353944344,16.72532910510031
4242,414,-779.0999755859375,,True,False,1.4995450051039747,1.5128656959775297,-0.19217564970844728,1.5717682235598014,1.8746844903168045,-2.1455071118863778,14.944445924603418
4242,415,-754.7000122070312,,False,False,-1.1546261182141841,-1.4200998082884966,-0.45010090774120354,0.17180148017829658,1.937482301859467,3.5264572646759857,16.297043642378693
4242,416,-762.0999755859375,,True,False,1.5613537436780622,-1.242638190057453,-1.3268982178084534,2.2510245586474618,0.7601691499378121,2.132080973861612,16.729736219146748
4242,417,-763.7000122070312,,True,False,0.0816827323935802,-1.562967395114489,-0.7629275004218765,-1.049101805154905,2.3573187362176187,0.6321562029719564,16.11654884997634
4242,418,-755.7000122070312,,False,False,-0.11241528404032165,-0.8428153330865666,-0.30077744779568083,2.875921865446769,-2.9794991883782904,1.1452697733109243,14.932241676208358
4242,419,-760.2999877929688,,False,False,-4.191871458878985,-0.049250723089190145,-1.4560577786568887,2.3215225106694892,-1.5257508359802343,0.29859170507136695,16.549910445251633
4242,420,-751.7000122070312,,True,False,-1.3368175292003122,0.690504180382815,2.5276326725392204,1.4941564479759633,0.44886068122811623,-0.9275497023156444,17.276533116847467
4242,421,-762.5,,True,False,3.680811932493524,2.1946794741961027,0.23342852992550575,2.279828122499931,-0.512827376290668,1.1017948220202263,13.799095357864935
4242,422,-758.2999877929688,,True,False,1.2177173942874027,-0.3415028748070482,-1.3203608966126827,-0.31779668386155363,1.3690666544684544,0.05752603209825041,13.145170599766907
4242,423,-769.7000122070312,,False,False,1.2891005832893596,-2.0561908871768355,0.5257279969979891,-0.11602255747928267,-0.021533770074829497,1.1556372308324383,16.39764512895722
4242,424,-761.7000122070312,,False,False,-1.6760408813747103,0.5659288616418116,-2.441228768590092,3.2842727730692984,3.7022732568642933,-0.6453830424888449,16.24454435766052
4242,425,-766.7000122070312,,False,False,1.6064118385113004,0.18157733496091735,-0.7621043506678611,2.759970462414613,-0.16786452545576477,-2.4632800958072796,16.328409122806118
4242,426,-746.7000122070312,,True,False,1.8181884749462023,-2.8887547714653063,-2.2622870526592376,-0.2718272885728332,-1.4790311769775277,-0.9033921798097757,15.004985825818627
4242,427,-762.5,,True,False,-1.5893966891922444,2.7260379575035394,2.761139820968947,-1.6136612571641022,-0.07080760983615786,-1.686576265094678,14.5708428261809
4242,428,-761.7000122070312,,False,False,1.537158130792197,0.3608209674718836,0.0012647564413042537,0.9540138738267855,0.3963925727976875,-0.4355286287163725,14.68087164188556
4242,429,-761.7999877929688,,False,False,-0.18768148738240376,1.478601282238438,3.033585777908579,-0.8052000720373186,-1.1349401376731394,-3.14699867678364,15.828827538079793
4242,430,-754.2999877929688,,False,False,2.5993107719907216,0.5096074561938154,2.414843268860974,2.4043326173384654,0.3865259933911909,-0.6971313753711075,13.919751279870063
4242,431,-755.2000122070312,,False,False,0.8012658722964663,-3.3399672742767517,0.5343262745221431,1.6129062283587772,-0.24900047055674845,-0.8551751875433047,16.912688615008744
4242,432,-767.5,,False,False,1.9829511549912444,-0.1581024539456346,0.31029840481871074,-0.6224722794390285,1.5024681963803745,-1.8670625786086616,15.421163062421947
4242,433,-757.9000244140625,,False,False,1.881891918862257,-2.3628329620318786,3.579976430213656,-0.8471071405954115,0.20221640754518558,-1.2391295092775088,17.23199354317161
4242,434,-761.9000244140625,,False,False,3.9343366674488105,0.4175326225816829,0.4434976576371407,0.22276663684183398,1.2809843558895941,2.408095492054498,13.482678406686729
4242,435,-779.0999755859375,,True,False,2.6594513450569397,0.7195808172682087,2.9069336238862715,-0.6243918722679896,1.5823835726356636,0.40471898948924334,16.71453588740328
4242,436,-769.0,,False,False,-3.7453864407871427,-3.824182883731687,0.6243589771994964,0.05132462710447612,-1.0431031951387144,-0.30767903331004104,18.441522993815738
4242,437,-760.9000244140625,,False,False,-0.8590192832239333,-3.1366992091850743,-2.4254219521451907,-0.4828236654734876,1.8317031044773207,-2.203573000161367,16.876796681755405
4242,438,-763.2000122070312,,True,False,0.24099921919922587,0.32389296058294936,2.330395284823516,0.33660808671970693,0.24871751592511052,-2.7525308224437737,15.126630619902814
4242,439,-761.0999755859375,,False,False,-1.2122879781268872,1.178797098964714,0.45295598889817396,-2.6547919894436562,-1.557219205702939,-0.8157883095257301,15.251552190320492
4242,440,-770.0999755859375,,False,False,-1.1767306666416475,-0.4263478063430486,-1.7465775901197063,0.4115132074427145,0.6240306992876471,1.7141566866126081,16.359653510458468
4242,441,-771.5999755859375,,True,False,2.6022811872716685,-1.0455090685247534,3.470310370103972,-2.271464345034141,-0.574000960790893,-1.157066372388903,17.371045485964217
4242,442,-775.7999877929688,,True,False,-0.6029322764995471,-0.6547513795705384,-1.734434152653564,0.7026413951728155,-2.8274566700037234,1.6089686242057388,14.38404605835716
4242,443,-763.2999877929688,,False,False,1.5395591496692183,0.8355376093527238,-1.7078714414865055,1.6205602723708206,-0.72810858444103,-4.257115606286904,15.380584638116497
4242,444,-759.0999755859375,,False,False,3.0952946472994474,2.3900965086235018,2.0234375291180213,2.403662759627106,-2.7724372143257585,-1.0696225259095276,14.04698526457496
4242,445,-767.5,,False,False,-1.352548417608427,0.05220100593375947,3.426382080097538,2.5259885398571655,-0.523315535461967,-2.431599987712562,16.84548033313608
4242,446,-766.7999877929688,,False,False,-0.953107573585154,2.0067062105738493,-0.8797221852204662,-2.921281144651728,0.7860623709979236,0.3596157440224803,15.520459881056839
4242,447,-770.7999877929688,,False,False,-1.3932323832159814,0.3102524132859929,2.2721834321347143,-0.5522514123451207,-0.46186448465798846,2.409835516256562,15.552288283913427
4242,448,-761.0999755859375,,False,False,3.6877912031259497,-2.6010147749225214,0.4921577001442489,-0.10072443713300051,1.9905738704080138,0.7454543041184637,13.203905446172014
4242,449,-758.4000244140625,,False,False,2.4684873555711255,-0.20039834421719582,1.0187491524769516,1.3376853519317684,2.7033001715321534,-1.7322550856611447,15.211676310633349
4242,450,-758.9000244140625,,True,False,-1.716281115289622,-1.2549356183266933,1.6112678776919622,1.3909535588286666,-2.5673691116377095,0.7370226632440569,17.23648158170422
4242,451,-779.2000122070312,,True,False,-0.0646455442339062,1.0386321055616456,0.7295001714778873,-0.8416537488354832,-2.2595276221269,2.8580504107656703,14.32711012639309
4242,452,-763.9000244140625,,False,False,0.9592548615857835,-2.0532010060747403,0.7232655698378591,0.7597853331266649,0.013400576854663547,-1.2916735564979507,14.895876775088094
4242,453,-754.7000122070312,,True,False,-4.480916735869084,-0.4493251650528865,-1.4571679951142291,-1.8198569549784394,-0.6265811335050754,1.6165309774075134,16.709714070218613
4242,454,-767.7999877929688,,True,False,2.3810050536585132,-0.9383762590211414,0.7632342983493886,-0.654153855486385,0.46457767433067615,2.6079212582770936,19.282869890467406
4242,455,-757.4000244140625,,True,False,-2.9387457879828016,2.5884935270537603,-1.567467985575049,1.2179352587967558,-1.1183721199445384,-1.0790326506714496,14.838089198687841
4242,456,-778.5999755859375,,False,False,-0.4700035501156574,0.6442700806066252,-0.4317402576826838,1.4982424225488973,1.309376723175446,-0.769844962212781,14.725078335344213
4242,457,-764.2000122070312,,False,False,-0.10870928460755397,-3.0174920509981593,-0.1703536215213907,1.9081503373783453,-0.8392433356863609,-1.8612521003184748,15.746018221310884
4242,458,-769.2999877929688,,True,False,-2.587730456735458,-2.2212526308747425,0.5609595419736456,1.0533853111365576,1.483398085763206,-1.9098456881321306,17.767654286278777
4242,459,-752.0,,True,False,1.248618877220316,-4.404566449552688,-0.33377855886075464,1.4586154740090802,-0.4745066313189222,2.436837137404423,16.143843713504662
4242,460,-765.9000244140625,,True,False,1.7780605761088912,0.40942604353243234,-4.638271147811032,2.9262100598548004,1.1776409618871846,-1.8723625618910462,15.917516456010967
4242,461,-768.5999755859375,,True,False,3.5539691874892583,-1.2506065861031963,0.05740772531281199,-0.97027466660539,0.4576625107694372,-0.062043310703166425,15.062199720314876
4242,462,-752.0999755859375,,True,False,1.2649103164239797,-2.536586886520529,1.9745761246538163,4.038884369512599,-1.041930441509013,-0.13489437991533626,18.303891188259737
4242,463,-769.9000244140625,,False,False,4.4933390061870755,1.1873189238479989,0.0862342052488403,-2.4265477290920745,0.46605032961062165,0.670871870057236,14.0010926313439
4242,464,-759.2000122070312,,False,False,-0.3257522067122443,1.0068410923279543,2.6654657982972876,1.9056209347931383,1.848570746634095,0.7128823707859615,16.28129034092093
4242,465,-759.5999755859375,,False,False,0.5439084284023478,3.868685662707189,0.5717034207620165,1.5051738616923835,1.0809206235585247,0.7348535430804716,14.70865269750302
4242,466,-761.4000244140625,,True,False,4.016488502453481,-3.3770532252501346,2.119555680621585,0.13198928385501463,0.9499395923554381,0.5203514732396408,17.318821819694644
4242,467,-754.5,,False,False,0.8597365649860331,-0.5076624553201027,2.053615049419631,0.04523700365084525,-1.65209273304327,-2.3071930712170925,16.332138557132563
4242,468,-758.7000122070312,,True,False,-3.512909524297299,-2.1738206763403145,2.353972087815761,1.426329498135143,-1.0453603833335916,0.3248100524741801,17.660158490930172
4242,469,-766.5,,True,False,2.089344898594859,-1.384545938175013,0.6837790353005581,-1.1288367738377285,0.5864922478583001,0.4500807836210436,13.88803394672686
4242,470,-755.2000122070312,,True,False,-2.0451939906792496,-1.2961081689772616,-0.44620545695798897,-2.3609416111134607,-3.1655379149716074,-0.4014299496894558,16.10433017942383
4242,471,-768.5,,False,False,1.3323701542401094,-0.4554601723969859,0.6131184588267087,0.3883191991233904,-1.129827500134563,-1.8448678219583123,17.426344629074677
4242,472,-757.5999755859375,,False,False,2.5283888610595575,0.35592766133465537,-0.2462608162596517,-1.4404725185188305,0.9272374900027032,0.13384539042857707,15.789054696275512
4242,473,-764.4000244140625,,True,False,-1.4401018233433525,0.13396833552649584,-2.8559321917055676,-1.4690973665974691,-3.078370869220423,-2.0756825766243017,13.478549861811059
4242,474,-755.7000122070312,,False,False,5.211772719689499,-0.38345409243741635,-3.0612111419646255,-0.20419669966357876,0.8592440621212892,-2.211320214436335,14.456716754964706
4242,475,-770.7999877929688,,True,False,0.8203389334776553,0.9714963311708079,-1.2785186606134418,2.95759628433443,0.46796186664692724,2.9262618082828746,15.438632031508403
4242,476,-756.0999755859375,,True,False,-0.8794798005667346,-2.074825825616175,-1.0681308371493978,-0.12099603458535414,1.2833439610139694,1.2733173272184188,16.420485985794304
4242,477,-763.2000122070312,,True,False,-1.3674278177620673,2.1843345278994772,2.1387665277729893,2.9813082404768836,4.170996764844683,-1.3750472550364254,17.783782787221085
4242,478,-758.7000122070312,,True,False,-1.50314428776479,0.13308632038184462,-0.29956631018005475,1.5040735011992898,0.23400715491881968,0.20761944956386963,15.190062729937875
4242,479,-779.4000244140625,0.8064516129032258,False,True,-1.3840171327419077,0.3200523111734221,2.72976142347062,1.212800620134668,0.6997718970432745,0.0377233836692614,16.85807296565766
4242,480,-765.2000122070312,,True,False,1.9341461371676314,1.8837648499376407,-0.9204879284516904,-3.8622258735423425,1.3821886096166658,-1.2502857727328451,16.45220968031017
4242,481,-765.0999755859375,,True,False,-0.8008513060423498,-0.971521056126362,0.6319267628631264,-1.5868610405316936,1.9665042156443813,-0.46559326689967623,16.437114779418653
4242,482,-766.2000122070312,,True,False,1.6435960571460038,-1.022496991415036,-4.753196271324157,0.6999839759025147,-0.22712752047371054,1.300199415695321,14.260899150711914
4242,483,-776.0999755859375,,False,False,4.955456371033353,-0.817688340520329,-0.5807574763452928,-0.5120350826762271,-1.4594563841594368,0.4001580078273111,14.373667563016756
4242,484,-754.5999755859375,,False,False,-2.093757907409665,0.041928149002480854,1.310589601944557,0.2052965721947062,1.5971990796674616,1.8084257111293973,16.44448907483687
4242,485,-747.7000122070312,,True,False,-1.8665163999382826,0.4153755929708315,1.4327470938887545,-0.03265688932738845,1.7340483043874468,-0.6654454722148684,16.387610203117834
4242,486,-759.7999877929688,,True,False,0.10170586051852237,1.1506946105725888,1.5266440878442957,0.504867648443361,-1.2234091644696634,1.7500194947720646,15.804992665489646
4242,487,-759.9000244140625,,False,False,3.1073990933682416,-2.1355656180655336,-1.2753601261589995,0.7488875235206874,-2.996113753777233,-2.968473499244672,15.66263629892086
4242,488,-781.0,0.8494623655913979,False,True,2.0020351088607398,-1.9531170166748772,1.1915521063470809,2.3691440287520353,-2.057037299100573,-0.19283901438145482,17.772088785980568
4242,489,-758.2000122070312,,False,False,2.1642367951395345,2.288745485912461,2.5068797237348073,3.888814132261492,0.3307430439872014,-2.9163910825158554,15.870886678070999
4242,490,-770.2999877929688,,True,False,-0.8014534908140086,-0.21521150989279994,-2.3186876304308734,-0.05092477530893129,-0.5321309932770947,-1.5613457475739831,13.600902204410094
4242,491,-768.0,,False,False,2.5735218804901963,0.7099055220316439,1.5666411196248538,-0.3483124906906269,-1.1931748420479225,-2.9252120352082627,14.43904832946398
4242,492,-765.2999877929688,,False,False,0.9364774558456758,1.8029304572986955,-1.4655621283987927,-1.418893694298742,-1.2715617579512384,-1.0776497651006354,13.149099441052885
4242,493,-756.2999877929688,,False,False,0.5163942490038772,-0.24740899492902488,2.0210066662076476,0.8220337882104733,-0.9102226566436588,-0.4719541113571656,16.947090863235935
4242,494,-765.2999877929688,,True,False,-1.4033062380294312,3.6709750133877446,1.154834225958121,-1.4751913339026494,-0.9723914055499083,0.8369875937750683,15.832653499721616
4242,495,-752.5999755859375,,False,False,2.1162606118792695,-1.6575924656136984,0.9616985771857809,-0.3724222539198566,1.1220137981545553,-0.14399744575632442,16.813057962271465
4242,496,-757.0,,False,False,-0.9116241369790101,-1.0682155212454305,1.3971260412105273,-1.9760716725623095,1.1309228796589859,1.645400148067202,16.263064985861433
4242,497,-761.5999755859375,,False,False,-2.3434192124096773,-1.6041601928360618,1.3472368382723938,-0.18595258906846807,-0.3499560895564116,0.5702237484967496,16.5032433241243
4242,498,-754.0999755859375,,False,False,-3.330335590659744,-1.778442618425658,-0.02140993049402064,2.0365457529540794,-2.815723831226644,-0.5446831259039822,17.191908303914875
4242,499,-761.7999877929688,,False,False,-1.3388434540586294,-0.3715552167194399,1.1817642022183394,-2.0818066795482926,0.07082301920686287,-1.0308321736384074,17.748889792359872
4242,500,-773.9000244140625,,True,False,4.709986568842446,-1.6570243878084365,0.5787563963169559,-0.3610351143331571,-0.2985739661097111,-3.0187488518018966,15.217493779446535
4242,501,-766.4000244140625,,False,False,-3.0368316289779305,1.8603126443570688,-0.8670817139292876,-0.05594119101964703,-0.6314952969723747,2.236822735559796,15.383600704725342
4242,502,-753.7000122070312,,False,False,-1.136960213996453,-1.7381040607321459,-2.0273596468213344,-0.10334524325257655,-2.560580000640412,2.4099202808135134,15.51235190678931
4242,503,-755.5,,True,False,0.8295885577111142,0.7745851237601741,0.702078399756233,-0.47164964269941123,0.5577758830743555,1.819678211732197,13.491498435168616
4242,504,-764.5999755859375,,False,False,0.6634947677039346,-1.4375669016855452,-1.5870424376590537,-0.43014079219283885,0.5329901666464356,-0.6378315596790759,15.914344334011025
4242,505,-766.7000122070312,,True,False,3.316891080679374,-1.420448971626802,0.6412777309284251,3.075630835694514,1.1843992302509543,1.3412904002967105,15.945215546538773
4242,506,-762.5,,False,False,-0.3095473574419455,1.5501333747904225,1.3407509927003856,2.8199673918644166,-3.105243005622685,3.0986096886439665,15.679086879761252
4242,507,-774.5,,True,False,1.053669241006831,-0.18044690823039097,-0.9529940494529116,0.6000980976928247,1.9196387881108854,3.5375482152678464,14.622389618964405
4242,508,-767.7000122070312,,False,False,-1.5591222333787638,-3.228057948208005,1.9334209569831706,-1.0406056084898927,-0.36632035396525137,1.396261816603284,18.140958855414723
4242,509,-753.4000244140625,,False,False,-0.7200818063453489,0.5027724113031081,-1.8232365967864257,0.9646798988120547,-0.9383649641285441,-0.456931296499895,15.631452923570547
4242,510,-763.2999877929688,,False,False,-2.437003597311751,-0.5335745533732357,-0.7260708439770448,-0.14234348925375934,-1.043736114516815,2.0415494123069986,16.318768496852044
4242,511,-773.9000244140625,,True,False,-0.532117612391709,-2.322023870628626,0.503505675506145,0.6232242848379982,0.4022398676544616,-2.76908497817842,18.0310847552288
4242,512,-790.9000244140625,0.8602150537634409,True,True,2.325039357527618,1.544027037598347,1.032924570441582,-1.0796866028851764,-1.2900966932717808,-0.5260821833224746,13.996747248007441
4242,513,-765.4000244140625,,False,False,0.0607902059742133,2.5365899023936422,1.0121194326336538,-4.211293823941065,-1.7955447843610974,-3.75582873727434,15.73013327165245
4242,514,-780.0,0.8817204301075269,True,True,-2.380621799443332,2.6020072066650854,-4.105352393189592,-0.891226830431279,1.1659691863932542,0.1915361719614068,14.248734833775295
4242,515,-768.0,,True,False,2.6976989410072325,1.5483123101861063,0.4646933748906464,-0.7079618207801315,-1.039321330396929,0.7709066379708128,13.826881986944986
4242,516,-750.2999877929688,,False,False,5.574202732910698,-1.9700405299980077,1.3493454057502692,0.7910600209446018,-1.844748638894974,-0.6055327366433476,14.305943479033893
4242,517,-766.0999755859375,,False,False,1.878122882575313,-1.4710869092477334,-0.37086405827836877,-1.7890544956836765,-2.526641025158018,0.5849650290309593,13.822563041813883
4242,518,-767.0,,True,False,-2.710712909549619,2.8167914874334814,1.1211905636517427,-2.838623115902624,1.701387747723566,-2.4640449272378255,17.00409037912699
4242,519,-767.7000122070312,,True,False,0.5394195336970398,2.284540480584568,-1.3598851834930519,2.7360648010289963,1.8555452347315549,-0.24528032151029128,16.676461400547904
4242,520,-756.7000122070312,,False,False,2.1539681546468374,-1.5851435399736127,2.9196173585325385,0.46623236537444135,2.402315999913154,0.06210956089337885,15.42782555254635
4242,521,-772.0,,False,False,3.696516770408318,3.129172918923497,-1.12297519663065,0.607644995699997,0.7770086417240475,0.2039018711019636,15.78406776263526
4242,522,-757.2000122070312,,False,False,0.41390547280199746,-1.1294791742212633,-2.0746457414483057,-0.21299321895438605,-0.23040218707648674,1.2914992961841936,13.639630090923275
4242,523,-764.4000244140625,,False,False,-3.6692992972336023,-1.489238845545158,0.584953399671635,-1.5966342783162215,3.9269825832304135,-3.7297778772059327,18.967399902730733
4242,524,-760.9000244140625,,True,False,3.9507029231869852,0.81951601205099,2.129662644938845,-1.521066561594334,-0.3848625510908163,-0.7635947754141859,15.512688765590186
4242,525,-763.5999755859375,,False,False,1.0879309061398057,-0.8676884654673361,-3.385547820197362,1.0444679662359373,3.061672853141499,0.02743473332579315,13.259784314537384
4242,526,-770.5999755859375,,True,False,-0.7122501545924668,-0.6075463642099569,-0.5585702006908844,-2.7025967921251057,-1.8435700563207524,-0.7631493390071606,14.621759508902366
4242,527,-751.0,,False,False,-2.0127925338078034,1.4049528030922236,0.5631125043120678,-0.11146510834877431,3.849628515998817,-0.15397225614220886,16.78294575959545
4242,528,-768.5999755859375,,False,False,-0.28513891048092344,-2.1969623973795787,-0.2446564751685316,0.9413995982860017,0.6559684195801283,1.2190308844747022,16.391539630942365
4242,529,-768.9000244140625,,False,False,0.936058996686722,-1.8640765005143793,0.13759063682559508,-0.5782856968477624,-0.41889006382345023,0.9919616686592402,15.451068735797808
4242,530,-768.2999877929688,,False,False,-3.2867734352946845,-2.487292530528034,0.4078092161709291,-2.870647845931733,1.8277031630117477,-2.321898632818368,16.50843360552077
4242,531,-754.0,,False,False,0.7432504611737251,2.205492055405376,-3.6410791273914005,2.2545305220165277,1.2331041503518807,-2.51718847784137,14.214439636364885
4242,532,-761.2999877929688,,True,False,-0.09782570399049846,-0.31559055768356653,-5.013650060558272,-2.4461929779103104,-0.8214756263749767,0.77757596801711,11.730838384191742
4242,533,-769.7000122070312,,True,False,1.7360228006233172,-0.10482484913799042,-0.6059255291743527,-0.008724487149783107,1.8399975054499917,-0.2069339576303683,14.194444047679543
4242,534,-769.5,,False,False,-0.06882082377680084,-1.186768219037437,0.0022058238237445387,-0.9556203192162529,2.166477463977745,0.9241487461046207,17.511434866042276
4242,535,-752.2999877929688,,True,False,-3.863353526540903,-0.4606984471078907,-1.707146699775157,-0.9878084572408592,-1.371391033577328,2.74211554037852,15.85864944749951
4242,536,-760.7999877929688,,True,False,3.8723301944230566,0.19669740356816004,-4.8348603722713515,-0.276435946296016,1.1284166233378805,-2.9016167145924374,15.300475985213135
4242,537,-763.2999877929688,,True,False,-2.3510333545084268,0.2545277927298945,-0.4484162136358119,-1.019354198389926,3.715871883341792,1.3701704364250926,18.225399818893507
4242,538,-780.7999877929688,0.8602150537634409,True,True,-2.582966806353052,-0.7227465798591363,-2.4059974939232966,0.29966583897170085,0.758306660854027,-2.9067966898846858,15.132784258085747
4242,539,-764.5,,False,False,1.050377041548809,-1.6190561194282733,0.911664803462794,-1.555860069946707,-0.050825798948587825,-2.9305348645263942,18.732526824867822
4242,540,-772.5999755859375,,False,False,-1.2350075780525616,0.784820121459441,4.163175858298686,1.5283059169199313,0.3087022724173978,-0.9973364845765417,15.913384681210106
4242,541,-755.9000244140625,,True,False,0.5726601081843592,1.3364337839780642,1.9687452320906622,0.3520360639404829,-0.7769446930749171,-0.3338615427975619,16.27118483583022
4242,542,-770.2999877929688,,False,False,-3.032598880286204,-1.4260350696518578,-0.4746382767727912,0.4555076814530002,-0.13506898996214123,-0.7178264234966759,15.523888786718913
4242,543,-776.7000122070312,,False,False,0.11288851612799515,-0.24367520143720453,2.2402712508215057,-0.38837610515027277,1.3651951049485527,-0.7085675082574993,15.948343440458792
4242,544,-751.5999755859375,,True,False,1.0058175409823942,-1.9707345651153565,-0.6441850614334109,-1.9488609943046777,-0.6250705552865718,-1.3151411129403316,15.680482855971619
4242,545,-766.2000122070312,,True,False,-0.6876397672240219,-1.6692470540114677,-0.7952724848295446,-1.1184940110574288,1.694025764470376,0.7293480569706428,16.976304395159403
4242,546,-760.2999877929688,,False,False,0.8481231578672993,-1.8087557932316327,-0.7385856696587589,0.05896464054770564,-0.9775042194424013,-0.7150338210693373,15.674638360206405
4242,547,-769.0,,True,False,-2.2579306626074236,0.5947778922068309,0.7841639563615792,-0.16818762473066462,-4.028366936222833,-2.377299654786208,15.593695366144935
4242,548,-762.5,,False,False,-1.430837206282836,1.6179391193924386,0.19267748334729326,1.9571661772250488,-0.7679222590561543,1.396307940355264,15.185449482667343
4242,549,-768.2999877929688,,False,False,1.730516071446544,0.9781702478937144,-2.366308695438857,-1.6511741247645826,-0.8896399960312081,0.5502302501965312,14.591194549936912
4242,550,-764.7000122070312,,True,False,2.3805796826084027,1.5746294143037765,-0.6898186622405791,-0.6792245853268343,0.8140028137553553,-0.3392785711681504,15.299382570954993
4242,551,-775.2999877929688,,False,False,-0.16505826189435802,1.2223402506426837,1.3262677830544747,1.2213691119208248,1.2116090325731619,0.9737653094588085,14.636921814873435
4242,552,-762.0999755859375,,False,False,3.207031255695735,0.6634948500159547,3.4485963317648407,-1.4979643919345949,0.7593165198161514,0.3606095531182578,17.869256463234684
4242,553,-764.2999877929688,,True,False,4.023056542827337,-1.1020354210036436,-1.383715075678964,0.6239077412892798,1.0147655817615866,0.11042595785374497,14.697134990105802
4242,554,-771.5,,False,False,0.8661691568181911,0.40712706752161354,1.6793548273700212,1.0036199157695915,-2.4154039134707492,-0.8741233640678949,14.33188180968905
4242,555,-765.4000244140625,,False,False,-2.2504338065070195,-3.0373464463798774,-1.0222377386317258,2.0866419177772153,0.7395407356470032,1.176483126381764,16.321609523953565
4242,556,-782.5,0.8010752688172043,False,True,2.171710732565382,2.8836853655342587,0.34657908833436013,-3.25066399384518,0.04661709918735692,-1.210260742877384,13.221596955380855
4242,557,-762.0,,True,False,-0.8911559475144468,0.3874474197393972,-1.3312958968533606,-3.619265390312046,4.986561828521757,2.253893738921412,15.509965595429593
4242,558,-771.2999877929688,,False,False,0.4275267788703119,0.08500439537911898,0.5830965299721257,0.40582348357235204,1.8715499528189001,-0.7887881640037959,13.52617365276815
4242,559,-766.2999877929688,,False,False,3.5465201754429554,-1.2223284868423299,1.5970318289399181,3.128409665378513,-3.1073821210973853,1.6001146426143489,16.272385631239295
4242,560,-764.7000122070312,,True,False,-1.6525725413490968,2.1437251093982965,-2.3071290833754503,1.1692883139809969,-0.12771826525322452,-2.787886282441709,15.817538989885865
4242,561,-774.0999755859375,,True,False,3.004845360566998,1.651519840239373,-0.39157889913325533,-0.5668679055788197,-0.06800567996378498,-0.31655820837924087,13.787505751189997
4242,562,-772.7000122070312,,False,False,2.093395449826403,0.950483500747543,-1.055514767985914,4.101041892689111,1.6959490556850687,0.3378285060788814,13.59333589313501
4242,563,-774.5,,False,False,1.369158853532678,-0.23770118304670013,0.3014835166835259,-0.8542750022715494,1.5935693027804043,0.8476280988903288,14.49417630834258
4242,564,-763.5,,False,False,-1.3158882064390203,3.1343435505964057,2.2102345863175934,1.9277466741866034,1.5604875958113713,-1.6325832164614948,14.988407999921565
4242,565,-778.0999755859375,,False,False,-4.485428337840919,2.3326524916389486,-0.6417800944868964,-2.6601062306944354,1.3404391662517214,1.036763509014368,15.104538706978285
4242,566,-771.5,,False,False,-0.4599343798501139,-1.119804981139878,-3.0366461313436393,-1.0494272741394415,-2.6969618683648315,-0.7050747305284294,16.869760624888283
4242,567,-784.0,0.7688172043010753,False,False,0.39998574623179906,1.1156404754546938,0.41472804039860567,1.786291616111038,-1.9128072807627652,0.38743501608611647,14.099046383307693
4242,568,-766.4000244140625,,True,False,1.0338263293426968,-0.2670666756457561,-1.4812522345719819,-1.521661065365312,-3.179170721117494,-1.7164083899051306,12.767416377635346
4242,569,-776.2999877929688,,True,False,0.3462271466695484,1.1913125807064229,3.163884503366352,1.333610289577117,-3.3293905447586654,1.3743878702341652,16.899927775049917
4242,570,-761.5999755859375,,True,False,-1.8148301589957148,-0.8995805604067834,-0.037287607555474236,0.2949479810048842,0.1049855876725963,-0.5079374242580764,14.79972828220894
4242,571,-756.4000244140625,,True,False,-2.5221243434550242,-0.5107411079164558,2.7323176385932335,-0.0388891366105962,1.476802970650626,-1.3448872175220117,18.993150079685766
4242,572,-776.0999755859375,,True,False,1.7158979341318699,1.5964250349639655,-1.5149230715243907,-0.16564973674135292,-0.11175175737128655,1.9511708348494075,13.239441390282034
4242,573,-759.2000122070312,,True,False,-0.599550605471485,0.4425938547725166,-0.5160988144987704,1.5280915170509848,-1.1912873564123796,-0.42350707428611867,13.015936708321636
4242,574,-756.7000122070312,,True,False,-1.2706510947747212,-0.7522719576420899,-1.2086243124063023,-1.3336382433861438,0.005965168084415835,-1.0323625246120076,15.407166852301662
4242,575,-757.7000122070312,,False,False,3.7192817642112,-0.36335344589981144,-1.086884999052441,-0.24454848665249804,1.676179092402451,-0.8206048396248705,15.614432900831922
4242,576,-771.4000244140625,,True,False,-0.9236564387114526,0.25066543916638145,-1.9191058309298932,0.7671610283481729,-0.4141039148581415,0.3165308616332826,15.98675710589794
4242,577,-760.7999877929688,,False,False,0.07208382962181528,0.9318745730178122,-0.7033620804010975,2.5956533774221606,1.091227968556923,0.6447479240110046,13.447798664096336
4242,578,-755.2000122070312,,True,False,-1.5852736744581009,0.8171238144986886,-4.693690596347197,3.1525144018468705,0.28198161286967943,1.9924994050444473,15.31495776844434
4242,579,-781.0,0.8548387096774194,False,True,-0.26100349536659984,-0.08263553425756584,1.5418652328941138,0.5178129052013554,0.011476338916967227,1.783750117406759,18.15370868496789
4242,580,-772.2999877929688,,True,False,1.001892090671954,-0.1527687862295663,-0.7895479460114201,-3.4545090859193244,-0.2697487259230544,-2.484184614481196,14.662456217499903
4242,581,-769.0,,False,False,0.9162095284193031,-0.09743051273768125,4.361965224626037,3.763973436270549,-0.6617614084413931,-1.6093858152645308,19.22697637639975
4242,582,-756.0,,True,False,-0.4729576277162157,-4.224363779999299,0.010133126643843379,-0.8180151170784116,-0.08684153710801656,-2.35858192451048,21.19150473658107
4242,583,-755.9000244140625,,False,False,-1.324125035466468,0.42604050635452007,0.7651791089389084,1.3030633045977846,-3.8795875363315315,2.712372234307788,16.144813341917402
4242,584,-760.2000122070312,,False,False,0.05659677303868646,0.062338551267939024,-0.9163981931539196,-1.0198763127645272,-1.5392106534159213,0.9790965184566491,15.036536342737211
4242,585,-762.5999755859375,,True,False,-2.30365659385434,-0.8700665745132182,-3.0630643815997054,-3.9986878855161616,-0.699920165817569,1.4435627681988916,16.58576255634127
4242,586,-776.0999755859375,,True,False,0.36156229518984423,0.964345546546489,2.6434341933097376,-1.8855265440281805,3.242514343156591,-2.535849531393159,15.448033289831333
4242,587,-763.7000122070312,,False,False,-0.3862237350414097,-0.8803502047341802,0.28676167200549413,-1.3834774485961456,-1.6291221092194768,1.1365612044006632,16.569889119263813
4242,588,-773.9000244140625,,True,False,-0.06743288800624263,-2.841252398263174,0.9177771335952111,0.7501690774616042,3.178114296402229,-0.0018456633388584237,15.523251323073639
4242,589,-758.5999755859375,,False,False,3.839435936461076,-3.900291566686719,-1.9510662592459158,0.21232461848684323,-0.5178499779756502,-0.7199600134726516,17.438181138139065
4242,590,-768.2999877929688,,True,False,0.6718465719043327,-1.471871848751963,-1.028195766502457,-1.2391054753313508,-2.5164303588086265,-0.11897805854186812,13.884230985666601
4242,591,-749.4000244140625,,False,False,-2.3290908164850928,0.8701960151041275,0.22580821233067852,-0.8203539829032032,1.3280112124612151,-3.21556417328271,16.888011647290064
4242,592,-751.0,,True,False,1.352471466628175,2.886778525059093,-1.135383074371333,1.142653656239479,-0.26220465663700737,3.29028950507554,13.865373909037162
4242,593,-761.5999755859375,,True,False,-0.5033946985581784,-1.633624257356562,0.1778917642163512,0.7584507773793184,-0.009291802727447845,-2.137105146284485,16.212041959672497
4242,594,-763.7000122070312,,False,False,5.06887839206615,-0.03474503523905911,0.698881736115209,-1.8742101803174112,1.5012245191077658,0.301653714145124,14.361337903882117
4242,595,-758.2999877929688,,False,False,-0.6114595316282488,-1.7505148080254938,0.444850588938903,-0.7697906610726151,1.69155782990068,0.8843814662741034,17.870174440737976
4242,596,-768.4000244140625,,False,False,3.4060475659415195,1.097704703668165,-1.0216798925618555,2.530599203633088,-1.1911756399197748,-1.1377991150059061,14.393381333575464
4242,597,-775.2999877929688,,False,False,0.13851396902932864,-1.4223196471141053,-0.4810373317000112,-2.0062555343905024,1.0780284117139942,-1.8224828182480695,14.757416891779108
4242,598,-755.4000244140625,,False,False,-0.009207380751571556,-0.02492405070183804,2.94893036496829,-1.5279823521840326,-0.9192476977928538,-3.4792356452781075,15.405499958534238
4242,599,-763.0,,False,False,0.004583347113690409,2.7344459643955834,0.9338144946636676,2.4635433043865143,-2.149987376350072,0.758175968919458,14.191778203959645
4242,600,-759.7000122070312,,False,False,-0.7873203242439255,0.5678337944496814,-0.4925983310472064,0.3626911740580493,1.192858091745667,-0.8440105896881545,15.88155520719272
4242,601,-759.5,,True,False,-1.8058274567483321,0.6531154977699483,0.8261037160157032,-0.11322414600955687,-0.7650252941355961,1.1743153826864008,14.190981544927109
4242,602,-776.5,,False,False,1.4862340623086272,1.6300047259752457,1.4100415748215789,-1.0357104592536788,1.6606105403804365,0.5981327326776931,14.339500174547787
4242,603,-763.4000244140625,,True,False,-1.0094749325302725,-2.7237265461799764,1.2399244378504268,2.900613994941799,1.5583306753154977,-4.2631227129773075,18.100682524056644
4242,604,-767.5,,True,False,3.786530813181326,-0.2991437747390705,0.2371162545091226,1.1664242104748455,0.6215616628250157,2.756671212112301,15.334327905906864
4242,605,-763.7999877929688,,False,False,-2.6916355832245893,0.6471287966686808,2.5056617942624078,-0.6590182027980311,-0.5697786645184686,-0.5271861922084166,16.679084977560795
4242,606,-774.2000122070312,,True,False,-0.48888612735399356,2.5084860869089436,0.9319291467778414,-3.634913312331609,-1.1785055445734913,-2.410467600757227,15.680444645445299
4242,607,-763.4000244140625,,False,False,1.4470737972616825,-0.8239055809291221,0.7646242823026336,-0.446254422656354,-0.32248214065336345,-0.8499673434134439,16.06525129851925
4242,608,-758.9000244140625,,True,False,-1.8000608340991866,2.4044458494722063,0.4346108971418962,-1.2328535728542092,2.3715919711070996,1.2857951576612008,14.879558076455524
4242,609,-764.0,,False,False,0.11616096963524856,0.9257373284053253,-1.6322755360666354,0.9879838580329454,-0.27616061050748864,-0.17769764081474296,15.664422323224011
4242,610,-773.2999877929688,,True,False,-0.010910716450158004,1.0589419205478077,-0.3301183748146822,-0.6193778163435758,-1.9145622019452948,-0.3951823317169151,14.179659973178786
4242,611,-779.7999877929688,0.6236559139784946,True,False,2.2372832284273514,-0.407753403020987,-0.21420235026773707,1.007741758075588,-2.5848194583534534,1.1799193092006135,13.754067095529427
4242,612,-768.7999877929688,,False,False,-2.349047715428187,-1.7822733437514517,3.5655116600737253,-0.9484553289780155,1.0415984096707518,0.9791713564128368,18.116676029443504
4242,613,-770.2999877929688,,False,False,-2.2471233025054467,0.714282066009743,2.4889649673669525,-1.8731410683428271,2.8873935994098683,1.0630100748991893,18.407576471719977
4242,614,-761.7999877929688,,False,False,4.3712849110338,1.72247550975542,-2.1624375314221034,-2.0357899002344086,1.7794609866820814,0.8584577219250559,14.816016613602887
4242,615,-764.5,,True,False,1.7996130858432822,-1.5560042942391938,0.000791650726534276,3.577345175380036,-1.5608335660969213,-2.4501803376912394,15.10225434941402
4242,616,-771.0999755859375,,False,False,-2.3107913789370333,0.3902393013465956,-1.9384836922056603,3.1076985376646413,-1.5371602011889485,-0.6105252961023406,15.530196853620343
4242,617,-752.5999755859375,,True,False,1.2889567083895666,3.620196594920132,-3.4633327607303,-0.3927336114161261,-2.144606524156824,0.5313994246276545,11.243441466289982
4242,618,-752.7999877929688,,False,False,-0.10013305626682595,-0.7502509236971914,-2.4542221860414837,0.43292034873809077,0.7653238198113597,0.13207571529618148,14.336814379226052
4242,619,-762.0,,True,False,-0.9914533226301673,-2.9155072219839684,0.19406952508074332,0.4941310364671357,-2.8632654107092974,0.19363157929779692,17.198877773952578
4242,620,-767.2999877929688,,False,False,-0.6464675550517488,-0.0359002096368097,-1.028778887648462,2.992204964525184,-2.001268335216181,-1.3941379533417002,12.419783126528703
4242,621,-764.2000122070312,,False,False,-2.2711153974375433,0.011323819925162864,-1.0290364248393162,2.1537558323788852,0.6388990824034222,3.0501692727995224,17.30533733555356
4242,622,-760.7000122070312,,True,False,-3.316243625615285,1.608701512404634,0.20233981476231358,-0.026018135740449828,4.696693843652847,-0.4192529689759883,17.019680351403835
4242,623,-760.5,,True,False,0.7933276087246823,-2.473995008436189,2.419437373388994,-1.5267952132671052,0.9052020544790905,0.5881061772165274,17.81971816685704
4242,624,-764.7999877929688,,True,False,4.50201533778062,-0.1748810454013581,-0.736380959133551,1.5738343854507533,0.011145953173933144,-0.4732432655516989,13.956980631773497
4242,625,-773.4000244140625,,False,False,0.6394809403735523,3.7803693543248102,-0.8376625546017739,-0.39987149124584387,-1.1691242868925094,-0.6696265199031642,13.858498350576205
4242,626,-775.2999877929688,,False,False,0.6297360236041358,0.8527209714618419,-1.202418162698884,2.1006174184078126,3.3444974066175432,-2.08003557372555,14.885822407886215
4242,627,-763.2000122070312,,True,False,-1.5959110793814022,-3.057746006022722,-0.7884404906280957,0.5215206322885276,1.098436783469367,1.3351016473629234,16.619107061179335
4242,628,-759.7999877929688,,True,False,-0.6088533487426596,1.16503924618532,-0.9214724712907356,-0.3867279731849448,0.5590849144163164,-0.7018029771513357,13.52711470811468
4242,629,-767.2000122070312,,True,False,-2.867193752411517,-1.5889163851377683,-1.6484087729398413,1.3513695958271659,1.256248983146966,-0.8390624930257055,16.928120296351576
4242,630,-779.9000244140625,0.7096774193548387,False,False,-3.1385302492701124,3.590633955798091,-1.6193140760641704,0.11339391163044578,-6.209603929745971,-2.2313207442240706,15.464977076727072
4242,631,-761.2999877929688,,False,False,-0.38414272801477933,2.108407542826327,1.3293038167347555,0.9633323872474787,-1.1088830070746327,-2.4276176622227665,11.985231814300441
4242,632,-776.0999755859375,,True,False,2.7253949155315933,1.6091428306598372,-1.0982315164746568,-0.9435524843275143,2.6107027420918856,2.403554025586889,13.597616758487609
4242,633,-761.5,,False,False,-0.6644005652941017,0.3181713472347771,3.8046312196335763,0.5511229200409611,-1.1868020005271005,-0.3572359596490351,16.663345999289557
4242,634,-758.5,,True,False,3.1220927082122207,0.09128162987601555,-0.8566418219953378,-2.030295132489115,-0.5915225988078889,1.0941876914765494,15.088001404247347
4242,635,-759.0999755859375,,False,False,-1.2923484797259626,0.4367312249874387,2.4929984304802417,0.2477649199617388,1.5420358882264424,3.6801715778014437,17.14684199119097
4242,636,-756.2999877929688,,True,False,2.2034625613570458,1.4365335254974672,0.21392237584400142,-0.6844896615136234,2.1481869318239775,1.0153004042719116,13.965377854954278
4242,637,-766.7000122070312,,True,False,-1.0045754117237904,3.682562121437355,-2.022803423560352,-2.4604310645088527,-2.37694818290498,-0.4948502561435208,15.237824385736843
4242,638,-766.5,,False,False,-4.032984321021557,0.6230055108828165,3.3826307425951083,1.9045098120308834,0.6618932487324799,-0.26690366888317174,17.94482384312675
4242,639,-754.0,,False,False,0.3722402263096227,0.8989964265069276,3.378259572847928,-2.648883239184754,0.09679562825933895,0.16599068442518253,15.967091545669879
4242,640,-763.2999877929688,,True,False,-2.515065292703345,0.9255802529613492,-3.4627276923302186,1.699838227276567,-1.402181162859354,1.5654579494210281,15.92122193656348
4242,641,-761.5,,False,False,1.6442556728313682,-2.5714107457742306,1.8604987289241917,1.1959638134538426,1.509923628292603,0.03927371763056552,17.670302093347136
4242,642,-757.5999755859375,,False,False,-2.0248912729994086,-1.4608347172355838,1.015879567516824,0.9237556181511195,-0.8468604112315099,0.9833106900052219,14.613806758464479
4242,643,-765.5999755859375,,False,False,0.47343232755160664,-1.2898699611482227,0.5037654890442314,1.4426839349704332,-1.1498994162572826,-0.5571200590054697,14.467843171204667
4242,644,-763.0,,False,False,-2.9939971614727314,1.2684055941864376,2.0316404463799502,2.7533737515831604,0.7381626565327328,-1.764493555321286,16.837154036390288
4242,645,-763.2000122070312,,True,False,1.6510637482518349,-1.2637821208292888,2.5338242257770998,-0.1060123410893571,1.463144997607182,-4.40919897585798,16.812269586717974
4242,646,-764.5999755859375,,False,False,-1.337809057984062,2.27046146822413,0.2951673867593898,-1.5414968158268558,-0.28236342543240656,-0.7887009369531899,12.366258086036517
4242,647,-762.0,,False,False,-0.5061957243117714,-0.43676548216367184,-0.22050804414200534,-1.3213889635053266,0.7887272116298341,2.329656472909557,15.169858986596799
4242,648,-768.9000244140625,,False,False,-0.8195711823315218,1.3973858956278726,-2.7197046477314295,2.7975274822048175,1.2442895330000103,-0.2247618932823585,13.94255659649208
4242,649,-755.7000122070312,,False,False,-1.2136598999920352,-1.4274150703945436,1.086639013837744,0.6724044342270367,1.8650200619301247,0.16293799246180457,16.30046860279156
4242,650,-769.5999755859375,,False,False,-0.1481583958967172,2.5960659512807918,2.012009504704179,2.332263376843588,1.8232992955424785,2.159056446126228,13.760583824685478
4242,651,-758.5999755859375,,False,False,-0.2146676209245749,0.9230425476774231,1.0469622195407835,-2.4561002660226396,-1.1955314389849283,-0.5005643537939748,16.011142721326685
4242,652,-764.5999755859375,,True,False,1.4121237756175353,0.32602643527532676,0.20429055289592277,2.6210923746221737,1.1739462652627557,1.5581202969924208,14.183580824325906
4242,653,-763.7999877929688,,True,False,-2.8269058104125278,-1.5598016134841823,-1.6579164550747543,3.139835030096812,-1.2102279321713216,0.7143421926715626,16.359939051404385
4242,654,-786.7000122070312,0.6182795698924731,False,False,0.866905789337715,0.9512059587682066,-1.87101759151512,-1.3484961366140589,-0.1928811927149732,-1.9053133662177877,10.897027928474216
4242,655,-767.2999877929688,,True,False,0.6693890386618625,1.8790153416884023,-1.1506057408761137,-0.8759914384725829,0.9829119548019889,-0.8843048606384409,14.483902398655092
4242,656,-759.2999877929688,,False,False,2.539711088273021,1.6457818058803253,3.014784629642936,2.3132448512691037,-1.4234364817865761,0.6121508922063039,14.869516472586913
4242,657,-748.0999755859375,,False,False,3.1203475630514745,2.5031086347410088,-0.9532322019531195,1.806379973614242,0.0931295782131184,-1.6423634512036023,13.529004884721182
4242,658,-761.2000122070312,,True,False,-1.705832208594279,0.01693525260911801,-0.9703090711101419,-3.133772011399272,-1.8704048249120477,2.0922136986894224,17.228235967587107
4242,659,-761.5,,True,False,-1.2838747338664138,0.31244925400274826,1.951806344142425,-1.5083417376800314,1.3324084755439387,3.016318559521911,15.316881232034486
4242,660,-764.7999877929688,,True,False,3.9166524214453995,1.1104573613393598,2.1169488142861232,-0.1982203122768147,-1.4925156973961808,0.1773838674967302,15.171439402466364
4242,661,-759.9000244140625,,False,False,-0.9043811174299886,-0.5038774036732943,-2.301905128996525,-1.100976096551207,2.8683540210117173,-0.32242253179580777,15.057070616684827
4242,662,-772.2000122070312,,True,False,1.5351078212739593,3.997459532109731,0.07584386653938434,-0.20438379589989117,0.13859484488291782,-2.8902888115298673,13.64779178470592
4242,663,-757.7999877929688,,False,False,-0.04581752268879093,2.114039136949372,-0.061204059275258155,0.94282102762308,-2.1589168061237674,-1.975205445600011,13.58339017396254
4242,664,-763.7999877929688,,False,False,1.7780036611192735,-1.3901781301415246,0.08516776608940312,-0.34494013269393425,-1.7911429196257704,3.359055815178219,14.07663365718445
4242,665,-766.0999755859375,,False,False,-3.148474284491235,-3.971845248086667,-1.0261080948287922,3.214373481830975,-3.16507577054665,3.40335924271968,17.15626574934348
4242,666,-762.5999755859375,,True,False,-1.3225061897092811,-0.6932849972769355,-2.403248506294607,-1.5988457056166245,-0.9027050283288108,-0.9634799017198176,15.04517133521908
4242,667,-761.0,,False,False,3.212644061843748,-0.2867391557945529,1.6659724309363864,-2.97784435216573,-0.41296415018319743,2.43731603041846,16.113965678212356
4242,668,-760.5999755859375,,False,False,2.6932899884547328,-0.40709467247466563,-4.379146466051061,1.7267948325312832,0.752681751560911,0.7415559598049641,15.209730175682182
4242,669,-762.9000244140625,,False,False,-3.064740689215455,0.9024310381353007,-0.8841859160837185,-0.3633883384716588,0.05243887712231484,-0.9057614444612889,15.521806305919684
4242,670,-763.2000122070312,,False,False,3.7244897779226935,1.6375720589490343,-2.1906313091640617,0.7458049912471246,0.48142645989938404,2.153832176055476,12.329720222801303
4242,671,-760.5,,False,False,2.3387843882273094,-1.472317414911256,-0.33471980920980493,-1.8796182976204463,1.0097242094698793,0.48243136704145395,15.339674467262778
4242,672,-744.7000122070312,,True,False,-1.8306128036840945,-1.7785330211480768,-1.317624458540337,2.0683654741929027,-0.7810670268136635,-2.157740729444845,16.899844270300044
4242,673,-758.4000244140625,,True,False,0.2237881136512248,0.6112769401697623,-1.1219689964494741,-0.5443643344046936,-0.8324376153636942,0.31472490710163853,13.876616673042536
4242,674,-778.2999877929688,,False,False,1.8169564406726724,2.1621064507061547,-2.046968902922729,-1.759622745889967,-1.550242196364982,-0.476671727905266,13.93563620152411
4242,675,-760.2000122070312,,True,False,0.04843902453524633,-0.7026644399890342,-0.13059772666808045,0.23141008333756366,-1.5504937761260307,-0.6370943753292997,15.141072550720972
4242,676,-769.2000122070312,,True,False,-5.17992638158434,-2.492835642670338,1.9515807350866174,1.5516136434502452,2.775604978576514,-1.3118758748674877,18.27640612434781
4242,677,-762.7999877929688,,False,False,0.9286123542702137,3.3628456784886125,2.550478795596584,-0.4578393326328228,2.279798980078432,2.947544513443373,14.084298833471973
4242,678,-762.0999755859375,,True,False,-1.4276679340009395,-0.34300317660858254,-1.1155326221380932,1.0324975523479665,1.961657677095009,1.5830523276863138,16.6107684471642
4242,679,-762.0,,False,False,-3.348375683412182,1.5973404808027367,0.29655285998432024,-3.189121811415336,1.0091842400187545,5.491717118100826,19.903292796340462
4242,680,-784.7999877929688,0.5967741935483871,True,False,-0.020570498577002622,0.44026726015404966,3.7799632388205975,0.9835297319717625,-0.8681994130592956,0.505031507280518,15.822415927529054
4242,681,-751.2000122070312,,True,False,0.8697920564701546,3.637456362658306,-0.3232938035660172,3.593892917220792,3.1110005529925115,-1.4883594274886243,14.647539641417803
4242,682,-756.2000122070312,,True,False,1.4024648712292276,-2.722856415777454,-2.3573123677824763,0.2141139695207783,0.1062076877870432,-2.9506652118907057,17.148270410731694
4242,683,-765.2000122070312,,False,False,2.6375680652127134,-0.08773308962854265,1.6015944138947587,-2.2133795876850333,0.07152972130769784,-2.714657645936633,15.87863791508304
4242,684,-754.5,,True,False,-0.06048947466819294,0.8451222803128122,-0.7181311815282116,-1.934197813879608,-0.10184395600077742,-0.32093404941832193,12.312872889211636
4242,685,-771.0,,False,False,-0.3032813496467816,2.011588724263253,4.488688234312992,-0.2731104696638582,-1.2539792292986236,-0.39044986668779896,16.27972555255237
4242,686,-774.2999877929688,,False,False,-1.0197356481511326,3.0361296279581262,0.025644650026847245,0.1597540558178619,1.379959940525377,-1.780207031488523,12.329520342519684
4242,687,-746.4000244140625,,False,False,4.653352495451075,0.2382039360266354,-0.7610083756724795,2.7446205643646477,-1.886135960479464,-1.1292973638360584,15.950031578576699
4242,688,-770.9000244140625,,True,False,-0.7873540208074357,-0.14365640232242638,-0.5799659993270162,-1.0304040950059792,2.7418414442184673,-1.2866987875691267,15.77792934944308
4242,689,-746.7000122070312,,True,False,-4.608225597647078,-1.9425348419279223,1.2640566271370581,-2.9885825752047546,0.5136003509646342,-0.5659838574182768,18.808623272822455
4242,690,-755.2000122070312,,True,False,2.2178776725832328,3.2473239196689674,-0.6364729281603133,1.075996230245872,-1.7957104286023637,0.6446582517861477,13.238812918880624
4242,691,-758.7999877929688,,False,False,-2.209814798199066,-0.7350854929062002,-4.104196201448119,0.6426022663993494,-0.972378770370578,1.0551608819776277,14.946556316028927
4242,692,-761.2999877929688,,True,False,-3.4066518398900145,-0.03917570964593559,0.40727125981190176,2.4983057386829723,-2.727659810888843,1.7604336994001528,17.87750154982101
4242,693,-765.9000244140625,,True,False,0.9648538243444417,-1.4740365534966076,2.449029420890782,0.7246387480415982,0.22094701455424273,-2.9012218759379884,17.333903165854366
4242,694,-767.7999877929688,,False,False,2.082307725867292,-0.19189808231016015,-0.32659800598538896,-1.5577423564579669,-0.42202061986703165,0.7476679988810171,15.742073681419047
4242,695,-769.0999755859375,,True,False,-2.4494271515175567,-0.43043802909247325,1.2122263549582617,1.1657926017955669,-1.0655353285776097,-0.9026484056036411,17.810939834078116
4242,696,-771.2999877929688,,True,False,3.3818158279308763,-1.5073555062089692,-1.2026180189529798,1.7997834832244959,0.12269795138223366,0.7089163586260617,14.108815717420583
4242,697,-751.5,,False,False,-4.214376895111076,0.11734279746720344,1.6669756125555766,3.4659671535587835,0.9255310021378449,-0.08277542488998507,19.732863927702198
4242,698,-765.9000244140625,,False,False,-2.316481474123546,-1.5123140914589897,0.8072597179231804,-1.1994933582142902,0.5024754866566726,-2.323426311774637,14.87604014789051
4242,699,-756.9000244140625,,False,False,0.9831557444110437,1.151069310558625,0.7126335486600245,0.5458840295307769,0.39806995233235365,0.08517812541609661,12.953010313994012
4242,700,-762.5999755859375,,True,False,0.10563480400174374,-3.424422048179805,-2.7596751600399343,1.194693660264796,3.2547632202813586,0.33709011167982117,16.83554464162355
4242,701,-756.5,,False,False,0.7630322122682304,2.035539936563911,0.08330589923746605,0.4718424227038857,-0.9889797333910452,-0.8393987258979343,15.769868815023633
4242,702,-749.2999877929688,,True,False,-1.3730583970071877,3.135364290645165,0.47980137627437014,-2.1427930459437903,-2.0279564246929946,2.5223992795623236,15.143003846212942
4242,703,-766.2999877929688,,True,False,-0.02312487994728607,0.9519213761949165,-0.6260430534776688,1.1644945960927622,-1.2508978596311575,0.45204767996520623,15.204022952339328
4242,704,-764.0,,False,False,0.15168035196561344,2.301261332313206,-2.382258192110996,-2.6700704433311673,-2.538783840818352,0.060632916512796696,13.186373438057608
4242,705,-752.7000122070312,,False,False,-2.2952951217021513,-1.9372956375461434,1.4795220242810545,-3.0486879457754323,1.6469869987916823,1.5249552804278996,16.772922218442506
4242,706,-769.7999877929688,,False,False,-1.058176829590281,-1.98423194388971,-0.3432230446180211,-0.9420739849035693,1.0499980592833027,0.6257028651553187,17.22447443314094
4242,707,-761.7000122070312,,False,False,0.3610804392665717,-4.119418693345965,-1.4957871259624105,-1.6376177894723176,3.1808218141437754,-2.3448529166971195,18.25723432597953
4242,708,-789.9000244140625,0.7258064516129032,True,False,-1.1097130614488764,-1.8372434070394958,3.0840408065042046,1.3015789181635775,1.7720398276929885,-3.112833871602639,17.21701697400967
4242,709,-763.4000244140625,,True,False,-0.30285510560664497,1.5506331891060836,2.2681726732957017,-0.6172365471053535,0.6813500447188902,0.11668389050246802,14.777090524043924
4242,710,-766.2999877929688,,True,False,3.9418096883769635,-3.1569190163059906,3.6503930457360214,0.08464703021332327,1.2474974873022096,-0.7082273813997723,15.864777501097029
4242,711,-752.7999877929688,,True,False,-1.4381193055189156,-4.436662493599198,0.7991608803269263,-0.7248306349686248,-0.5459471854852943,2.0883206538090415,16.499433197640876
4242,712,-773.5,,True,False,0.7817546879860259,-0.4286304635127598,0.951543157550923,1.7321111656596841,1.3013504357133143,-0.18271997835702675,16.213759044452242
4242,713,-757.2999877929688,,False,False,0.9784340086214702,-0.8077860606191954,-1.186682914245757,-2.1584570569427926,-0.40328574629213604,2.758759025168341,14.583393948710732
4242,714,-770.4000244140625,,False,False,-1.4207409028343705,1.2923744655322413,-0.7534997387844745,0.006337789942096996,-0.4493539414380211,1.2516490892339946,15.903542517057144
4242,715,-769.0999755859375,,False,False,-1.5691227839629418,-0.3505579100700799,-2.640508977726945,1.3916169827498737,0.3109101525419684,1.700243471585596,15.705141122619176
4242,716,-775.5999755859375,,False,False,-0.502652741583763,2.295069055520354,-3.1026351172172304,2.2947365824784205,-2.8100082680308436,1.955908999320155,15.197547686614394
4242,717,-753.5999755859375,,False,False,0.2250333595033335,-2.831505644077866,3.1120049362832027,0.18241668325994323,-1.1063354940168058,-0.3984722558936733,16.091409838292414
4242,718,-771.5999755859375,,False,False,-3.101925068977825,-0.6890067829006287,-0.9771329646537009,-1.8413346260617278,-0.8859643691478026,1.253552473878919,15.30405056951572
4242,719,-762.5,,False,False,-2.2253372947434946,0.35488468728611794,-0.751612521116301,-1.6397571454734021,-0.12801300654189676,3.4405432171910615,13.489212262870238
4242,720,-767.9000244140625,,False,False,-1.6487504425384558,1.513611100949438,-1.9876324778023111,1.6459929277500547,-1.7912968490794279,0.27005803809126194,13.843122918745488
4242,721,-758.0999755859375,,False,False,2.7058667963285745,0.0863188015396273,1.7775145721297803,-1.9096738700213967,-0.5772909153868171,0.3325244171154607,14.403770011523575
4242,722,-772.9000244140625,,True,False,-0.06651064218690977,2.0236743861736244,-0.29956813794778614,-0.1418665504060813,1.6216923407701753,-0.8320598350042431,14.18858348173918
4242,723,-764.0999755859375,,True,False,-1.3261252843708835,2.445436245412329,1.0724807568149817,3.0721354499244105,0.4109988750639337,0.40173039730205945,17.768862831420183
4242,724,-756.5999755859375,,False,False,1.7753814439277944,-0.8806660386250247,0.5336378542883892,1.678341526398778,1.8272540951592435,-1.7993936813160458,16.32825545600148
4242,725,-769.5999755859375,,True,False,1.2256888384390734,3.4243822285593284,-1.7504752193291668,-0.7278193218246923,-1.4172586974097012,-0.2967253347059383,14.889146963721728
4242,726,-766.0,,False,False,-2.300169127100487,-2.5214067995160865,1.2130671104711086,0.24156233276052513,-2.670335308100203,-1.3171822366193948,17.541822315209103
4242,727,-764.9000244140625,,False,False,0.02054505451644291,-4.225294194293561,-2.3102926697132804,0.8075743299405203,2.1651677081106997,-3.752897007882257,15.077493238140832
4242,728,-768.5,,True,False,-1.175993473371814,-2.543132382999336,1.2463641652469621,0.36958793531504175,0.4408246336193887,2.76177407385763,17.901104369864417
4242,729,-760.4000244140625,,True,False,-2.4059803016068493,-2.2302187651360508,-2.401706050630825,-1.7122787112741313,-0.8422864678943545,-0.6299500946877319,18.92658481072005
4242,730,-748.5999755859375,,False,False,-1.3446197576927195,-3.4934357076962956,-1.2370813454065643,-2.2398624381254106,-1.126008762134825,-1.3216756679886283,18.01381335175876
4242,731,-762.9000244140625,,False,False,0.5125979353889343,1.4094371393634693,-0.01271494811900101,-1.8378433983172107,-0.6028490012480435,-0.2613337628077674,14.178838724054101
4242,732,-758.9000244140625,,True,False,1.1197989120434182,-1.1766192158687891,1.0576342961404126,1.0143788126651196,1.6892104180195304,1.7437447181710792,16.075768859780936
4242,733,-758.0999755859375,,False,False,0.08801308892469897,-1.8097697871595946,1.4474912162783775,-0.554448004530421,1.3182842749657755,2.7764924664583015,18.048238252051377
4242,734,-777.2999877929688,,True,False,0.21085709382725856,-0.548660968263552,2.9563919616150725,2.6599759641523324,4.095138268849507,0.3848860105308602,15.891614899191815
4242,735,-759.9000244140625,,False,False,2.916812375833718,-1.0271968616508946,3.864263460401429,-1.2528745355594788,0.3269406447506105,-1.19147419064887,17.275204844579505
4242,736,-783.2000122070312,0.7688172043010753,True,False,2.5129321856496762,-2.0590254775360686,-3.9072378643795598,0.5213106997761836,-1.7442225510287594,-1.26891317096063,14.338263014848344
4242,737,-770.4000244140625,,False,False,0.2162217649211572,-0.2754723863789812,1.4174096862651102,0.37543964898177995,1.845654015757769,-0.11146999073767397,15.016010379401076
4242,738,-761.0,,True,False,-0.06222234148259268,2.1677064731412177,2.427331289153735,0.3673872662060518,0.04535334220695302,-0.15604998724963717,17.570774698389847
4242,739,-772.5999755859375,,False,False,-1.378088375981323,0.9682424738970906,-1.2752561082695637,-1.4590095688183244,0.40184425618098646,3.181133132985858,14.148524932460532
4242,740,-751.7000122070312,,True,False,-1.8427722294609856,2.3246886841114156,0.427743706147174,4.236024373490557,-2.1207317906940197,-1.606992589156544,13.611852220363089
4242,741,-751.2999877929688,,False,False,-2.368420768000375,-1.1773873038365363,-0.832810451060498,-1.1115373370505208,-0.5734760828747046,-0.7494556098649183,15.076125865496536
4242,742,-764.0,,False,False,0.9149937338002954,0.17070186642497076,-0.3714200748475847,1.5506200406903914,-1.0140710265853548,1.3749586607959727,13.670334094653718
4242,743,-762.7999877929688,,True,False,-0.7086683190619185,1.8459328868598415,-0.14609910907137597,-0.23683516077505093,-2.3235767156335223,1.1860092047505422,13.76056905649639
4242,744,-766.7999877929688,,False,False,-2.1861821971697957,-1.205523477095011,-2.730622770501007,1.311852876320033,1.0446504593622492,-1.1313040424924896,17.248768649835707
4242,745,-777.5999755859375,,False,False,1.2929767402320131,0.946642536874107,-1.7092084818540902,-2.501900706919176,2.1668833917712003,0.5896486799887662,14.440066587940997
4242,746,-769.4000244140625,,True,False,0.7328060383146106,0.040846114374412705,3.4267382683297503,0.41849236913006244,-1.0783562482756728,0.7039525157891658,16.95600645276598
4242,747,-783.7000122070312,0.6989247311827957,False,False,-1.8814112392601448,0.9407189274582133,0.4682735083721461,-3.6287414417300154,3.256506585976361,-0.015336816593147251,15.60196912192568
4242,748,-763.2999877929688,,False,False,2.8545365860987273,1.6852880471374254,1.9742264753295424,-0.5839228551233574,-0.2608596670526417,-3.671024843410697,17.26946933066
4242,749,-762.9000244140625,,False,False,3.3405510177488105,0.8335997177924971,0.9857554381546931,-1.3664070587607482,0.9368001159468193,2.520502260310667,15.77338087458945
4242,750,-755.2999877929688,,False,False,-0.7202077182426792,-0.7214565106367636,-0.9525310740426116,-4.160890653166248,0.4382051540964576,2.624428922634062,15.692397379774736
4242,751,-758.0,,False,False,-1.458159987130928,0.039045790523126817,-1.4925739816122061,-0.9403071517113913,-1.7176169793177523,-0.704962972500746,15.259275449535878
4242,752,-749.5,,False,False,3.536941598595851,-2.0943504313508914,0.8135910891914878,-0.88762464758763,1.1664114254403772,-2.5633687451104765,17.71920076724052
4242,753,-756.2999877929688,,False,False,-1.0190397039424886,-2.4775483755697536,-0.8614623896895254,2.2129921372255006,0.8935271203752072,1.2716493300871536,14.402822780400811
4242,754,-771.5,,True,False,6.739061347387048,3.3221546767415817,-3.6317659182048976,1.1988929628421394,0.12879813569234919,-0.0724730655755727,11.54956286518921
4242,755,-772.4000244140625,,False,False,1.211733700489369,2.4926588285984757,1.8246511143324975,-0.5017155179430459,-3.159499749074417,-1.3726299396491968,15.272274202982722
4242,756,-765.7000122070312,,False,False,-4.357632249838763,0.34847347895693687,2.807096125273437,1.868290506642171,-1.1016988721083807,2.3806352937344593,19.0909748932227
4242,757,-752.0,,False,False,3.0250593406040673,1.6642191774286585,-2.4568997584693597,-0.6854470555045536,-2.7710363989604314,1.4841561360816267,11.688692597791242
4242,758,-765.5,,True,False,-0.4114391135947162,-0.6071940481489629,1.4786710996478707,0.5162208023473078,1.3421693766613942,4.223192406964943,16.594303940509384
4242,759,-755.5999755859375,,False,False,-1.125490280953535,-0.896400526824465,1.988280112476392,-1.7465108918365337,1.1277229708577656,1.4153590542489682,16.65439652196936
4242,760,-768.9000244140625,,False,False,-0.464366277434079,-0.013555055258049594,-1.9827195276815452,-0.8914010343806184,3.48263644388004,-2.0171336907865154,16.92024476314052
4242,761,-752.0999755859375,,True,False,-1.362748863447332,-0.4107804665532221,-4.2507238507828715,0.3962676395771871,-1.191650274981358,0.07483723870516928,15.472152889882564
4242,762,-763.0,,False,False,-0.5272567753426997,-1.2943313973105177,-0.2730737189419447,2.8898766192795238,1.1860350219880196,1.0061620636374826,15.592675578540199
4242,763,-774.7000122070312,,False,False,3.645427254629281,-0.5817346757460314,-1.5506932683838313,-1.436637648935052,-3.839641851233663,-0.29832082374435687,16.79022653305921
4242,764,-772.5999755859375,,False,False,-0.47168442569680336,-1.4539662176131571,0.5747052677284993,0.46964667717546343,-2.7480518046369387,0.04755551226284539,17.100722504978396
4242,765,-759.5,,False,False,-2.961218134597046,-3.231044175870486,-0.39614070423358183,-1.9256004792999637,1.0940449572112974,-1.4602845486301383,18.26236830705488
4242,766,-781.2000122070312,0.8387096774193549,True,True,2.3864371630413856,-1.8594623143973317,-0.20905678893458807,3.2117785838743225,-4.1700417675638315,1.7761729316314165,15.424891230145363
4242,767,-759.2999877929688,,False,False,0.4684778882163445,0.7583248005628868,-0.1226666026938616,-0.3528102519021468,0.3320569726443214,1.1390526776378356,15.03599272816816
4242,768,-766.7000122070312,,False,False,0.02930056182987214,-0.839838146237826,1.143487919342387,-2.194313947738742,1.479279405991639,0.23237540351544048,14.659658175508309
4242,769,-760.0999755859375,,False,False,-1.400870805620184,-1.5640346991404104,2.6591247435372076,-0.867793794340138,3.471450031536309,-0.6974563855975993,17.139412863017156
4242,770,-776.9000244140625,,False,False,-1.389844337117807,-1.5617578882927328,2.353712781504463,-1.171279319614111,-2.317335811403201,1.3772821007967142,16.364902966443722
4242,771,-765.7000122070312,,True,False,-0.24318741296042728,1.6640689810796523,-0.41389434020748095,-0.5823934701694629,-2.3372842758718675,-1.3195387287630052,14.291132734687128
4242,772,-762.7000122070312,,False,False,-1.3582327873361677,1.7271663275960238,-2.871954140682503,-2.067449773907842,3.1368212471682377,1.7374773489835527,14.822258045852717
4242,773,-763.2999877929688,,True,False,-1.6023800308682226,-1.6042579072226222,0.20868656496551044,1.4638235538931639,1.1030582537697775,-2.9250889931149766,17.246576581978125
4242,774,-776.7000122070312,,True,False,-0.8526158049722243,0.6328526723688276,-1.6801528874517249,0.2950187921617305,-3.128519752641466,0.5891592568682975,13.865852656140833
4242,775,-763.9000244140625,,False,False,-3.7216904529379002,1.719388049116079,0.5850770848835724,-1.065758782101672,-0.33343994652571324,0.297592070540216,15.893020253643872
4242,776,-766.4000244140625,,False,False,-4.800547424917024,-1.1227444827445976,1.7811932633435335,-4.1317337835337975,-0.4132142121348411,1.3185162793312981,19.164886471093777
4242,777,-750.0999755859375,,False,False,2.0065989062724205,-2.9924482841346554,-3.624644027540199,-3.724867925360678,2.279129574322144,0.38569094999367476,14.925509182407211
4242,778,-764.7999877929688,,False,False,-0.6544031805620325,0.5393943918825919,-2.053787272778192,0.8613643171149914,1.4913898571754676,-0.5410203841067825,15.366621199123783
4242,779,-767.5999755859375,,False,False,0.48304141800109734,-2.8713232896712593,-2.785745908299569,-0.700170090451309,-0.44991241557164213,-1.7563595706911406,17.32418300529725
4242,780,-757.9000244140625,,True,False,-1.5257505719595283,-0.7014783852317336,-0.25729172660830707,-2.9019510348083584,1.2743088345392088,-0.5268182714225995,17.73062412753493
4242,781,-764.7000122070312,,False,False,3.824908392584212,0.7967249890274977,1.4594696280671033,1.0741569973336431,-0.3869207150581123,-0.7808148991051606,15.5837267945139
4242,782,-769.0999755859375,,True,False,0.5409182180374038,-3.0050841337634338,1.4687636809087006,0.23558084948282926,-2.1802429197189883,-1.573643322244251,14.434351071067915
4242,783,-760.0999755859375,,False,False,0.5126995560339813,-0.5742480389831572,-3.699710241963704,-5.874185491050038,-0.5199559599809329,-2.7753165035860126,17.81576171407929
4242,784,-758.5999755859375,,False,False,0.33527098123026694,2.816372141335912,0.3260910273466121,0.9597940069227787,-2.674424023888291,0.10131749343102352,15.82916736372221
4242,785,-768.9000244140625,,True,False,1.1681186238347359,0.8462127930062463,4.455630037114598,1.5330221747225212,-0.2240776241802487,-0.8545542668500894,17.616848305210222
4242,786,-762.5,,False,False,-0.993157925495656,-1.1884119063064311,0.9091860980783408,-1.2682510040769617,2.1949190483612395,-1.14521199713724,17.349027139178826
4242,787,-776.7999877929688,,False,False,2.3049725862878376,-2.6211306799675236,0.717146233497344,0.3897347016655375,-0.4678364608429601,-0.05531371568676856,15.569356360829293
4242,788,-777.0999755859375,,False,False,0.6799087423137791,0.1212663260090991,1.6994164761720103,-0.19957487239950022,0.4207875831007812,2.0332463078434646,14.464040076675232
4242,789,-782.0999755859375,0.7634408602150538,False,False,-0.4313597579884188,-1.5596101675650071,0.8520817404320322,-1.6883239117524191,2.4153128177069223,-0.45876568174559823,16.69671008636194
4242,790,-763.5,,False,False,-3.1290835775117145,-0.34843561269948553,-0.039879054073661734,-2.494160036817632,0.8760688361547949,0.9912983284309618,16.671096253038847
4242,791,-765.2000122070312,,False,False,-1.0071361515222188,-1.6225265508366087,1.5352206914072812,-0.04905234477562561,-2.1038283902283057,-1.0821207228675012,18.583065562081078
4242,792,-774.2000122070312,,True,False,-0.11423435324893441,0.47626715857606566,0.26240214699136233,-1.2287984506312513,1.456831814339565,-1.4798350739606334,14.926789276518374
4242,793,-766.0999755859375,,False,False,2.5343112557284218,-0.7262080018151422,0.3952902501155583,-0.46014548181975967,2.31047460386391,-2.48519062293894,14.117771584224005
4242,794,-748.7000122070312,,False,False,0.2690711445701008,0.14465963604620247,-0.9042435834260191,0.1806631459129621,-0.47273478066066765,-1.0822171068545519,14.99810918856906
4242,795,-761.7000122070312,,False,False,-1.9650810538144516,-0.6660315145062649,0.0010218578825276173,0.9661165724104664,1.434447990180909,-0.7792237868687582,16.14959601358469
4242,796,-776.5,,False,False,1.7373013454337292,-1.1055970300728017,-0.33877147559591564,-0.31176473669648314,2.0666301837877716,1.2281186233555734,14.676828491259611
4242,797,-755.2999877929688,,False,False,1.0305734650629534,-0.13597548192248599,0.13201422302645827,-3.2017069490016956,4.516487693792806,1.4259451098878115,15.313426250698608
4242,798,-773.9000244140625,,False,False,-0.8304184930245095,-0.24073671673854785,-0.06976916008065821,1.8991098599403542,-0.7880293780204103,1.175466535468675,16.610157716032482
4242,799,-763.9000244140625,,False,False,0.6288911171624028,-1.818265561758351,0.2210685350232766,-1.5134217094352258,-0.6865285376478042,-0.26241255537353203,13.755621544836453
4242,800,-762.5,,False,False,2.1366724959099277,-5.77387697943536,1.3575761210911304,-0.9350788793831253,0.5629361603475164,1.307893700182238,18.627999176472763
4242,801,-759.7999877929688,,False,False,-0.38205570697752644,-1.0161016410509434,0.5920335973391567,-0.6432591371155821,-0.9546468983480904,0.44210642217599805,14.428013943581991
4242,802,-766.7999877929688,,True,False,-0.8206055528217917,-1.69665254037283,0.5542402001480053,0.7831916893537071,-0.3531950972753402,0.11004588696918652,16.53114298650434
4242,803,-752.0999755859375,,True,False,-0.5401325163955185,0.5703950409893542,3.297892127915887,1.3256795774512298,1.0154003438789916,1.120531741256169,16.857422660066582
4242,804,-757.7000122070312,,True,False,-0.39490767636454704,1.2942836908129298,0.6104458112574503,-2.0246217337916455,0.38781316752437023,-1.0890563108140472,16.72583347579652
4242,805,-759.0,,False,False,-1.0926669545191101,-1.2895956816431764,0.7065171305449349,0.3725826304679009,0.047908629839567875,1.8924286740277938,14.256034491974127
4242,806,-759.2999877929688,,False,False,-2.0077593902163495,-0.8341781532438344,-0.7166324893059551,1.420340327501239,-1.893195146630552,-1.8223506384374284,16.059628093776613
4242,807,-753.7999877929688,,True,False,-0.6467702976321902,0.6486099144564137,1.8111692037089517,3.1418458673891894,1.0785586501838897,-0.41571302217987927,15.420285759711115
4242,808,-757.2999877929688,,True,False,1.7329555064567146,1.0941830794064484,-1.1966473808874594,1.2823726736795709,-1.6129776668287716,-0.3196214004314548,13.854539874341773
4242,809,-771.7000122070312,,True,False,-2.575053096119883,1.3668533441348754,1.8343508787521439,-3.358058796390179,2.091762539858466,1.3672681248054221,16.918431856868885
4242,810,-773.7000122070312,,True,False,-1.5919125600406498,2.0835241436237046,-0.36661822533364663,2.643703140645734,-1.8823728232361083,-0.3436538270692042,14.555353490929418
4242,811,-758.5,,True,False,-0.8399359912798052,-2.423949849624848,-1.1784386393805848,2.951307523857804,1.194932175806256,2.5272055754075424,14.438373561875249
4242,812,-763.0,,True,False,0.2887096371207032,-2.026503133022048,1.6283529268533032,-0.23173466553110858,5.987484160275779,-2.853336918461072,18.029432533516037
4242,813,-776.0,,False,False,2.1960332223092474,2.0905980340217636,0.7087571616961902,1.5586112471783824,-1.1044902365851548,0.28302888929717673,13.555709830814624
4242,814,-778.0,,True,False,-4.1655374014261035,0.7983405808214223,1.928449321739947,-0.4263171253446449,-0.12837514894165208,2.267176152953358,17.406087501615847
4242,815,-760.0,,True,False,1.2582152074850343,-1.159950486185632,-0.1697161389185712,-2.261927771708938,-2.877919768756077,1.280722446447038,15.417384690339249
4242,816,-760.2999877929688,,True,False,-1.6419755497962716,-0.43549439619566277,0.9067485280637754,3.127849272402578,0.10743288244385764,-0.2534152641434811,17.095238354572768
4242,817,-772.2000122070312,,False,False,1.5047516294660341,0.5308162948357972,-0.4365349337260001,-0.008135864034509634,0.39366411613642394,2.1761300902554317,15.869527639431807
4242,818,-747.7000122070312,,False,False,0.806991727686298,0.7365453661682182,2.5338309305512277,-0.8176665861693131,-0.9714202158517515,-3.5127081668649107,16.622442146975455
4242,819,-768.0999755859375,,True,False,2.453023901115843,-0.42092298085422974,-2.318334933897343,-0.563332461465986,-3.0655042166651105,-1.6169451135731094,14.458421668896722
4242,820,-768.2999877929688,,False,False,0.4882892105074571,-0.8689195266461968,0.7702952796202661,1.5625118691154263,-1.0396527385273604,0.1350978087194742,16.004835867536293
4242,821,-774.0,,False,False,-1.6777613443874135,0.2534841353563937,1.725871293961953,-0.9913019159302137,-0.3808669759701867,-1.7011454734295766,16.15603410947773
4242,822,-765.2000122070312,,False,False,-0.8737355212253648,1.197289960966063,-3.609100838936577,1.4973693994194004,1.2366970917462003,-0.1878488576686753,13.061677295263056
4242,823,-763.9000244140625,,False,False,-1.8617394464866686,0.5695952915195762,-2.1170674021428866,0.2744591100189287,-2.417963014762578,0.003691747923965923,14.781541894212738
4242,824,-764.9000244140625,,False,False,-1.210403148222071,2.320555959971969,1.3242807348957997,2.117861012318338,-0.28648748083621317,1.3520371107516898,16.43462324947545
4242,825,-761.5999755859375,,False,False,-1.7380523707643627,0.5521418571525136,-2.5648020340085877,-0.06487275148043599,0.8145791796715757,-2.1869282881870364,14.562635657625622
4242,826,-752.2000122070312,,True,False,-1.575856439504883,0.7116657210957306,-0.1862869226958237,-1.1818720855963754,-0.45943854082397695,1.169045264906329,15.070428500632914
4242,827,-766.2999877929688,,False,False,-2.5240021350013704,2.4396334594094573,-1.9033973393730528,-0.8639831055152958,-0.2456120565936031,-2.5243256974471353,15.401020603749927
4242,828,-769.7999877929688,,True,False,2.272459989377572,-2.297290190902266,-0.03141401611829272,-3.2849730349987376,0.4826894342125715,1.1911454776742432,17.25471261086342
4242,829,-782.5,0.6989247311827957,True,False,0.7531759222956264,3.304323641025741,1.2601169452645482,1.0548613371082447,-3.2818109944740104,0.7548991191268998,12.48693594012435
4242,830,-759.0999755859375,,False,False,4.221858510701302,-0.2842806077461228,-2.1066954642054623,0.813071366905111,-1.4923878962873178,-2.475979673463766,14.97077476906648
4242,831,-772.2999877929688,,False,False,2.2325577494599282,0.25973347983360723,-1.1820995046716714,-1.4456032889229506,1.6672992166847487,0.9050840792669744,13.169618102021815
4242,832,-775.5,,True,False,-1.6200051373679987,-0.9490294536166783,2.6087510265477323,3.784100059789666,-0.3763923777129053,0.9074108258518988,15.702612534160625
4242,833,-775.4000244140625,,True,False,0.9676545365663731,-2.199382935859612,-1.6026457005519164,1.9640460231053283,0.516496574599371,0.4141538704526417,15.382727657510406
4242,834,-778.0999755859375,,False,False,-0.08736044033878121,-0.22676192098464415,-4.1734415507796205,1.1058870970779782,0.11040615349037734,3.4403490629364484,15.618706573453485
4242,835,-765.7000122070312,,True,False,0.07580828650026036,-0.6687988686628744,1.2486502592759914,2.2795283333426193,2.832146011565098,-0.8463392325545319,16.86538315798001
4242,836,-768.5999755859375,,False,False,-3.23359352864291,-0.14421173463009734,1.87823078216633,1.8292323759744213,-2.026995075761129,-2.0041008344527578,18.1873846151152
4242,837,-767.2999877929688,,False,False,-1.5469721062369466,0.861291375237562,0.7783571374650019,1.154918082252051,0.2005662650995517,1.8364564935483436,15.326512862585014
4242,838,-756.7999877929688,,True,False,-0.9256219600400055,-2.5004650250117524,0.8631553153242325,3.841358321221529,1.2017291264312298,0.746677609948445,17.57249464225636
4242,839,-770.2000122070312,,True,False,0.6835242772754048,-0.5286284388327429,0.9980421946294512,1.5163353574328167,0.23648372612999907,3.4071206439476116,16.476277590486617
4242,840,-751.0,,True,False,-1.0371891580194488,0.014060249606385073,3.525707794989685,-2.7537924829284206,-0.2223917173458586,-1.684968280549073,18.53167658915796
4242,841,-759.2000122070312,,False,False,-2.598208650502221,2.652826607685031,0.7621717351060731,-0.30910214024114296,0.46337274038880494,-1.659016860425756,15.83140151754266
4242,842,-757.9000244140625,,True,False,1.796669223668576,0.49616429176083887,1.1998309325183145,1.2160803824499231,-0.7895492475685952,-1.113943456654533,14.16023065332481
4242,843,-758.9000244140625,,True,False,2.3897450679727053,-3.130504242805327,-1.1484178380636367,0.7478927628593391,-2.587426306329611,3.245346185450912,14.793958544621402
4242,844,-781.0,0.6451612903225806,False,False,1.7183002383840884,0.6834101949654218,-2.5831917269925126,-1.4170408837019204,0.8770592894333025,1.5069058645763387,15.020939085810262
4242,845,-762.2000122070312,,False,False,0.7392782690015434,1.666733647051806,-1.4018954796988004,-0.2602581396390476,-1.720786282328825,1.451624662181288,11.846673667310455
4242,846,-764.2999877929688,,True,False,-1.7355284777300641,-1.8849449636570563,-3.847829437041375,2.2276497052228774,-4.807860188636426,-0.8292376701942703,17.047587027357004
4242,847,-770.0,,True,False,-1.1891060316406998,-2.257002184719213,-3.075457689495205,2.589641858707932,2.445652582193992,0.12695009762666426,16.391238839148325
4242,848,-773.0,,True,False,1.432678341046809,0.36317313481086194,-0.7408167270044117,1.697638583573679,-0.46563374024392296,0.6021851746019488,13.618656613683795
4242,849,-765.9000244140625,,False,False,-3.5759119949746236,0.009144308356218893,1.1352953575487104,-0.5720075897061448,0.23443595586415963,-0.3044272622562587,16.58219503212556
4242,850,-775.4000244140625,,False,False,0.551598946518781,-0.8886869687230922,-2.2325787317277217,0.4129771935227922,0.14188961513154405,1.3678367036166879,16.96506828210374
4242,851,-769.0999755859375,,True,False,0.632067349575034,1.157517556149549,2.2961217105428293,-0.1476015494798115,0.05675257357351035,0.6823048144522261,14.784845663016352
4242,852,-781.5999755859375,0.7580645161290323,True,False,-1.5318610782999644,-2.059595863051595,0.4114239558707825,-1.7032198538359637,-1.4480441148353618,-1.3865090759597987,16.790048001677135
4242,853,-762.0999755859375,,False,False,-3.7547276476440437,2.0981232676689423,-0.9016901581293084,3.4721301779382565,-1.558797464212547,1.1780664830026482,15.188187752032436
4242,854,-769.9000244140625,,False,False,0.7192613381851218,0.4877447105394176,-1.4593049035527514,-0.19648435594692343,-0.060356011685762,1.6043034551375335,14.247035629453013
4242,855,-758.2999877929688,,False,False,2.0671618995266847,-1.3971071213667963,1.0141906450761546,2.3986062802816126,-1.8130730811548268,-0.04157125642494887,15.169628545256787
4242,856,-770.4000244140625,,False,False,-1.3183062138627768,0.9967793918442646,0.8932676337420835,0.5108528777344519,1.732957306615674,-1.9417953737472877,19.233199682424946
4242,857,-768.4000244140625,,True,False,-2.0176236128487948,-0.49523922907350215,-0.1328397298678016,0.47889782112358936,-1.5937813217402317,1.0124312354964764,15.142040391848914
4242,858,-757.4000244140625,,True,False,4.497655339491328,1.3203310649107902,-0.761933009368847,2.1795615982829992,-0.715910995063961,0.19596976527152768,14.61422287615963
4242,859,-753.9000244140625,,True,False,0.3708336523506068,-0.5859578508297362,-4.468298596966544,-2.2407914375012488,1.0203499764497133,-1.3769376282918662,15.179984312908562
4242,860,-757.4000244140625,,False,False,-0.7284250947871033,1.9873213581078109,-2.088992334437527,-0.5762661070936178,2.3138181873857397,-0.1261349556210212,13.505733041980273
4242,861,-766.5999755859375,,True,False,-1.1468535929198744,2.2253438376356955,2.753782168763081,-1.9474305988684235,2.3185248683409156,1.672707255443132,15.549436751444688
4242,862,-779.9000244140625,0.7688172043010753,True,False,0.35365414717568605,2.208108819116897,-0.3291849483013588,-1.4631596576462655,2.4506885257176703,0.08489760361831082,13.987018107385108
4242,863,-764.5,,True,False,3.3045578850803765,-3.7979275081258455,1.0237959467419018,-2.626161821550609,0.6047498523778653,-2.4981956763500985,18.065230835965632
4242,864,-763.2000122070312,,False,False,3.381634363835954,-0.6737641107165451,2.6761531532057994,-3.13193377170279,-0.10700069020703162,1.014176140709942,15.268336411846636
4242,865,-769.2999877929688,,False,False,1.1744687312168989,-0.6641319684797766,-0.03158137035407647,-0.14359837612942356,1.0877518714996066,-3.5696998831669284,16.17997595182848
4242,866,-768.0,,True,False,-0.5000011990246978,1.998674826251328,-2.347939668129116,2.226648724027562,-2.37681402043414,-1.343790756916652,14.860270415684385
4242,867,-761.9000244140625,,True,False,1.3093777015972357,-1.4455900202025498,0.5485232842757746,-0.24926810927598725,-0.30116655879317333,-1.4510111883352026,14.45710266203476
4242,868,-783.2000122070312,0.7903225806451613,False,False,-0.25491318715615063,-1.5590102057314044,0.5840132102674724,0.4272260630587594,2.2486359768877238,-0.5237343541076831,16.79852987690791
4242,869,-759.4000244140625,,False,False,0.041135348364068354,-1.9180017862543497,-0.8124331366070233,2.396762442913215,0.7654179385194912,-0.13104974817928927,16.58323109144602
4242,870,-786.5999755859375,0.8440860215053764,False,True,-1.9918857816157574,-1.0523449931406532,0.26341923560836245,-3.5122590443010404,-4.6493041166979685,1.3275131102071775,16.553043301479278
4242,871,-778.5,,True,False,-0.9175675670831115,0.8242269088960013,-1.212214011315118,1.8268126043405652,-1.1681308636863668,-0.5881696570569677,16.116112422381065
4242,872,-763.9000244140625,,False,False,-0.9879912892875014,0.5649910555099729,-1.8397093188879798,-0.9995479675435457,0.4894103142686175,-1.2457948272807606,16.075926944440923
4242,873,-766.0999755859375,,True,False,-1.3013562158464527,-4.0253317682846,-1.9469446977307614,2.943900240812148,-1.428111129822522,-1.712152066310972,15.923159809340431
4242,874,-742.5,,False,False,1.7056764482527864,-0.9253226645530583,-0.8479651432938254,-0.32350459942405096,0.6939851183065807,0.5447898803593632,14.842046185738921
4242,875,-756.7000122070312,,False,False,0.13348676314590172,0.7213296154303334,-1.8993161440681359,-0.3617853534718765,-2.9890652432480613,1.6257275483471099,13.859026359332924
4242,876,-774.5999755859375,,True,False,-2.123993204088339,2.53749768320343,1.937307362381639,2.507790824352457,1.181290556933797,0.24332786984735275,17.194301977402944
4242,877,-756.5,,True,False,0.023522659110690573,-1.5490865656689619,2.824766904037876,-1.1948861190378437,-2.549395042551648,3.4052978010126815,17.34044372825703
4242,878,-774.5999755859375,,False,False,-1.9731797843777892,2.322506246693165,2.8834157467058903,-0.5858808771703085,-5.04963059597946,-0.3447151813624855,16.541778832055154
4242,879,-769.0999755859375,,False,False,-2.738263456424195,1.576558000624002,0.1197923818852936,0.45226932783567797,2.673256397304113,-0.7726636935707716,16.711034219987333
4242,880,-767.9000244140625,,True,False,-1.232162372797055,-0.3792072530762106,0.8123243301064452,3.0436449292825865,-0.7815903076969545,-1.1373871603930445,15.577021460692611
4242,881,-759.2000122070312,,True,False,-0.2967681765544966,2.9898000006267647,0.15955112098014174,-0.4991066554757357,-0.4767906248155842,0.44156201647647936,13.463798816184363
4242,882,-758.0,,False,False,0.7222912457889571,-0.7958333485668373,-0.009175437819382404,1.2869390174105653,-1.5705777886182697,-0.41454312063958343,16.021435700987986
4242,883,-768.7999877929688,,False,False,-1.0431772017859982,1.144928301382879,-0.02907605491025359,-0.5314243776981955,1.8633855479309176,-1.0819694538643614,13.606580127353624
4242,884,-763.5999755859375,,False,False,0.8817474868790123,4.109396213636044,-2.026245704802534,-1.6128063924881506,-3.1060237023222763,0.0365596781460132,13.249833181474576
4242,885,-763.5,,False,False,-0.7802152050237546,2.846713440693161,1.102367252546293,0.13058912786557716,0.49988193296186095,2.0684786121608427,14.865457110569384
4242,886,-755.7000122070312,,True,False,2.5534715521832094,-0.438233882436899,0.38699473468051065,-0.013646270578735893,0.10311618865631748,2.745280058571918,16.3728498186121
4242,887,-758.5999755859375,,False,False,0.9086341549321356,-0.20387637065679406,-0.3995876803757272,1.9786824901438147,1.597746977402107,-3.2032802876700988,15.027059094107928
4242,888,-777.5999755859375,,False,False,-3.4243975474258814,2.2459343910049676,-4.082699661200359,-0.5653260425842739,-2.686620820903042,-1.9189968484541247,14.549425646850626
4242,889,-756.5999755859375,,False,False,-1.5270644073111657,-0.6086092061036336,-1.0850152548418024,0.5502408128550264,-0.4532048350058198,-0.16709464128174836,12.55745084573526
4242,890,-770.7000122070312,,True,False,-1.0779289760359678,-1.1074395389841951,1.2450354335646343,3.7001874100666683,0.0729239821188722,1.3237821482328818,16.668999738026212
4242,891,-784.7999877929688,0.8494623655913979,True,True,-1.1139981361281899,-0.850344854004257,1.3423388520841393,0.06152748357313527,-0.40681053835028924,-0.6941908384759479,15.272259853841579
4242,892,-760.9000244140625,,True,False,-0.20903441017055052,1.9070002600795786,-0.7867248683309229,-1.4738464117729435,-2.0389295011065984,2.4760885455605792,16.796428556027365
4242,893,-766.4000244140625,,False,False,1.7855771077988838,-0.4436251883970402,-0.39155314934632907,-2.320263065958704,1.150117887462675,0.7989985253962786,14.452804278401347
4242,894,-755.2999877929688,,False,False,0.352011667753694,0.5661154676879283,1.3336602462976326,-1.642455427087851,0.5302294694106039,0.7632797757765774,13.640202428155378
4242,895,-769.2000122070312,,False,False,2.142516748002475,3.3680250943142567,1.755196370371358,0.578032495286849,-1.2566668711611164,0.6394134061937038,13.507899303294042
4242,896,-760.7000122070312,,True,False,-0.3542801976492659,1.4568212175503665,-0.5434593389089571,0.4910859760787574,1.2506748292187988,-1.5932899894066868,16.237621037127056
4242,897,-770.7000122070312,,False,False,2.4156564327725825,-2.539698293658783,-0.9084691414880258,-0.7994212553138004,-0.3900549949028909,-1.5495241989506623,14.30265875893055
4242,898,-768.5,,False,False,3.4488976296578677,1.2603067989476686,-1.2442751036942536,0.530005507796192,2.0511299913157717,-1.1278588284550508,14.153385367870388
4242,899,-771.0,,True,False,-1.1252796033548718,-0.4755687751729658,0.8732677061591887,1.9081369885220552,-1.1968221442135014,-1.2305292070853082,16.045037982818574
4242,900,-760.4000244140625,,False,False,0.4976531366805908,0.37188773827802496,-2.2835504563634728,-0.931531008991699,1.1503498173202473,-2.818116125140758,16.031501604762802
4242,901,-755.0,,False,False,-1.8365722095205685,-2.0348580761846544,1.1753376329155414,-0.33487832857037947,0.781478946044428,-0.7812819385349017,15.569389492550677
4242,902,-768.4000244140625,,False,False,0.9050240582247291,3.530492043256626,-0.6295131297981891,0.6504365010452332,-0.3624886139322983,1.4458348897831947,14.633523960870619
4242,903,-773.7999877929688,,True,False,-0.7802173409621997,-1.3783224829414544,-0.6231420926961404,-1.5301889641831574,-3.139774686303713,-0.09190415097495674,16.452792456904877
4242,904,-759.5,,True,False,-1.0767656973813413,-4.341058424768765,0.5564825991994,-1.3577695418970674,-1.0821179658741942,2.37716874966691,17.984543849718694
4242,905,-753.9000244140625,,False,False,-3.436901287595014,-1.142711945657665,2.5269543899508573,1.3259477066500436,-2.182162587512469,0.18136790105337852,18.365134743790154
4242,906,-767.2999877929688,,False,False,-0.5350218033387144,-0.34545966749997264,2.0009223673701406,-1.15994038599229,1.173205957939494,-2.96259315855086,15.584604682830339
4242,907,-755.7000122070312,,False,False,-0.9887413511401666,4.6598213578343435,1.0475545350622544,0.46984076009580045,-1.7890744916885704,-0.7611942826034,15.316310449456822
4242,908,-756.2999877929688,,True,False,1.1540358297440554,0.42169033631349556,-1.4978165627260456,-2.9320328218892864,-0.14182471486385942,-2.7721560928757407,15.468199016489178
4242,909,-771.7999877929688,,False,False,-0.002819841097784823,-2.2305178801362513,0.5043808235857699,-0.280509713513115,-3.337225510769497,2.3757023574263516,16.07004137044416
4242,910,-758.2000122070312,,False,False,-1.1496530352297512,2.2190850416803616,2.408602545794227,-0.20428065520688227,-0.43866081167864035,-1.6873030872009234,18.262116629816987
4242,911,-775.7999877929688,,False,False,0.8803808888957076,2.2378050753342875,-1.5187873793147102,-1.3609934734066649,-1.466557096568227,1.7820792867871278,14.930980144398637
4242,912,-774.9000244140625,,True,False,-1.6623426063516897,0.24647848419106855,1.580524283427058,1.2598885085466995,-0.7895166474979871,-1.104868337414562,14.773522360271132
4242,913,-757.0999755859375,,False,False,1.206694697560344,1.2615124620957712,-0.4862879883047633,2.4742358453389963,-2.7285673141549993,-2.320773095002939,16.999728769754814
4242,914,-771.7000122070312,,False,False,-3.5268058995944127,-4.544103353820074,-0.5954007257495018,0.625039321841252,-1.145848670331951,0.08023516351140954,16.729527156828254
4242,915,-763.7999877929688,,False,False,-2.395237868499128,-4.755913922845841,0.9369913862994176,-0.44747258635960774,0.635765925483041,-0.274597624278742,18.54040552095845
4242,916,-760.0999755859375,,False,False,-3.030825657155198,-1.8440552460743216,1.9766986149042436,2.0338723214438854,-2.492374418238274,0.5826688291108573,17.039322142387615
4242,917,-751.0999755859375,,True,False,-0.1256564077406067,1.7598567584899578,-0.925407224395511,1.5180596483397422,-0.5181677274624021,-2.673752655920225,15.873776352746855
4242,918,-761.2000122070312,,True,False,-1.4453902673770684,2.3574036743459432,-0.5908374186584918,-1.5873337584844396,0.41823089754365245,-0.49122676793390474,15.419311330037699
4242,919,-758.2000122070312,,True,False,1.7426419228796144,-1.217229027430061,-2.834626201162635,2.682898530308174,-0.22648032797375034,-2.6716291694694076,14.354258944618843
4242,920,-756.5999755859375,,True,False,0.007115485560245461,0.9399725394301719,-1.9612471833728495,-1.5384593414244105,1.5074210332014524,1.66144203050308,16.134288310196993
4242,921,-761.9000244140625,,False,False,0.7949739585528328,-2.1521461379544067,0.6870888743411269,-3.5172336508543354,0.9157405016236396,-0.26943612023444163,17.970439270750905
4242,922,-757.5999755859375,,False,False,-0.01720928796509199,-2.471450476551739,-1.1164780419463205,0.5067372167397086,-0.725023947176721,-1.4830800783780158,16.186180508076284
4242,923,-759.5999755859375,,False,False,0.8031772291921171,-1.8390425787884008,0.2210216990668309,-0.6878886785972145,-1.0490230979302677,-2.6183303757112335,16.098044426592597
4242,924,-754.9000244140625,,True,False,-2.7805691848346075,-2.224637362645524,0.3607277480376459,0.3742642934990548,-0.648925701593655,-3.1476364663025898,16.140889802894876
4242,925,-778.9000244140625,,False,False,-0.8908849228403352,-1.3960345391480309,-1.3059843856922144,-1.0889971387445094,0.18273555801455232,0.23331733542398633,15.132440520344153
4242,926,-768.5,,False,False,0.8131637465239853,-0.14322138919906038,4.062479129405368,0.2836188137843535,0.6028807315820534,-0.2217105551601988,15.315129925498576
4242,927,-747.5999755859375,,False,False,-2.986989256377607,-2.6085822768517017,-2.567975710627469,1.467930759061786,2.4808262258763496,1.3518983696878006,15.24008331849548
4242,928,-758.0,,True,False,-0.9075563707188542,-0.7773009453127963,1.9121340727391327,1.4620250801499104,0.5510240043069723,1.678825107716998,16.69319420593668
4242,929,-775.4000244140625,,False,False,0.9121576455121616,0.8854133388343559,0.4693405555596559,0.9587750008181395,-1.4950023753865405,2.4055742948534493,12.731498300077666
4242,930,-760.2000122070312,,True,False,1.887170204727344,0.5623085062690772,-0.1623137661360396,-0.5203737033257821,0.643003612783448,-0.13867940883034388,13.799025629916644
4242,931,-767.2999877929688,,True,False,1.9636518288751477,-1.1218252807684124,-2.7266175340989025,-2.1936000134167983,0.4673488937878725,-0.018044712771723693,13.860478699404922
4242,932,-775.7000122070312,,False,False,1.941097425777566,0.1652105082137457,-1.785715377830362,-4.463301957453134,-2.4211768604985235,-1.1459336591903757,14.104150083216604
4242,933,-764.2000122070312,,True,False,-2.54860411966195,0.8200178334620679,-1.6706415441762847,-1.8983914708685101,0.5670520295547732,2.1849653578912225,15.365426825765027
4242,934,-753.5,,False,False,1.7375186333193824,-0.7421979675446453,0.9003424334864917,1.7254482147711068,1.7436366930038067,-2.7404035630971246,16.005004454953177
4242,935,-769.7999877929688,,True,False,1.9316882328443143,-0.8341318514754376,1.8200337030548437,-1.518923687461301,-1.513130939354464,-1.2834117882840317,15.72766373682876
4242,936,-784.0999755859375,0.6935483870967742,True,False,-1.5565063829935502,1.7671626117606307,1.4465570009613722,-0.4983016794717937,-0.37065219228446905,2.1789976199116463,14.774482074069653
4242,937,-759.2000122070312,,False,False,1.0493869969315828,1.431146508591039,-2.54389509910952,0.9187586284423821,-1.5950255352032225,1.9279361597013793,13.239519971618142
4242,938,-771.7999877929688,,False,False,-2.400994460632073,3.1586438218225026,-1.2632465118351017,-0.5205915357050347,-0.5533742314999408,0.5573710534943842,16.044850591794653
4242,939,-753.9000244140625,,False,False,-1.4829282354741418,0.819208230571491,1.4340212534786503,5.703029070119989,2.970220094576116,-0.9887123840695923,16.381819301369344
4242,940,-768.2999877929688,,False,False,-0.030653116114719096,-0.2965042518313683,3.149011860047338,-0.7389079862983473,1.1573079422172312,0.37703282423249795,17.33431780911952
4242,941,-766.9000244140625,,False,False,2.601936962579166,0.7390345769833053,-0.21169852525829022,-1.614585097179973,-1.4951119486669244,1.4913210792423925,12.165782075313782
4242,942,-769.7000122070312,,False,False,-0.8454571289555532,0.9786655958404598,-1.635517709332505,-0.5462816049864411,-0.16334079212719804,-0.4642442789472579,14.832354544619063
4242,943,-766.0999755859375,,False,False,0.4684157889917179,1.2903980135899826,2.6616438526184427,2.703573005836023,-2.1667850278547403,-0.8640086616992562,16.00804383119437
4242,944,-765.4000244140625,,False,False,3.5626081916990615,2.611588526530699,-0.44902132151058416,-0.8782800041776679,0.5811447103011024,0.8504767853922316,14.870883153506092
4242,945,-773.7000122070312,,True,False,3.4734836435799696,-3.577597609397116,-1.529271439916499,1.0498487718174674,-0.07031419946400254,2.4995333717019466,16.261892023194505
4242,946,-755.7999877929688,,False,False,0.6000805607420873,-0.06006591182633916,0.4840789640060594,1.0036205541386423,1.4085426574028936,-1.8130574995335653,15.15578217799065
4242,947,-754.2999877929688,,False,False,2.5705689579065014,-0.7718494601495294,-0.4998710137037834,2.121379421049012,-3.224086510740643,-1.143373704131034,15.723752182196945
4242,948,-765.7999877929688,,False,False,0.29333415376322136,-1.3194438077140533,-1.2705912217375264,1.5690582055926694,-2.610051887371539,-0.1583529993354203,14.429814581471378
4242,949,-771.0999755859375,,True,False,-2.4221471356624558,2.449072317811402,-0.6404722548924666,-2.3235750044746433,0.5577362378542894,1.9468202767699359,15.577408331876104
4242,950,-769.7999877929688,,False,False,0.6682727800808821,1.3358619487157495,2.9339725264098435,-0.12824780584780107,0.1918110631690026,-1.368796897182974,15.991750000922657
4242,951,-762.4000244140625,,False,False,-2.5211317116342435,1.1164312991236776,0.7669657628952761,-0.0348643325451939,1.0608106110057776,-1.5554851650085766,15.0749757869374
4242,952,-761.0999755859375,,True,False,3.393684231123976,2.165803343940591,-0.0856136471610228,1.4937312920211556,0.686232159379467,-0.0915760107248075,13.846238790453027
4242,953,-761.4000244140625,,True,False,-2.2174544706199524,-0.12296160787583685,-0.5478110072528897,-1.4866883764515804,3.194300467768145,1.7164323102469554,15.320808196038692
4242,954,-769.2999877929688,,False,False,2.0555613365034175,2.450015358141107,-1.7656512395369548,-2.650322664716113,0.5993379742372059,2.497231835506156,16.495933711282444
4242,955,-756.0,,True,False,-0.7543248379656519,-0.19842684361389307,3.140694439673107,-2.1048513244257387,-1.1250708233375932,-1.790011641356689,17.551175266618884
4242,956,-760.2999877929688,,False,False,2.937532038837734,-2.127402656770472,3.2630456883947536,3.71859914401584,0.7094668918005823,-0.7947035755720573,17.727194103704562
4242,957,-751.9000244140625,,True,False,1.6237078946021113,0.955223377696756,-0.18679226813608618,-2.133294906818019,0.8451687372994082,1.429314325692406,18.09331536585097
4242,958,-762.7000122070312,,False,False,-0.7027888882704265,-2.591611775328181,-0.5792373233737094,0.6312909821921218,0.4474289625656432,0.46825095111340176,16.30329163252287
4242,959,-777.5,,True,False,-0.6879611516734622,1.3850497431301811,0.29999735607976813,1.9697916573665162,-0.5780674664058689,-2.2416111841320467,16.477981487387947
4242,960,-755.4000244140625,,False,False,3.5860436437060317,1.6951273801181843,1.717166701568775,-0.2871903345545401,0.06111232888609619,-3.0070120937599993,15.229499307077806
4242,961,-765.5999755859375,,True,False,1.0208496265210296,-3.7762418289877044,0.18394215955550708,-3.861375121292446,-2.28547870215059,-1.8611383418335523,17.470950946761178
4242,962,-748.9000244140625,,False,False,-0.2152373382488064,1.4129855445293908,2.0012351448967545,0.7026073768011216,-1.3381718028801515,1.2157327097546562,16.747880905361768
4242,963,-758.2999877929688,,False,False,-0.5028701666109521,0.8996956410757798,4.828029654103332e-05,-0.9752474904816013,1.468587960443682,-0.8586959127994611,13.935815401074114
4242,964,-785.4000244140625,0.7096774193548387,False,False,1.5040936287650084,0.7436087042172881,-0.19514809666217192,-0.4357424709600273,-1.9767586022581844,-0.9259359739188163,13.373619012635032
4242,965,-771.4000244140625,,True,False,0.9064346113742945,1.8006005223441806,6.81672381905966,-1.8830403765673436,-0.05737845434402445,1.991486705453656,18.614863816143473
4242,966,-764.2000122070312,,False,False,-1.4475717667274728,-0.8100132186226858,-1.127253967890452,-2.3907799999521013,-0.41248207559505673,0.4354407414413294,15.035122546695257
4242,967,-763.7000122070312,,True,False,4.574331278391927,-3.139542738049885,-0.5950729007938292,-3.3527079714472228,-0.5320801074075135,0.9420634198421632,16.21018649449283
4242,968,-785.0999755859375,0.7795698924731183,True,False,2.166687018999033,-0.9041437784677484,-2.708328403734051,-0.7329405724838698,1.4890725224311814,4.273113403934929,14.369896322679631
4242,969,-742.0999755859375,,False,False,0.10370146166694702,-2.659557946584214,-0.46692834655608556,0.8846272257727497,-2.700854683919672,0.3452968718064503,16.75267790725523
4242,970,-771.4000244140625,,False,False,-3.866024643654473,-3.239342352304378,-1.2575289140467858,-0.04373383781410875,-1.3001217774198768,-0.31405352733358904,18.135820729630712
4242,971,-774.2999877929688,,False,False,9.231240288426303,1.9052485117320113,1.5025806207521966,1.2592432598667416,-1.52896343222908,-0.659440384712611,15.191842149303403
4242,972,-769.5999755859375,,False,False,1.335816710264046,0.20683483731520233,0.30257510491733414,-0.265984310800896,1.6113059929640654,0.9617322040247146,15.949447845022295
4242,973,-779.2000122070312,,False,False,-0.8097887718990943,-1.2942182390043708,-1.252278596554947,0.7296817047937282,-4.782582072149956,0.7033308746313472,17.16664628741534
4242,974,-766.2000122070312,,True,False,-1.5587820224140503,2.162622779799264,-0.9434361069122402,-1.41082499120405,2.407308970039779,-0.12367389343324496,15.270868314637983
4242,975,-769.5999755859375,,False,False,1.2614204723719837,-2.900260257391792,-1.0845797208668422,-2.7409961098292546,0.5177208420270912,-0.4585818633506807,14.487762647590321
4242,976,-773.2999877929688,,False,False,4.303763020095627,-1.1983264127186213,0.41106896709047747,-0.5083009104088908,-0.6875219006393086,3.1482519051245728,13.842025101044255
4242,977,-764.5,,False,False,-2.5433272800905313,1.3413974946468357,1.419535189134379,0.7519027201878964,0.2228895223308384,-0.6825878044354048,15.59487428346532
4242,978,-751.2999877929688,,False,False,-1.2540443299221045,-0.01749401164983603,-1.7897400249210007,-0.7826157235787751,3.069321927561275,-2.3467922538932053,16.76216061113881
4242,979,-762.7999877929688,,False,False,-0.3323388490255119,0.0799549446203335,0.3875758224378506,-0.9659191400255106,0.45714998883659874,0.22065725867643501,15.367990226220645
4242,980,-778.5999755859375,,False,False,-5.206419707884251,0.21443642515610808,-0.7673300910893004,-1.8759948485425768,-1.4548296565618537,-0.006219042500993662,17.2863521583937
4242,981,-754.7000122070312,,True,False,-0.7416967164770065,0.8908510567650675,0.7425473036885106,1.0439665812151884,0.9150872664105649,-0.514842882627086,14.757178602225643
4242,982,-770.0999755859375,,False,False,1.7784662033860192,-0.41924455347719886,0.4352317791767411,-0.20645075977935487,-1.2997323132901006,-0.5910620858263075,13.901699383276716
4242,983,-754.7000122070312,,False,False,0.4440098848785805,4.751458211422255,0.9460036918720351,0.5433788162554811,2.412237186232444,-0.07166668322954642,14.830386022855992
4242,984,-764.0,,False,False,-0.1139015821895211,3.730847725380717,0.8991833486601352,1.421914502677214,-0.26073229633399203,2.900526058741999,14.574104661733566
4242,985,-761.9000244140625,,False,False,-1.9891271094301708,0.23384317569286087,-0.588017256816733,-2.4395271389665196,-0.9349296298083289,3.9543521286645493,15.918823844182372
4242,986,-766.5,,False,False,-1.0665000648369412,1.719813697090369,0.6557888810827847,1.382992820208229,-2.654140932361542,-0.5789125684911921,12.734290794295449
4242,987,-759.5,,False,False,0.1040569342251679,-2.135938543829648,-3.037240013763855,0.1413569028801302,3.157091250683929,-0.6110148918952801,15.346182935253339
4242,988,-768.7000122070312,,True,False,-1.8969463759266183,0.7868844773781516,-0.7280395967194109,-1.2094968488024238,1.8452966250718843,-1.1182520563570602,14.932672343129946
4242,989,-764.5999755859375,,False,False,4.469087997953408,0.9159498210102482,-1.3235835158654818,-1.163261396111381,1.828319404174733,1.8173542428067793,14.959681778387955
4242,990,-778.0,,True,False,1.2443798647172277,1.5453337117907875,-1.3217743361949696,-0.690510157483405,-4.167557029637652,-1.785562236771901,14.69413792898695
4242,991,-779.2000122070312,,False,False,-0.45327905558577636,1.3536486122788114,-0.3472295729596465,2.281785874510057,0.36590970673442286,-2.0911251719862345,13.981374086080898
4242,992,-775.2999877929688,,False,False,-2.028439615670483,-0.45659406873535247,2.009946837128161,-0.1642958238633072,0.6906337201959653,0.26338525636871185,15.179278740047371
4242,993,-758.0,,False,False,0.8030348472835046,-0.4484078457547831,1.513695965182723,4.690291034837157,-1.6009223820247598,1.5419179862314565,13.985985084152999
4242,994,-766.5999755859375,,False,False,-1.8719508913517544,0.08194836869354934,0.12147791961702308,1.177547574350658,0.2079420569535649,1.3250510950378676,15.014743637451184
4242,995,-759.7000122070312,,False,False,-1.379493404025069,-3.337047892651594,1.91328115217783,3.724771401023641,0.08698071997562463,-2.9187008735346853,17.893710565654924
4242,996,-752.7000122070312,,False,False,-2.2146339251688074,0.6189898224212221,-2.647992671546375,-2.4387536377618853,-0.1602575961257266,-3.2137497150522587,16.12903783822879
4242,997,-760.2999877929688,,False,False,-0.1865831641461112,-0.502362425234688,-0.3379809369533262,-2.395886046485199,-1.4746886281286578,-3.1352565132479255,13.553372866671276
4242,998,-797.7000122070312,0.7688172043010753,False,False,2.0789667875301214,-1.37422177989227,-0.8132512664941953,-1.3202515956572352,1.5056006386826766,-0.7228305567669444,14.039841843399195
4242,999,-766.5999755859375,,False,False,3.6073405747404714,-0.8599151258600833,0.9074683113296714,2.2776351819908105,-1.2846254533601609,0.39534847995924255,15.720118826730312
4242,1000,-775.5,,False,False,-1.481292468231711,-1.2360102529322472,2.0815025804677973,-0.42627594404045893,2.9364608747350327,-1.9160790721715633,18.42602351729435
4242,1001,-771.2999877929688,,False,False,1.0581808224025135,0.4963899958675167,-0.7024887059822368,-0.9951142922977754,1.647228606415459,2.996987877343167,14.852750101091678
4242,1002,-746.9000244140625,,False,False,-0.25555797009252074,2.483469672819864,-2.435450334686265,-2.392923807052901,-2.4613547694455993,0.11248759101111529,15.083610255180895
4242,1003,-768.4000244140625,,True,False,-0.9963542746006161,-1.479014736500123,0.3343466773957861,-0.6008949684819508,0.44888109606018933,0.7376334451064175,16.009759864302623
4242,1004,-788.0999755859375,0.5752688172043011,False,False,-0.3896213978477007,-0.8909944726028427,-1.3831339239173404,-0.7872287709728019,-1.6899440711371554,-0.9082696469434117,16.24233216075184
4242,1005,-770.9000244140625,,True,False,-1.348401092955886,-0.9117712036810128,0.2640929819677127,0.6843553153720506,-1.9055566774315567,0.4574130314322488,15.957085767572682
4242,1006,-772.7999877929688,,False,False,1.1005480982711802,3.9110650660946935,-1.3754037638575631,0.34456752610946106,0.46176156450966116,0.784438899861465,14.110633704446137
4242,1007,-774.7999877929688,,True,False,1.8678475129087122,0.20108974040766506,1.500517453716547,-2.5879851727558356,2.154669193777233,1.7746857352789271,14.8474994244704
4242,1008,-769.5999755859375,,False,False,1.0659843156750595,5.33284157030219,-2.5934217084858284,0.18744618733492013,-0.2991851890958197,-0.3824848521795631,12.398112601353814
4242,1009,-765.0999755859375,,True,False,-3.9728727208638803,-1.6143659178037895,-0.7315611296851624,0.6585078775991761,-3.582134697774506,-3.7602134412746047,17.012333550775192
4242,1010,-755.9000244140625,,False,False,2.666285591732904,2.306602726691025,0.3218073911334767,-0.414482265435667,-0.9006059519548728,-1.4605911990545593,14.986065624678924
4242,1011,-752.0,,True,False,-2.458475961029688,0.380217900129203,0.6130181756209813,0.5874123931458998,2.2770842243352614,0.2484281212795164,16.570433145167023
4242,1012,-749.7000122070312,,False,False,0.9654085055867526,-1.0172707750018959,3.954760497892804,5.040958086261295,2.758385063301608,-1.5913488910866527,17.87033127259818
4242,1013,-759.4000244140625,,False,False,-0.3372608715150268,-2.645602426787282,0.03566221324533276,0.8082812084021916,-0.6568152488758056,-2.574636653772702,18.57686808160644
4242,1014,-748.5,,False,False,1.0694779916542116,0.8471132184025933,0.21634209093152248,-0.8657188523606024,1.05597852063934,0.3766848687942847,14.944666899301932
4242,1015,-769.2000122070312,,False,False,-1.0746208477745123,0.03156758458688263,1.107614399006791,-0.8965867907143892,-0.03473925336903846,1.700669516298123,17.08239550606114
4242,1016,-750.2000122070312,,False,False,0.37022747596070826,1.9989149822814036,-2.810755580476752,-2.3646810447969258,1.6865443417977202,0.73777981415145,15.589489311392857
4242,1017,-780.9000244140625,0.7741935483870968,True,False,-0.39854390471350426,1.5858382189256943,-1.882858497045919,-1.7871720947475107,0.9861860238957437,2.1383530892292857,15.274083878087781
4242,1018,-760.0,,False,False,1.846431702335948,2.614351251798864,-1.3561740521103873,3.2322471588665143,-0.9607412659811384,0.5273629624495015,14.625304668797641
4242,1019,-757.2000122070312,,False,False,-2.7997114827846157,-0.5799196402660538,-2.109281015027808,-1.4573408950036424,-1.0605338624431542,3.4722225793753294,15.36184946844412
4242,1020,-792.5,0.7903225806451613,True,False,-2.7192452143255443,0.8771366144795282,0.8020399602938594,-0.8680592359770775,-1.5985917879821825,-1.3415895565227096,15.729139764013656
4242,1021,-765.5999755859375,,False,False,2.28637620793378,-1.3674217209259871,-0.6179528426489171,-0.27632267562086243,1.3196659736091059,1.2324731540318439,16.652581101499578
4242,1022,-776.5,,False,False,3.029269661435101,1.9434548478894786,0.02460739352736094,-2.5343968926665474,-2.2199150554154214,0.8047351327672572,15.223652186109735
4242,1023,-752.9000244140625,,False,False,2.9428926730297125,-1.753649756314245,2.279304955787201,2.087269426398559,0.17651494816047292,1.700797768148461,15.945687523202498
4242,1024,-760.5,,False,False,-2.5338031075496033,-0.6073603757883631,-1.6305366915376789,2.5771350540928104,0.19530869760037523,-1.8137870077832372,16.48664842389126
4242,1025,-765.2999877929688,,False,False,0.20422341521637988,0.038630153066399275,-0.9287560596477671,-2.1455245484458283,-1.6481474675381282,1.6607166523263097,13.57110956562944
4242,1026,-771.7999877929688,,False,False,0.7208725329699589,-0.7423261622417913,-1.197274302402498,-1.4354332007843496,0.6628999635632641,0.01414213509819907,14.091475252441766
4242,1027,-757.9000244140625,,True,False,0.09565350131279195,2.1879490828794914,0.017434224273673603,1.5175326977049377,1.8619593768061076,1.3511073078264713,13.70799258391968
4242,1028,-747.4000244140625,,True,False,-2.7598619849763955,-0.03291835195680534,3.1777251818733574,0.5762302812850367,-0.07095681413038277,2.9144049107278778,18.39459293917311
4242,1029,-761.5999755859375,,False,False,1.29813201440125,-0.594756809615037,0.13172754237582257,0.22685400579733722,0.3884696858375167,-0.2978216949803866,14.975876021712292
4242,1030,-762.0999755859375,,False,False,0.7265057978419103,1.9927056844076547,-0.11423151366755357,3.407421650044912,1.5133455793896964,-0.2976168594018702,14.501038714978442
4242,1031,-758.7999877929688,,True,False,0.047843213155099394,-4.157619885814474,2.631211336447941,-2.360514798930174,-2.05467941475752,-0.2227646815595392,17.749660585681937
4242,1032,-752.5,,True,False,-0.23982528347923787,0.1584131708877247,1.393953857375933,-4.0963899707025835,0.2369506553923115,0.4271972812643783,17.313926390080248
4242,1033,-768.4000244140625,,True,False,1.4512110528602824,-1.5197339271558044,-0.14346107897676552,1.4585025636212028,-0.6003287281005948,-2.415808209864723,16.358592333781544
4242,1034,-759.2000122070312,,True,False,2.0644481915605035,1.2862604246440799,0.426760574914773,0.861537447514947,1.600794034128604,1.1754636875715168,15.427680404893632
4242,1035,-772.9000244140625,,False,False,-0.976368167999995,-1.6497688464123665,-1.0797081508352593,2.802403048708019,0.586203300080488,-1.4750183465750042,16.174503298622533
4242,1036,-762.0999755859375,,False,False,0.026709501708082707,-0.5950448964123193,-5.148017605876747,1.7584910339442028,0.8694612888160452,-2.4236038586968074,16.150708058658836
4242,1037,-763.2999877929688,,False,False,-1.9999725497964327,1.2775686767628993,1.6598867231233307,0.7288475299625353,1.2744093781428534,0.031203152386107363,16.46195640124264
4242,1038,-758.0,,True,False,0.2546099973844357,-0.7700364053515732,-1.6623310481682347,-0.7346058937044707,0.5324259615190101,0.3540788116410223,14.666122473830645
4242,1039,-768.7000122070312,,False,False,2.0384506028639926,1.9664093177022017,1.5390095340146088,0.8732790468457852,1.4556520697058335,0.22982144753957226,15.948478030482292
4242,1040,-749.5999755859375,,True,False,-2.338877074082502,1.4825971262963602,2.451666160409731,-0.8973857897309384,-1.1945853302567557,0.4181918746988782,16.00355198328091
4242,1041,-766.7000122070312,,True,False,0.28180727110098175,-1.9623674539621088,-1.1699724836432779,-0.7582026198694107,1.4969263359913458,1.6375998624528725,15.740768602772222
4242,1042,-761.7999877929688,,False,False,3.324452869996894,1.4068425704753673,0.1361104413911975,1.7548793872955044,-1.4909224207575371,-0.7771852582408398,13.295091361349426
4242,1043,-763.4000244140625,,True,False,-2.1092780243264344,-0.034745977770106,-1.1059075269313512,-0.6527143899412476,-4.12851131160623,0.9063804759732922,14.718133227576331
4242,1044,-755.2000122070312,,False,False,-0.0980539722621757,3.654839326075394,0.35034459020484154,-2.019202150462397,1.444818364157623,1.3971908276154166,14.860310605163148
4242,1045,-761.0,,False,False,1.9510792476999492,-1.1296823716160125,0.8851461098281234,-0.11169781538013024,-0.8878807495821531,0.6932577244416525,15.525702418533484
4242,1046,-772.0,,False,False,-2.0975374247352336,0.6492878655513118,-0.9018162279795516,2.122100430944509,-1.7827647223016543,-0.2237662556043826,12.100452803886371
4242,1047,-772.5999755859375,,True,False,-0.04004392751923363,-2.7807574135099284,-0.02029183327992666,-2.121861471997802,1.4253312667460183,1.255992913587765,18.15591261911941
4242,1048,-770.5999755859375,,True,False,-2.005810141297118,-0.46934973061034957,-2.0950424070119635,-0.03908014256486226,-1.1212911124047646,-0.7995691324077271,14.441697785816736
4242,1049,-758.5,,False,False,-1.8276069015375545,3.8696360028444894,0.8469927725854008,1.2239260370300238,-1.46862370823168,-1.2527508760818336,15.60216468986144
4242,1050,-771.0999755859375,,False,False,1.0298659554783538,-2.4046504097126253,1.292922235081118,-3.0721033842024834,-0.9465623855100133,3.5076186927889683,17.632149682280886
4242,1051,-777.2999877929688,,True,False,-1.0202544542989491,1.1510188619263282,2.034265360414933,1.2187056030315297,-3.136736080894941,-2.11312473314757,14.50162987357636
4242,1052,-774.5,,False,False,-3.2377362783770334,0.6672334639367925,4.2067238877367314,0.3853224226568671,0.08765153077029321,3.9621370710825414,18.21044469896321
4242,1053,-766.7000122070312,,True,False,-1.3263633051475832,0.0966083469132238,-4.836675922703628,-1.8037925450913819,-1.243152093695106,0.9643758577504165,14.365055859501595
4242,1054,-777.5,,False,False,-1.430527175573518,2.404798747076897,-0.808487994619706,-0.7191583081087494,1.0801889979054742,-0.7118115487415071,18.90222092043174
4242,1055,-758.7999877929688,,False,False,-1.0782219586951467,2.534465953048963,0.2541648321675504,0.04338652702923741,1.3930378423010263,-0.8949249913790841,15.226837259762107
4242,1056,-767.0,,True,False,1.1123597266350604,-0.6939599291784392,3.2011052074536566,-0.7366493061810566,-1.6083478437879122,-0.9883598509634917,16.254883057956715
4242,1057,-759.4000244140625,,True,False,4.082562750300307,-0.9358566477392359,-0.016191572337971045,0.8410409495591653,-1.5445175013608217,-0.7471238477185915,15.257032923108849
4242,1058,-757.5999755859375,,False,False,0.37569745749756195,2.707163231774326,-1.9385183552442447,1.251350295836586,1.6673009338360083,-1.2480936352833318,13.940392241110839
4242,1059,-754.0,,True,False,-0.24666941289921823,-1.2596128150560233,0.0044925271028997925,1.8399048741426653,1.1471614428321515,2.443149121098872,14.92777480119916
4242,1060,-760.9000244140625,,False,False,0.942092690678909,3.3131434284579266,1.3034169604462218,-0.9696426383135047,0.9682779671320034,-0.40097238254749057,15.318722142223484
4242,1061,-767.0999755859375,,True,False,-2.7345230762198147,-0.7696110524245391,0.6887639651335619,2.135050377429837,-0.23343576975283828,-0.4994460688474193,15.446944394890599
4242,1062,-755.9000244140625,,True,False,-0.2849725127110426,1.447430006704604,0.3943314060904603,0.07146583337531852,-3.34033470492861,-1.0552802196147961,13.232471902247811
4242,1063,-757.7000122070312,,False,False,2.492322260266106,-0.15105530338207535,5.81667588153541,0.518049041217929,-0.7749747325503938,-1.1644720273607396,15.433888101881653
4242,1064,-752.0,,False,False,-3.0322788553944093,2.327794489579591,0.038643784482729496,-0.3059735417880468,1.7257381351283916,-0.5365417902865809,15.222781568335796
4242,1065,-779.7000122070312,0.8494623655913979,True,True,0.5412190478947629,3.3783876094545335,0.7095710449443177,2.9056143329705457,-0.2742146981669181,-1.3552461397233708,12.855804589678863
4242,1066,-771.7000122070312,,False,False,-1.04392284516713,1.3148884075723146,-1.1433762327833434,1.347137499661265,1.2519715188434863,-0.5973704723632398,13.66441762014579
4242,1067,-788.2000122070312,0.6827956989247311,False,False,2.6351012166525005,-0.2947491411009892,-0.6730658127401659,-2.8854738949717174,-1.5269755901329285,1.0517164412018059,12.196811170275755
4242,1068,-746.5,,False,False,1.265458652786537,-1.5393674621361957,-2.3220358766931284,2.8330845498671215,-1.6675065733213383,0.22428588398739766,14.039139083451
4242,1069,-744.9000244140625,,True,False,1.6926889397278126,0.7790565094311696,1.1504450150971774,-0.17978814948199215,-0.6574888107030926,0.4431291160254362,16.31457068510793
4242,1070,-755.4000244140625,,False,False,0.07531048793456575,-0.6486610152114994,0.7123831853457628,2.1140965671160634,-0.6049907427627746,-2.4204778480613998,16.852676701358263
4242,1071,-763.2000122070312,,True,False,0.9110783076061392,-0.27195004026541875,-1.752366504506282,1.3569601803530822,1.5355461973014406,3.1555246080654373,14.799306863961762
4242,1072,-762.0,,True,False,4.592014987319075,-2.419719677762819,-0.34658417373961625,0.7145752225685489,-0.9462902132349594,1.0754765024783006,14.940605925068944
4242,1073,-744.0,,False,False,0.17873246165798737,0.5784245785584782,3.6622714642445824,1.9070949269105462,1.1735582881136186,-0.6915243619984882,16.165796165149228
4242,1074,-761.7000122070312,,True,False,-3.8408594221419046,1.7478027487476775,1.0397820580982284,-2.0135828683525134,-2.1900026564252335,-2.5203301437131813,17.636187816800913
4242,1075,-766.2000122070312,,True,False,3.702161409930756,1.7419812004488224,2.416083175036473,-0.06490784616925625,-1.7074544240034013,-1.1841959694190731,15.780025743954232
4242,1076,-775.0,,False,False,-0.8119508452074664,-3.956585877796673,-2.2844284789963614,0.2946943192474417,-0.15301108613015005,2.9350421461970444,18.657542184664464
4242,1077,-762.5,,False,False,-2.7805445241255256,-0.31725794805172786,5.55903684720391,1.9482288916771304,0.4670209104793898,2.713402606671104,18.72896415671582
4242,1078,-761.2000122070312,,True,False,-0.5310393986546904,-1.2564718919177253,-0.489326719094507,0.7902228105112358,0.3284042654105979,0.1432098857798809,14.726687939217742
4242,1079,-773.9000244140625,,True,False,0.5128811416180453,0.47611080927716604,3.9717002631243017,-0.5881331780429495,0.6007445886248021,0.39498472024306586,17.383423775517617
4242,1080,-765.5,,False,False,-0.4246376624286569,1.1510220103628577,2.5002908453217505,-1.5903248983158322,0.4077896079729695,-1.9352344538850046,13.69373786149808
4242,1081,-750.5999755859375,,True,False,1.6148053077196256,-2.285601328729939,2.783327852507709,-0.17337539414060518,-0.752917701261686,1.291820514023878,15.54985286433358
4242,1082,-759.9000244140625,,False,False,-2.300380780563135,-0.16994106170345527,2.29915753310507,-0.9222310873587884,-1.6943411126900647,-1.7448913235688468,16.347318503257167
4242,1083,-777.0,,True,False,-2.6989248619148127,1.9068623752575315,-1.434501925354912,-1.325928300576104,3.0174535930229807,-0.23429198892438174,13.988704248211226
4242,1084,-756.7999877929688,,True,False,0.1514105681520127,1.8668647684974276,-0.507068884729968,-0.3289441906805819,-3.320262769028469,0.4280587328412939,12.639537051720042
4242,1085,-762.9000244140625,,False,False,-0.3665302903948563,-0.8565696084887012,-1.5719697789346938,-1.848545367568691,1.482087014903553,1.0736789699028508,16.0477930400938
4242,1086,-763.7999877929688,,True,False,1.3408679165987154,0.6747841786877867,-1.1395134875211195,-3.475963568546071,1.055482496263371,0.275662012391288,15.3346216251846
4242,1087,-755.5999755859375,,False,False,-2.0062769933718996,1.2527924380823627,-1.7116004115455015,-0.25071333857492467,-1.532466630381955,-1.93547330073345,14.494773909196999
4242,1088,-760.5,,True,False,-1.6609254588478737,-1.466186683406292,1.3774573878182408,0.08764444867095622,-2.784519575989788,-0.15010662143022635,16.179481428427614
4242,1089,-768.9000244140625,,False,False,-1.41578064227372,1.980922503789452,1.380350432693295,-0.5400449160096407,-0.38170613562430333,0.02446005713134227,15.220218290564313
4242,1090,-772.7000122070312,,True,False,1.7521969245165046,0.09142356566545246,-1.6104941020854366,-2.0078921901803235,1.1422730720065013,1.339886791263389,14.128040721545416
4242,1091,-785.5,0.7150537634408602,False,False,-0.8524839832535452,-0.267854838957627,0.7646492124274111,-0.05277280501029818,-3.0665642281112415,0.32368362027403824,16.193376913847292
4242,1092,-762.7999877929688,,True,False,1.0803476004625545,-0.6208775592041467,-0.034471864984604306,-0.9967212842905282,1.2160545567202374,-0.23461558273435176,14.192285861893556
4242,1093,-766.4000244140625,,False,False,-0.9768611928519669,0.7660053118645319,1.6063442551281844,0.1192680152411177,0.7185816093498512,-2.679179295850996,18.791775409369855
4242,1094,-758.7000122070312,,True,False,3.6734896991214527,-0.8640962465795177,0.4276527732244537,2.4228430874392934,-0.043348278485956106,-2.0817780637310648,15.3667160733227
4242,1095,-783.0,0.7526881720430108,False,False,2.0408427668133724,-3.426937193500191,-1.589345103610855,2.213352826638625,0.44330698143420416,2.6852897967382487,15.463851434187156
4242,1096,-778.4000244140625,,True,False,0.4233090665455153,2.213098986419292,-0.4785395295567601,0.5118126019674576,0.20561077635879751,2.662624075120551,12.773814873508934
4242,1097,-761.7000122070312,,False,False,1.9084106732636983,-1.5233334586893739,0.13651527175826128,0.08692518193830746,-2.0172303585841345,-3.4404953540096552,15.492134071662415
4242,1098,-771.7000122070312,,True,False,-0.21029640349017575,-4.37915158676268,-2.6039204379880667,2.338951401896611,-2.4637728373041625,1.2814697860259068,18.61089451186797
4242,1099,-775.9000244140625,,True,False,-1.0990197062948344,-0.7854925108216546,-0.22678916105673305,2.2784153445543773,0.9723651499763533,1.3082713166258413,15.790304149011531
4242,1100,-772.5,,False,False,1.2466790005016193,0.44528241441495325,-2.3163920624147294,0.38897211300767814,2.5943198112048913,-0.8759661184662686,13.35941311617047
4242,1101,-771.0,,False,False,1.304334476092299,-0.19084506590244407,-0.8940139870643592,-0.5524641244234825,-2.6502649416139126,2.2016214584225287,14.394247593475127
4242,1102,-774.5,,True,False,1.750480351455857,2.3304641704884825,-3.8111622394566433,0.27610793556472024,-1.136431557837914,1.9575034948812229,14.801025461160258
4242,1103,-767.5999755859375,,True,False,-0.32638356926052914,0.36561958882393975,-1.0848403256388433,0.5631263248446932,-1.1053900744019705,-1.1105292312745645,12.807234073825528
4242,1104,-761.7999877929688,,False,False,-1.1108933027913632,1.2417370806840538,1.4256396811427805,1.8629758553450593,-3.5592629237700297,-2.9006253251534035,16.372200988935198
4242,1105,-774.7000122070312,,True,False,-1.6916887756361947,1.0929069949839392,0.2563434495732815,-3.1400713197062693,-0.5779795667145562,3.873247665479478,16.063606821372773
4242,1106,-778.9000244140625,,False,False,-0.03396849064805983,-1.538335051268126,1.9650945039997343,-0.6042381945175164,1.8837006199850033,-0.21408628128204343,18.558396374271812
4242,1107,-753.7000122070312,,False,False,-0.535233323269279,-0.9705545357480028,-0.5118459436567749,-0.031397797196202046,2.933217384807591,-0.3685420507951141,16.076830985436494
4242,1108,-773.7000122070312,,False,False,0.44776357934848193,-0.88191994541808,2.76806013807022,-3.296796707738291,-0.9588363306041042,0.9326883665141776,16.932608507633
4242,1109,-749.9000244140625,,False,False,3.2552589867877213,-0.044655134976542395,2.1550800505033907,1.9015474053023251,-0.43839022144605727,-1.0588155321716344,15.286432011088229
4242,1110,-753.0,,True,False,-0.5474399418552093,0.4251692672053271,-0.7221419541449657,-0.7478258093445652,0.984839345133884,-2.1515001849073414,15.306707518385233
4242,1111,-772.9000244140625,,False,False,1.0333016643170116,2.758508166099993,0.3134127397096141,-0.4568621948090777,0.3142108322673749,-3.011555447506963,16.182988677149094
4242,1112,-777.9000244140625,,False,False,5.873428031840023,0.5045403029782405,0.701914710938595,-1.8610565513377277,2.1483138491789564,-1.309310002499539,14.516569490282762
4242,1113,-761.2000122070312,,True,False,-2.592685460964401,1.6488577788782481,-1.650175191562028,1.972633530683215,0.8998376504798756,2.6962766335864825,17.15882934301553
4242,1114,-771.0,,False,False,-0.611070566561593,0.0727674493507673,-1.3936962105179986,-0.8908510654121882,-0.012804284733953295,-2.404977826923299,16.622976807873265
4242,1115,-766.7999877929688,,False,False,2.2454358591660153,-1.194389718247655,-0.3704873683263822,-0.9623725522228789,-2.7864521587069166,2.7580696697367175,14.778266358832477
4242,1116,-767.5,,False,False,1.0559057848343547,-2.7379804249275055,0.34737878386432647,0.5773419806281522,1.4627524561935616,0.36854909967784744,14.491789736605389
4242,1117,-771.2000122070312,,False,False,-1.0364071378316593,-1.5910458791778255,-0.1854811759004857,-1.2162050936806688,-0.598399670585238,-3.0086554631005624,17.259006387336377
4242,1118,-775.0999755859375,,False,False,0.48731522137213673,-0.8963158644792458,-0.2640004969113541,-0.8840300344911587,-0.5319687235458097,2.9802894428679765,16.172918936836066
4242,1119,-763.4000244140625,,True,False,-0.11482285277754511,0.014902274825980048,-2.8713792566730274,2.4382007524004257,1.0808632320372564,1.043311226902489,15.130362479215197
4242,1120,-771.2000122070312,,False,False,4.219852250097336,2.379576429568203,0.9914743483107736,-1.6056610494134853,-0.805904075484153,-0.4978861111420281,13.1511153391837
4242,1121,-771.7999877929688,,False,False,1.5168450596418088,0.12236996959060742,1.3475979430644651,-2.5866618610639494,-0.46052773830184024,-1.3462015038471076,16.12128894139573
4242,1122,-751.4000244140625,,False,False,2.207959245422892,-0.3184533662231645,4.135077213184931,0.5651162663749882,0.699002638720271,0.8714253812750766,16.74318805133813
4242,1123,-758.0999755859375,,False,False,0.9732501258888431,0.5481017553300602,1.3038587469299874,1.9437717867477131,-0.5853656211434658,1.4220034105882031,15.007833513961893
4242,1124,-770.9000244140625,,False,False,-2.7598382124928187,-2.390974678726812,-0.04505870533363969,-1.6052645323086745,-2.1241549799175456,-0.6237310242307211,15.936249769101119
4242,1125,-763.5,,True,False,2.6740451170063877,0.6798205487439537,-3.509668642550991,-0.5695277131667033,0.05011010015590137,0.8417254688832371,15.433329828840591
4242,1126,-751.7999877929688,,True,False,-0.5790904252806393,0.25757979763184796,-2.0791427505468647,-3.199827408208014,-0.36281449022375317,0.45993761788630666,15.238541542443494
4242,1127,-759.4000244140625,,True,False,-2.7245104567583143,-2.0300481928719085,-0.5554806897740776,-0.7520050395385052,3.2000677779117486,2.729469668352191,19.05546786412969
4242,1128,-772.5,,True,False,3.336507677064237,1.9172153016853182,-2.8260822154631455,0.9250096485492897,0.06499927659300254,-1.6384840934634726,13.968277083231618
4242,1129,-773.7999877929688,,True,False,-1.427978120781965,0.48763300202736887,-1.546562338629615,0.10819587913789218,4.15390047682901,-0.045068346654473214,14.319478960684156
4242,1130,-762.2000122070312,,True,False,-0.6291830027113192,-3.295131242776976,-0.5194741467570663,1.8721429111340913,0.3877323842892257,-2.49706711114529,18.157371981882
4242,1131,-748.5,,False,False,3.0851722937767736,4.093153926569951,-4.213380753208594,0.5555202516823069,0.7515931631019789,3.2449136027835417,14.259166365895293
4242,1132,-768.7999877929688,,False,False,-1.3391534471606539,1.3423364026556501,0.889549226250814,-2.627460120539133,4.90634961205857,-1.743258316373866,15.763462225944487
4242,1133,-759.7999877929688,,True,False,2.5323787921782963,-2.216936568495499,0.5556892661885966,1.4265262168915127,0.742596334905905,0.4922196610596038,17.41387029324793
4242,1134,-766.7000122070312,,True,False,-1.785596813131675,0.544684654489988,-0.0003420628316797704,0.19019375458181584,-0.4024797523164232,-1.8106168599101564,16.25706451559988
4242,1135,-758.5999755859375,,True,False,-0.19923271445225604,0.6071351849492707,-1.3205559198114902,2.3528546424012853,2.366039347755352,-1.8399458469614383,14.850569782225095
4242,1136,-761.5999755859375,,False,False,1.9046593822342368,1.0558369163699304,-1.4999952720654415,1.1394403650342744,2.0627810865451925,1.4443310675502548,14.616083868302017
4242,1137,-759.0,,False,False,-0.6738054199546604,-1.5536987799907693,-2.366683067530936,0.7486518030209884,1.657352251576838,-0.6489230385496221,14.466743299926321
4242,1138,-767.5,,False,False,-2.567993265282004,1.7788970569855185,1.3386358511542245,1.1476224716862082,0.2662370780451109,-1.090520777979323,15.962413864419231
4242,1139,-766.7000122070312,,False,False,2.869617954184072,-0.4634991766059479,-1.494881960553518,0.5597960282303025,-2.657879542595762,-0.6075624521095678,14.142866676288907
4242,1140,-768.9000244140625,,False,False,0.9013991117353152,0.5309281371169512,1.0964624615253602,2.6967382279067627,0.38896491284073675,2.3639912847071054,14.519247525262708
4242,1141,-772.0999755859375,,False,False,2.2368063020966193,-1.1457019820403318,0.009564905816185961,0.06901251132505512,-0.10845595169487197,1.8296720439568346,14.545904765445941
4242,1142,-750.5,,False,False,-0.19472718487078086,-0.010178495903411947,-2.9601786899044606,1.5969858448885845,-2.385325631745388,-1.653556410559169,15.342996881743689
4242,1143,-760.4000244140625,,False,False,-2.4769725833051814,1.3647566556631208,-0.18043266737297672,-0.16086833286833713,-2.228593921714805,1.5058292405994211,13.478076950346528
4242,1144,-768.5,,False,False,-2.1049313325063097,0.9501459048619628,1.049646637583521,1.2201511979957365,-0.65567987939602,-1.7669235332555624,14.918356877721129
4242,1145,-754.0999755859375,,True,False,-0.9096852751834936,0.023458383298473356,0.9577091251835689,0.007530004894626448,-1.743475233945927,0.2613264871628484,14.719470787433158
4242,1146,-776.5,,False,False,-1.1900843259549647,-0.9027430475029494,0.0922197491864444,-0.471947542170856,-0.06434059967203659,-0.7047311185182747,15.69767249729289
4242,1147,-759.7999877929688,,False,False,-0.11098221936768289,3.1032747126551623,-0.31098397601641387,-0.5359226406530787,-1.5102575766157258,-1.7526027636678503,14.477820336147326
4242,1148,-774.4000244140625,,True,False,-0.771606386575881,1.4689171293763,0.6965380904875518,-0.5997581597074183,-0.08337392005952873,3.1343089495772567,15.326761854783578
4242,1149,-763.9000244140625,,False,False,-2.05790467514221,-3.2781123897090207,-0.24884565270536835,-0.8290380237503775,3.7608914825545967,2.3770478284735237,16.909845027560774
4242,1150,-760.0,,True,False,0.27557796019118,2.3111685287550183,-0.7476887865724445,2.7425627765154292,1.7818116450854986,-1.2410139710546715,13.53358653032133
4242,1151,-761.4000244140625,,False,False,1.289799702496128,-0.26952954512957267,-2.416137643750886,0.7728333083968583,-0.8309737023278029,2.160155462281162,16.53644706348264
4242,1152,-762.7999877929688,,False,False,1.5172357405411678,0.6919498958545065,-3.919086820254376,-1.1349433463114236,2.2478964068241125,1.1992922529048304,14.168257187298488
4242,1153,-754.0999755859375,,True,False,0.9463820515056658,-0.49157701200032927,-0.17039504546065704,0.8232201678325011,3.849423606813693,-1.1420472263208024,17.94198154909783
4242,1154,-749.4000244140625,,False,False,0.5791201351644922,1.8746067310398147,2.08112372347901,-1.4684763995571188,-0.41457019780386134,-1.106356394101955,15.821326059607436
4242,1155,-771.2999877929688,,False,False,0.953948556991393,-4.8476093038196115,0.039466621397274124,1.8988951192178172,2.1447228318373823,-0.19399064868312407,18.450078627760515
4242,1156,-761.4000244140625,,False,False,1.4618191237398923,-0.34127080717900077,0.028278118453349214,0.3810581667871438,0.05236458014035223,-0.07194789743985859,15.180308374158152
4242,1157,-764.9000244140625,,False,False,2.9458046026064872,-2.2051681959412415,-1.4827948799191697,0.948809360181795,0.9891835112500542,-0.3134881571494029,13.993467925267865
4242,1158,-768.0999755859375,,True,False,0.10697511149931818,1.285821330784483,1.1225142238941916,1.520266408954474,-0.5117116691143212,0.30759894548567357,14.917379814659528
4242,1159,-769.0,,False,False,-2.226672021680647,-0.2009135608303773,-5.381909608460712,2.0573068045165197,-1.1978142013261495,-1.22858605546628,15.55171521643431
4242,1160,-773.2000122070312,,False,False,2.854842038518009,0.2786811279293785,4.01486807364695,2.2001172579389108,-0.36003879840000447,1.1258138563026219,16.65641539838794
4242,1161,-761.7000122070312,,True,False,0.19394891819788504,1.3052682009046235,-0.5215541868511809,-0.6884472741958456,1.05980989750339,-1.1854935540600646,16.989044995195737
4242,1162,-774.2000122070312,,False,False,5.145007451601061,2.177658052438188,-1.7886210393075004,-2.885352317448264,0.6727336037897563,-0.01932451603893101,15.0129438916146
4242,1163,-762.9000244140625,,True,False,-3.6115111432733205,-0.8387820820615957,0.7491492920287148,-1.9282032522378112,2.5710937821081217,1.7281580009110213,16.422994584050297
4242,1164,-772.9000244140625,,True,False,2.4888606784922582,-0.3359228131260394,-0.031113641160909176,-0.016146125516169937,0.8422020333217423,-1.3028272541015016,14.67003527107929
4242,1165,-760.2999877929688,,True,False,2.3121181939314,1.797896493368459,1.016255076509759,-1.2103571693743378,1.489522239477187,0.8758152199523509,16.31847825639017
4242,1166,-761.0,,False,False,0.704127651647209,-1.8021755845152267,0.025280953718512005,-0.7397465813218715,-0.21264241545329288,0.04038642770369508,14.822627796003124
4242,1167,-763.9000244140625,,False,False,-0.1982709602056242,3.109000251936906,-1.246595850310901,1.8059344194884042,0.7957447262591013,0.28088858407824374,13.216380250670847
4242,1168,-755.2000122070312,,True,False,0.9422000078326755,0.49558592445321153,0.7838250736541681,-0.8430742337044717,2.3569013611118814,1.6035280010741937,15.28243879661872
4242,1169,-775.2000122070312,,False,False,-1.7174504214780246,1.8151834791648993,1.3711966500112809,-1.1704133638836185,3.627738212916397,0.36763199267766133,16.189213937148818
4242,1170,-767.5999755859375,,True,False,3.453489680099928,-2.381095244801504,1.846342390542836,0.187943279556863,-3.7029698091421976,-0.28373662338736527,14.530043281869132
4242,1171,-770.5999755859375,,False,False,-1.9191342475057194,-2.471328093525789,1.294755565682602,-0.9710040254414599,-0.6130705594052347,0.698520585399223,18.054122867823324
4242,1172,-772.7999877929688,,False,False,-3.1026579535256436,1.1810615692900672,-2.324703013691131,0.5830065462804033,0.6524333584478587,1.1536209591229125,15.88273275835226
4242,1173,-765.7000122070312,,True,False,1.5925622135057818,-2.1031708267617484,2.1364469281276124,-1.1832897670767575,0.6326412882775606,-1.1550287835929907,15.505803580941189
4242,1174,-767.0,,False,False,0.6535350964391001,0.4187160992160449,-0.26081090396167395,-4.5484596642097905,1.625472650240429,-0.6970630802722726,15.403784765248925
4242,1175,-762.4000244140625,,True,False,0.679148482021245,-0.859028901982636,1.9028843906048376,0.3822270569036814,-2.2639213910834513,-0.08351803830363996,15.010325887248808
4242,1176,-774.5,,False,False,0.6533229706384929,0.6689740999375062,0.11511164537249352,2.009348046471966,1.3237659408230686,1.7134810068527264,14.421768926529635
4242,1177,-748.7999877929688,,True,False,-4.342550264594256,-0.09146066088514829,0.7928459851395572,0.07411221210973237,0.5972721411831329,-1.3247276454039874,17.040243251250597
4242,1178,-763.9000244140625,,False,False,5.135533571683176,-1.752548574661413,0.10551737391671179,0.8685895889033742,-0.5165821210625251,2.5774157476921227,14.553721358502804
4242,1179,-764.0999755859375,,False,False,-4.271353894558852,-0.6972715940810895,-1.3159342982858466,0.5183076478171386,-1.849763965102233,-0.5807470373831094,14.949164478392037
4242,1180,-773.7000122070312,,False,False,-1.0167523139501935,1.0880510755556194,1.2635241209522388,1.2622307640339365,0.5982736967890807,-0.9824675810310123,14.584551748470547
4242,1181,-762.9000244140625,,False,False,1.3388566582325536,-0.3946026780276545,-1.3463337493430811,0.45374586728353367,-0.1675636499324219,-1.3793722148169782,14.969404921510897
4242,1182,-771.7999877929688,,True,False,-0.8006485193544348,-1.5493505320635808,-2.2214970306185675,-3.2174328932704888,-4.830996071162179,0.6496814706556205,16.086351281842155
4242,1183,-765.7999877929688,,False,False,-0.8059702939953308,-1.744386147063726,2.656392892287024,1.1109386802077588,-3.5503123533944274,2.9746608840875437,17.16986391309718
4242,1184,-766.5999755859375,,True,False,-4.952842351732471,-1.9206046928566751,-2.2719023907730986,-1.5542990088869535,-0.2439908693100188,-0.6849920364328778,16.90390866773337
4242,1185,-773.0,,False,False,-1.1753794416334753,1.4417396686621506,4.108443296269683,-2.9531854013453365,1.6954393180074383,-1.3634614797903177,17.35464340970775
4242,1186,-764.0999755859375,,False,False,0.8559497960189689,0.2670609505163594,-0.41846364285386084,3.01586351997753,-0.8000224577577831,-0.0313850509007045,15.425581236104314
4242,1187,-760.5999755859375,,False,False,0.9281085926698738,2.902119776304237,-0.9664099947735104,1.7941056306357521,1.5236537245225605,0.7520914090414245,13.276646261199415
4242,1188,-773.0999755859375,,True,False,-0.7863475926338381,1.785615574545863,-1.7993003839727728,0.9596358043538711,1.1359156801228105,-0.34673321495944653,16.213230942634357
4242,1189,-773.9000244140625,,True,False,-2.11030288402826,1.3742598264110513,1.6544554751515106,2.088025522083287,2.208189249935217,0.9668989015291186,17.62526417640321
4242,1190,-776.4000244140625,,False,False,-1.860028082196676,1.015002473676122,0.2570674649261946,0.49357575231121725,0.05902836276532711,0.46781226945636895,15.111227460110676
4242,1191,-763.5,,True,False,-1.0536633376427478,-1.4390488571696278,-0.8258876297350362,1.7115969049027433,-0.3151452372091581,-3.989682431230064,16.099966923073186
4242,1192,-752.4000244140625,,False,False,2.1136351358322067,-0.983984701224612,-0.28115908446326165,1.8299077570403328,-1.380908655901187,-1.9426467651582904,15.899189810896866
4242,1193,-759.2999877929688,,False,False,0.25254682238610393,2.1858257435328263,1.5379166889865439,1.5254939257409181,1.1494143939755423,-1.97296842844382,15.280844531883673
4242,1194,-763.9000244140625,,False,False,-1.850601178152239,1.3238916048869298,-1.0595995805658625,0.37350441004101237,-0.22203868976045393,-3.079332643754349,16.588434314466486
4242,1195,-771.5,,True,False,1.4275988696691793,2.4389530719668584,-2.759521948607306,-2.5579853698091894,1.6131599664963772,1.209143742920265,15.200868089824782
4242,1196,-789.2999877929688,0.7634408602150538,False,False,-1.9606822461267246,1.0702182097706845,-0.3741473767874344,1.006170717145424,-1.4897504024376165,-2.1584724140108893,14.563279628218988
4242,1197,-754.2999877929688,,False,False,2.723349603489936,-3.3082140213382116,0.4226408343130851,-0.9324367878435418,0.19721951618391542,0.7997380635644884,15.643600593836128
4242,1198,-749.2000122070312,,False,False,-3.279910534598042,-4.408725513459793,-1.4964356127236251,-0.9041473944572516,0.7373595682245121,0.27000742016659385,18.83837690928293
4242,1199,-771.4000244140625,,False,False,-0.7452651579595267,-1.4291948140129944,0.897896174734854,2.95028672285837,1.6411687046398566,1.62465915726038,18.15984734411499
4242,1200,-765.5999755859375,,False,False,-0.6772709336010233,0.5938308182995554,3.3065254418285233,2.0832814119736094,1.0002644758367332,-0.9203202013189824,18.741879969912212
4242,1201,-766.7999877929688,,False,False,0.7942460492326042,0.44329176920056285,3.123921849846386,0.09346432873940808,-1.1771520032218867,0.3100568162484911,16.468483360842264
4242,1202,-778.4000244140625,,False,False,0.8382648289737504,-2.126102857213344,2.3547166838051847,-0.5166361845306499,-1.6239589231895648,0.8042257311301322,15.615565789417522
4242,1203,-762.2000122070312,,True,False,-1.739834106482534,0.40091965890431397,2.9914740449117274,0.6379522697555896,0.0021996130856779743,-2.3500121369968956,16.868412340029405
4242,1204,-769.9000244140625,,False,False,-0.24701110412215038,0.9147255418697244,-1.734855646754901,1.7652383985205253,-2.4960817826929724,0.07242487923299794,13.399520677885025
4242,1205,-774.0,,False,False,-2.8402226634666907,-2.149517229045019,-3.4229726055502683,-0.15267483709231905,-1.8413226416120678,-2.0802970666604605,17.208851751252844
4242,1206,-776.7000122070312,,True,False,5.316702781134883,-0.20036392382266024,0.4033618632417531,-0.8922897871527442,1.25784987506996,0.27177828529840176,16.210316397960845
4242,1207,-765.0,,True,False,0.3624648105652923,0.9314565311894182,0.1476295540621256,0.169334173982131,1.2018332600792556,2.0254674514103708,15.412127654948181
4242,1208,-756.7999877929688,,True,False,1.237592491799012,-1.6615518768387156,0.14624974770961405,2.369457938511066,1.1195500460893315,-0.653274202898424,14.532656986929409
4242,1209,-759.5,,False,False,1.1901946085874722,2.5446858611156786,3.491171333474047,-1.5308930685320157,-0.6086800822769044,1.0688927910152561,14.417961883537195
4242,1210,-763.9000244140625,,False,False,1.8941841527107426,0.4858649187039814,-0.7514301153622527,-0.8307510937509495,0.34457429621050006,0.2015098491385442,14.063708299012733
4242,1211,-759.7999877929688,,True,False,-2.4968836386007203,-1.1127067834777218,-3.9660200403491057,-0.5015658285987565,0.7283548740896699,1.9522432488692456,16.294515341107488
4242,1212,-774.2000122070312,,False,False,-3.9840861428274197,-0.45088635636822755,-1.68538646187382,-0.7586147496276356,-3.3921070289547424,-3.299399656794525,17.759172780542944
4242,1213,-760.4000244140625,,False,False,-0.9480438901423331,0.9988529293560159,2.472958034785222,1.7566418848850673,0.1372685350168188,-1.0994668044764986,16.307060115381873
4242,1214,-770.5,,False,False,-0.36772751108123664,1.133262861336422,-0.5080597378283981,0.2386072229913693,0.7039550051103955,-2.513898394361217,15.455069877948478
4242,1215,-759.7000122070312,,False,False,-0.4903472879462095,-2.0674684129787066,-1.5236983310210037,-0.8015134330650514,0.1249620426620521,1.2907151490001918,15.513784748253043
4242,1216,-765.0999755859375,,False,False,-2.494109000978414,0.8888042059982755,1.288514252100234,1.1443219363750499,-0.48219443019703445,1.1288478912906421,17.023642801196644
4242,1217,-769.0,,False,False,0.4996091575345662,-1.3837061308005134,1.2046343166357698,0.4526370289757454,-2.503592360288205,1.0246794573737839,13.88650371042021
4242,1218,-768.2999877929688,,False,False,-0.7798403343627133,-1.665983356490139,-1.1133855118504632,0.32109374385482736,-2.035743444751576,1.4454885698409554,16.564596798017025
4242,1219,-769.0999755859375,,True,False,-0.8425610964682113,-4.060647714062509,-0.5399683917584711,-1.179450955483416,0.5031127714962272,1.3775027467629584,17.963756270769412
4242,1220,-759.7999877929688,,False,False,3.705766005532807,-0.6540906562251605,1.9513915494745202,0.1548015041078727,1.4353660139440427,0.019059638885420945,14.735339965576975
4242,1221,-759.5,,True,False,1.3950741136309395,1.8877405571650228,-1.2724308460114884,0.8957514560572684,-0.9798352878501034,2.338240802902327,13.417338500531685
4242,1222,-764.4000244140625,,True,False,-2.6879728666495604,1.9732932156469953,-1.9235103091125745,0.6492351968816378,-1.5529480580551647,0.07764375357454964,14.331646560602259
4242,1223,-756.7000122070312,,True,False,-0.2730410031372782,-2.2635331640082246,-1.2074851358393606,-1.3335630167785524,-0.9751591796146872,0.3211126231690815,16.36879893027545
4242,1224,-746.0,,True,False,0.8696730473757833,-0.30575368640775635,-1.488832178187678,1.4794509378968723,-2.7852271939123363,-0.6116357363739173,14.071912127080177
4242,1225,-775.0999755859375,,True,False,-0.6881935238847848,1.6472370729834076,-1.2494960880432655,-4.544163072824826,-2.1456497180332557,-0.05115668911841537,15.787797791357121
4242,1226,-775.2999877929688,,False,False,0.4811257866622397,2.835400481471422,-0.6309042060294298,-3.330243658550898,-0.5695857487597742,-1.9226993661825011,13.710578863755368
4242,1227,-766.5999755859375,,True,False,-1.6388887175320932,2.937698706865006,2.6652323129370554,1.037630267490015,0.5979748659151161,3.2737873423980615,15.471924534368064
4242,1228,-754.5,,True,False,-1.6790532578230737,0.25483720745718735,1.8610826149913167,2.8433507825778332,-1.2547191271797546,-2.1865262386573314,16.304810730297568
4242,1229,-755.5,,True,False,1.5190715752383366,0.7398971575211813,-0.08611754834481214,4.350128447123015,0.2039441144583108,-0.0258851847512748,14.942210601950762
4242,1230,-750.7000122070312,,False,False,-3.8709470148911325,-0.9408038511150777,-2.039649462802817,2.0592106147323572,-2.0413667688589388,1.6002314954347976,16.545804247215404
4242,1231,-759.9000244140625,,False,False,1.1547750661091074,0.8997174050134631,2.7707231540245294,4.015381151910566,0.8155009017843292,-0.9146049820101202,15.253327680246883
4242,1232,-750.5,,False,False,-0.6408081460818762,0.6587726784772316,3.535755618416854,0.7850382715129175,0.7408633538729187,-0.8347927248318644,14.935268702978375
4242,1233,-762.4000244140625,,True,False,0.09369559151937203,1.257332581072676,-3.134220671530396,1.0513601961490466,-3.10318474091457,0.35873474327969784,14.151612360558682
4242,1234,-757.2999877929688,,False,False,-0.061135702214684846,-1.5920611503705508,-1.4841691458941368,0.2817141480620779,-0.7352876509184987,2.582399368717361,15.625118498056308
4242,1235,-762.7999877929688,,False,False,-3.4542986692490825,-3.353730222705039,-0.7948770601988314,-0.30570915857913,-4.858656653680469,-3.2094676466893794,17.375273431347964
4242,1236,-762.0999755859375,,True,False,-0.20447703499076783,-2.045488671460941,1.1192714257368637,-2.1421457090105047,-0.7300804597231517,1.5040168239573606,17.210695486452135
4242,1237,-752.0,,False,False,-2.2159449132264366,-1.1548920033498171,-0.49889803368627145,-2.606183556412371,0.07330045613262959,-0.33335873671233657,14.810694356682683
4242,1238,-773.5,,False,False,0.4016223749708586,2.484905298371393,-0.9843362674784404,1.1861846513726495,-1.3732039833011827,0.2725349881773785,13.977127093138785
4242,1239,-771.5,,True,False,4.085083686568766,-1.8914728608142393,1.8353057221543096,0.08305614093192154,-2.35084098871253,-3.1337937085569703,17.427017431233306
4242,1240,-759.2000122070312,,False,False,0.8762197573674007,-2.7978693606867844,-2.7468469506002426,-2.2704974292632816,3.3716157088116487,0.1513924058612317,16.390547633442793
4242,1241,-776.7000122070312,,False,False,-1.3505472166952934,1.932967123661576,-0.4015671116837286,-0.4324142390247916,4.610238628397828,-1.0759104509305373,16.68353655007982
4242,1242,-766.5,,True,False,-0.16128183933049328,0.3759721935674099,0.8210972265023112,1.30874301499681,1.585944938619903,0.77688768070607,16.328776538668553
4242,1243,-769.5,,False,False,-2.2250271101553145,-0.6955037481612159,0.9198408584309575,0.18595905186731693,-0.9604676354584167,1.6797223713088785,15.600344923455248
4242,1244,-755.2000122070312,,False,False,2.862965035253124,-0.7373661461811725,2.6196486088049897,-0.08357191214562865,-0.664552740494234,0.042030493450440146,14.41774986099322
4242,1245,-768.9000244140625,,False,False,-0.40624376944968177,1.8372798161278763,-0.9828916041786585,-0.41544891243082915,-0.027166415848931397,-3.503862232164397,13.12474218693648
4242,1246,-775.2000122070312,,False,False,-0.7171059516109184,1.9470014939968547,-1.9065380549340198,2.5099649893430493,1.6227056656294696,-0.1585197686649204,14.286939045583617
4242,1247,-760.5999755859375,,True,False,-0.5601401606000904,-2.1665199943656406,-1.309809633036068,-2.6536084284914403,0.9348024072743742,1.9153535738922798,15.713561619078511
4242,1248,-780.9000244140625,0.7741935483870968,False,False,-0.1512449419568187,-2.8710671509466277,1.4445237198351994,2.3526195387622693,2.9139685655141254,2.105602911715233,17.279312316105262
4242,1249,-770.7999877929688,,True,False,0.11535914825593063,0.42875547859457197,0.7373065979500928,-0.4985649494658722,-2.3576610233053357,1.4965385518722276,14.933844426204502
4242,1250,-768.4000244140625,,False,False,-3.271469666436653,-1.0752721936094345,0.7283922517773181,-0.9463431108553259,-0.8213791336672557,-1.320349122043709,18.047466147729835
4242,1251,-765.2999877929688,,False,False,-1.5723481736199674,-2.7674440913369285,2.3480774848155272,-0.6835371323098978,-1.4385089306072836,0.5798813363549633,16.524670084671875
4242,1252,-759.7999877929688,,False,False,1.5132833775089631,1.7908612551484129,0.5092282090787409,2.397758228670989,-0.13894323226955047,-1.0506349943864421,14.356249180371208
4242,1253,-751.2999877929688,,False,False,2.6255468071063386,1.3429277819997285,2.114392122926963,-1.618090261010552,3.608860164574798,0.3123686974465722,16.769440379583173
4242,1254,-763.9000244140625,,False,False,3.090176502659055,-2.504364005342915,0.6254633617022546,-1.0700772289326663,1.883359697501285,-0.4330690840142022,14.97841883281085
4242,1255,-757.2999877929688,,True,False,-2.1326386798096673,0.48731259282030237,0.060692973661510934,1.0021771278726335,3.980165482881331,-0.5330409283592733,16.501881006436093
4242,1256,-771.7000122070312,,True,False,-0.18184841397268617,-0.9280462954704246,-2.2421216705941722,-0.815656298628532,0.27329907910416007,-1.9150647788008528,13.65263915599435
4242,1257,-780.0,0.7311827956989247,False,False,-3.8316830738475667,-0.1771603874523862,1.1439580600112613,-0.7103369669259167,-0.5214706662220985,-1.0538874743999236,17.836093763323305
4242,1258,-765.2999877929688,,True,False,-1.3610333878458478,-3.5369163544409314,-0.9536784544917849,-0.058828123825992264,-2.3057654080629804,0.6972916598356479,16.171093045594738
4242,1259,-776.7999877929688,,False,False,-2.2970504510348713,-2.6095508049108234,1.2133868709183862,2.133812356109244,0.8872943361490067,-0.42291254375007226,17.82652394123775
4242,1260,-759.2999877929688,,False,False,-1.3949636415960993,-1.2434968107285629,0.31913926770773665,0.4552861378434936,0.27299725893799803,1.7319332193993804,14.457270643677656
4242,1261,-780.7999877929688,0.7258064516129032,False,False,1.1899144184298354,2.93452692520145,2.7739108508477988,-3.5015601588107783,-1.9441527832333185,-2.1256021008163684,16.430394738145498
4242,1262,-773.0999755859375,,False,False,2.8780068677996464,-2.3588657297625444,2.2941910042229137,-1.0961450423289738,0.014267958495184682,4.397188424985398,17.326019273713225
4242,1263,-756.0,,True,False,3.3549830887817955,0.6259304494510146,-2.008243254554969,-1.057157038362072,0.12014390391333797,-0.25318169872363827,14.846635511306713
4242,1264,-761.2000122070312,,False,False,-1.239041619301497,1.1786964184078597,-1.196120425368063,0.8309345564177801,2.9374217984570676,2.3333429338325997,16.027950655279216
4242,1265,-780.0999755859375,0.6989247311827957,False,False,2.4396224147349868,-1.195893927148465,-0.6090805650220878,-2.8387358693459865,-1.79840327155595,-0.729524062396557,15.398966238298236
4242,1266,-762.2999877929688,,False,False,-1.4939852426561209,2.167729723659458,-2.85890941738193,1.7544563092863155,1.1379700160421087,-1.3282953823491292,13.41526723482468
4242,1267,-773.9000244140625,,True,False,-0.3450190103013028,2.908604207763006,4.794357320236306,-1.6587380524998563,-3.3001212689876853,0.25737356470922274,17.161461047823305
4242,1268,-776.7999877929688,,False,False,-1.4882572443183522,0.6589161324928406,-0.8581032909795345,1.7170438454720978,1.860019917117363,-2.1973959029333967,15.668183042681855
4242,1269,-767.2999877929688,,True,False,-1.7864681219345515,2.201641801099938,1.5735652818694372,-1.328794506436905,1.3610770664991623,-0.7921988594550388,16.35012884014702
4242,1270,-764.0999755859375,,False,False,0.36146781600748745,-0.460798584869371,-0.44125490565598335,0.8424771589339556,1.7842088502184996,1.407840958676918,14.791233131812037
4242,1271,-763.5999755859375,,True,False,-0.4169669627241017,-0.6148706216268918,-1.855335226481746,0.12382900747942584,2.679441012300189,2.3092916619843518,14.546764278190462
4242,1272,-765.2000122070312,,False,False,3.5992929672625795,1.9938686022387977,4.60932812941324,-0.7336560209731453,1.819474982762485,1.4129785897137968,15.083279180065178
4242,1273,-772.5999755859375,,False,False,1.7367673090319513,0.9839943415104507,-1.3411434972963023,0.3255545497073775,-1.4972899299999762,0.16526511713138367,13.297549792628168
4242,1274,-763.5999755859375,,False,False,-2.4414913938079343,1.7000817376850341,0.27858169890103457,1.4884079187405146,0.12300844193659823,1.6196450633639352,16.665093498928425
4242,1275,-776.2000122070312,,True,False,-2.902479618410682,1.4874566417195842,1.4468321360834515,0.7165284131169581,0.034422524062131886,-1.255349548696059,15.940341742221309
4242,1276,-772.2999877929688,,True,False,-1.322672462847218,0.04836125011812084,1.9758220682454413,0.349424600042488,0.27404259153647853,-1.0140677437687948,14.052497751996981
4242,1277,-772.0,,True,False,1.303680868668055,0.32659645550155414,-1.4483149300131282,-0.6514919849329474,2.386195900906325,-0.29720935651655195,12.882724098130693
4242,1278,-775.0999755859375,,True,False,-1.414013374813936,0.8423341634589531,-0.14878245336276047,1.7459388623986263,-0.21199920534258157,-0.24965037496961281,16.111205367864528
4242,1279,-770.7000122070312,,True,False,-2.144330948439036,1.9701534991445844,0.2362396044360728,-3.290712284016702,1.0249772438294336,-1.7785402049229866,16.519428380514697
4242,1280,-764.7000122070312,,False,False,0.8853919173586784,-2.337725830861972,1.7898664953971084,1.8391599424119198,-0.786978902641391,-1.7267925609461168,16.336583926873587
4242,1281,-776.0999755859375,,True,False,-0.4942254190513511,-1.8816611481624588,-0.03157915735787342,-1.457687617188818,2.403447357583249,-0.3782340206624131,14.657822158700641
4242,1282,-768.5,,False,False,1.906876560957138,2.714266189975559,-0.08243326665241985,-0.4668042680816857,1.1746840868712105,1.4671549795266015,13.231921247248563
4242,1283,-778.7000122070312,,False,False,3.1115061810181803,-0.7347927825152066,1.3188424135019077,-0.10595670235098499,-0.8613754359980916,-0.8232474646086276,15.420468288602295
4242,1284,-760.7000122070312,,True,False,-2.36919820945027,-2.1562569685396213,-2.6968755883134414,0.4063199243937134,-0.40932135741447373,-0.6231386487568135,15.7531979238691
4242,1285,-765.5,,False,False,-3.4987219883270315,-1.7296067813419322,-0.6009044111783062,1.2772931798342109,-0.351643310070182,1.3766552756234165,14.855917438522855
4242,1286,-764.9000244140625,,False,False,-1.1006625928833176,0.5937033526552311,-1.9581691112443753,2.681849850389001,2.315616049501548,-1.893498308966461,14.95247711855123
4242,1287,-775.7000122070312,,True,False,1.9711120335182677,-0.7437056581415676,-0.10900438844005264,-1.0402440324792754,-0.7757800068297386,-1.0449231975130573,15.984598349801848
4242,1288,-764.2999877929688,,False,False,-0.24075954481991785,2.78634142679316,-5.038765877678411,1.121937476899963,1.2623217539987948,-0.26395823586150385,13.846607351252342
4242,1289,-767.5999755859375,,False,False,-1.917868775212479,0.4802248375410374,3.893598919258278,0.46132137791425804,1.2405859495228089,0.03806617435693453,17.181963599624776
4242,1290,-756.5999755859375,,True,False,-1.98193000980909,0.10010172051721376,-2.489890258946563,0.5371207848620115,-1.249999756482031,-1.3241973207846394,13.26119121579964
4242,1291,-760.2000122070312,,True,False,1.2770484317663806,-1.230096319955809,-0.006881737716142274,-1.4388729550818025,-2.4743213644443762,1.5738209583355365,12.189042659496293
4242,1292,-755.0,,False,False,0.42739589943031636,1.0698904850798878,0.9617657612747329,0.22607434389327025,-1.7878591563979136,-0.9737196167948692,15.972243241897095
4242,1293,-762.2999877929688,,False,False,-0.7545098052931586,0.7606710509971691,1.9714388332455066,-2.3343138086511757,2.576427006039108,0.0754745512782347,15.6463854797959
4242,1294,-754.4000244140625,,False,False,-0.6637997527262742,-0.40213094751739736,-0.5108493486852987,3.09134406822814,0.1377501883529377,1.137522109490779,15.055764710100568
4242,1295,-762.7999877929688,,False,False,-1.2533348126822625,-5.434172776006824,2.1898880449458695,-1.3892706306253562,-0.004734812779045916,0.39900504396439834,20.534717779563845
4242,1296,-771.2000122070312,,True,False,-2.6112728167047408,0.5298171056051273,0.32258943574978755,-1.4190108408867206,-2.8782435288823627,-0.4424864676257674,15.107771300620797
4242,1297,-759.5999755859375,,True,False,0.052267372479517536,-2.156374707288224,-0.7328935693204981,-2.5188105964395655,0.9328125385774473,-1.613494248843264,14.761249909542718
4242,1298,-777.0,,False,False,2.9203205871704925,-2.753514222477663,0.8127170727276213,-1.9916341234542405,0.8813559084199695,0.4895692795214077,15.748048955352917
4242,1299,-754.2999877929688,,False,False,1.0093112320326705,1.8894326742352299,1.4916010175921834,0.9484163926468541,1.5198454171072167,2.097442241694328,14.137664084247026
4242,1300,-765.2000122070312,,False,False,3.167435059336428,-2.5787896694055115,-0.27755786709826147,-1.5397121479023117,0.23555228881285545,-1.345737914861575,17.219332313526216
4242,1301,-779.2999877929688,,True,False,0.47471361977567245,-1.9151455241603998,1.9628227164356717,2.26265947285247,-0.11584653982358518,-1.7153719950405615,17.845743354001204
4242,1302,-766.4000244140625,,False,False,0.11373879270972105,-0.9300269248519466,-1.2351719407039032,-0.6373101072346953,-2.439943459474144,0.23484075922487577,14.430382707987235
4242,1303,-747.9000244140625,,False,False,-2.1087470004370688,-0.08474611068096669,-2.371543779615396,-0.03491393356286999,-1.1902332692387219,-0.009687309007496762,17.53884872382237
4242,1304,-774.9000244140625,,True,False,1.4976134830222259,2.1462998037948324,1.2793907434190919,-1.2729581963480987,0.6535521790667547,0.2325619664948297,13.817624072000042
4242,1305,-763.4000244140625,,False,False,0.4303875573808814,-0.683542514624777,-2.3763807195419866,3.9089746783871244,0.5625283388853063,2.2754986382143048,14.34991722873763
4242,1306,-759.7999877929688,,True,False,-2.837659546001419,1.3043533559156446,0.9261469802991417,0.13543905916498522,0.6601390035137799,2.4237455373448196,15.835961970996843
4242,1307,-753.2000122070312,,True,False,-0.05499161606241408,-2.312308461373857,-3.254220895794058,1.5225686102877143,3.0027979092247694,-2.123621624394549,15.935644882143613
4242,1308,-759.4000244140625,,True,False,-0.10828698011475983,0.544089232240113,2.743379172725905,1.3913454152998646,-0.5416866858249075,-2.0535048740060553,15.08760944166181
4242,1309,-768.7000122070312,,True,False,1.3735092139779976,-0.8258203984857532,-2.294955549964743,1.3088460759081637,-0.49756802187529786,-1.4236649271183361,13.694781850467061
4242,1310,-769.9000244140625,,False,False,-1.4302046360298446,3.0183014163278856,1.8508207953886116,0.9191661240898922,-1.206692596827421,-0.23089567480507575,14.17059627759378
4242,1311,-762.2999877929688,,True,False,3.6840377950304113,-2.1552414029063858,-1.969035500221503,0.2994419467765574,0.9893651545034404,-0.27936017280977793,15.398618862680062
4242,1312,-770.0999755859375,,False,False,-2.7507874316752323,1.1198431561809308,-1.0220322514225697,1.591499128472451,0.23046244842175118,-0.7680379047098739,15.872017387454552
4242,1313,-771.7999877929688,,False,False,3.679423852981221,5.47869902701998,0.46470950277100087,0.003898362844457752,-0.34359489466574167,2.8848649401556883,11.777496766881018
4242,1314,-766.5999755859375,,False,False,-0.1774185772741357,2.4495365939325815,1.2168001439428489,-0.5304487270486895,0.2055201049938578,0.8708389802163893,15.632292852080617
4242,1315,-764.0,,False,False,-1.723988071742127,-0.39867170255507683,-1.473806804744487,0.02814445504912988,0.43037886519841295,0.686896310725462,17.187093532199185
4242,1316,-752.7999877929688,,False,False,-0.5290600174643673,-0.32818493641554125,-0.4181629099774621,-2.0232796535844075,0.04173387699573679,-1.1803465802012134,14.633478333442847
4242,1317,-749.0999755859375,,False,False,-1.1003916380566052,-1.7844212868010279,-0.026229686099274962,-1.6134112307000954,1.4887119666079427,0.2336680630117963,16.17206448657109
4242,1318,-767.0999755859375,,False,False,1.3876330551562766,0.8083507152389329,-0.613727275717092,1.2731217099202847,1.339768852906,-0.735915974130491,14.305726433359784
4242,1319,-761.5999755859375,,True,False,0.6404389616144968,0.2277920128626616,3.1503362428438204,-0.0800330211906193,0.5698620965108185,-1.885013581802096,16.491125062104185
4242,1320,-753.4000244140625,,False,False,1.4672655770047038,-2.1772148624404903,2.5485911148319484,-0.6473306217242873,1.500297500953864,-0.5821881340163356,16.04292439713274
4242,1321,-753.7999877929688,,False,False,3.13139683280089,0.3014878986073523,0.2018537027092557,1.7895177505059574,0.8591550195256465,-0.5580279416402002,15.334654100897437
4242,1322,-777.7999877929688,,False,False,1.8550388836899767,1.8752143967685577,-0.11750958292322428,-0.7782446585268886,-0.794280813830281,-2.807273441050169,15.910264325321803
4242,1323,-768.5999755859375,,False,False,-0.9829695039055434,0.2864192547549515,-1.6717453349930302,-3.097622201255239,3.0321149997409007,-0.6841533048362685,17.69517934464445
4242,1324,-781.4000244140625,0.6344086021505376,True,False,3.559260053685305,-0.05880864546722145,1.0393208226725856,-1.824527046152086,2.977771904992971,-0.9033181707816236,15.091555339626373
4242,1325,-760.4000244140625,,False,False,-2.6741414054922528,-1.991612270062722,0.32913594471374835,1.098171480243606,-2.4754032377829422,-0.8298623045190237,16.65295842676084
4242,1326,-785.7999877929688,0.6720430107526881,True,False,-5.051028520234206,-2.687981953727609,-1.2715550733154146,0.7264644225642777,-4.285707206323926,-0.4884111110727782,18.122027884315344
4242,1327,-753.7000122070312,,False,False,1.3495243326174848,-2.989851202496402,0.44927933534730485,-0.5124991782137456,0.08391804128581754,-2.8635551387870883,16.48494332574969
4242,1328,-765.0,,False,False,-0.008236552944190342,-0.5341321943137227,4.327520183606975,-2.7922191421221365,2.7067370897825964,-2.0943190598648944,17.453930109915643
4242,1329,-751.2999877929688,,False,False,3.0525900722863577,0.5194399395893525,1.160559895619612,0.07295250105852832,-3.2080416805036487,-1.9297200497794065,14.62082184160655
4242,1330,-756.0,,False,False,-0.30059357042208545,-1.680221634887075,-0.024772290945271253,0.09328627059276484,2.2529726328873108,0.7205643711535412,15.127491381381084
4242,1331,-770.0999755859375,,True,False,-0.4216318947415324,-1.692184798047364,-1.1866099535303751,-1.0462465022290006,-1.61521105397181,2.176165244371883,15.596376869199773
4242,1332,-756.9000244140625,,False,False,0.5823194751074307,-4.077119477179189,1.6546847272292255,2.0401264813899984,-0.2711670421331886,0.473904385728026,17.307782867345296
4242,1333,-769.0999755859375,,True,False,-3.2169558953765445,0.3765547520898405,-2.2972942921821238,1.5886114873763946,-0.5110215348840195,2.6944240246209614,14.807571466150899
4242,1334,-762.2999877929688,,True,False,1.9538360835845354,2.3180689949949795,-1.6446126128270153,1.0871042555072206,-1.615985110099979,-1.7694080619708978,16.193106517567276
4242,1335,-766.7000122070312,,False,False,-2.7925165743308518,-1.7608394883787881,-1.3958228323733204,-2.2182228536940296,-2.2654913532821093,-2.970675949392274,16.843171435333947
4242,1336,-757.5999755859375,,False,False,1.4244895927536774,0.12403305624256206,-0.9374785194119802,1.525108843905251,-0.4713352894026907,1.0081308202001953,15.614633932749403
4242,1337,-767.7000122070312,,False,False,2.1616344609948426,-0.12112297877502115,-2.268284823121143,0.16560366308630248,1.6030657321383548,-1.8578135936723827,16.66916920269435
4242,1338,-764.0999755859375,,False,False,1.0849933724210206,-2.2352362585969274,-0.8260859398113671,0.890292097410494,-0.8606819218975287,1.5360153555503828,13.879816682417227
4242,1339,-778.7999877929688,,True,False,0.2716529422888717,-1.958457584516322,-0.2976473666964546,0.015611687066939139,-1.5850636237786953,-2.2712316756305966,14.962721827217969
4242,1340,-765.7999877929688,,False,False,0.7715185972406733,-1.3515264911500349,0.4470947371569638,-2.575257224521766,2.5716778033294063,0.9753970237686748,16.795286031824638
4242,1341,-768.0,,False,False,2.605863940239489,0.8762711602803029,3.1717214691459508,0.15031739867158567,-0.39905544451615077,-0.4807622965996872,16.63556594615045
4242,1342,-770.4000244140625,,True,False,3.330333924476981,2.0362801785121225,-0.6432753297130491,-0.6615609108778715,0.5243755670515404,-3.1139518689089924,14.82175969695126
4242,1343,-790.2000122070312,0.7311827956989247,False,False,-1.6478476045302732,2.606370928611623,2.2523701655968393,0.43843363732294865,1.2998321441107434,-0.20097353607292806,15.657936712952768
4242,1344,-761.7999877929688,,False,False,2.012844995058481,0.32699141196474146,-0.7114089530916684,-2.091449940402172,3.1537073071056723,0.7655481004403837,14.28319674651791
4242,1345,-768.2999877929688,,False,False,0.6444971479886404,-1.4819470080215658,-2.61774245399783,1.7259468270771088,-2.327518891087683,0.11486398486812051,14.630150153986452
4242,1346,-758.5,,True,False,-1.8148773598765153,-1.0333203327559297,1.8136350313516185,4.4415124404122945,-1.0981682649878197,1.1171217486373641,16.889777065046417
4242,1347,-768.5999755859375,,True,False,-3.2861962832435405,1.2127879755046957,-0.09988142686990996,-2.628085031138154,-4.981246695802922,-0.7308781811512486,16.177529248409297
4242,1348,-781.4000244140625,0.6935483870967742,False,False,-1.2640663627036655,0.7747220886131482,-1.8205397367529168,-1.9395733549330771,-0.012070350050265851,0.06834391929118414,13.646126413433295
4242,1349,-758.4000244140625,,True,False,0.1580198684338308,2.2339849463088473,1.8082170411748275,-0.31916418647839634,2.2128449250798536,-0.7053929855863836,15.616770753481902
4242,1350,-756.7000122070312,,False,False,-1.8511935567909443,-1.399661598497115,1.3098108062533282,-1.5849484441449682,-0.3660590829373961,1.7542468731469565,17.22037879346009
4242,1351,-759.0,,False,False,0.35610590821241983,2.451099213044787,-2.6259205689085747,-1.4291844088585377,1.782326455568313,-0.6113867442444882,15.268555492627552
4242,1352,-775.2999877929688,,False,False,3.4672666477869516,3.24780417612429,-0.6580729738589065,-0.9966647132406216,0.9747691320733465,0.8953217497581553,12.834146458899683
4242,1353,-762.0999755859375,,False,False,2.4139176454691262,-2.4222888884088443,-0.4411317404590969,-2.0087617458134224,-0.5393388319701624,4.195861287387768,14.373282390245567
4242,1354,-769.0,,True,False,-1.6963552704372802,-1.2639669082220037,2.0488770832683847,-1.6127067106133839,-2.2819336634177505,-1.3792747228329254,18.023350704092422
4242,1355,-767.2000122070312,,False,False,-3.2847766406009575,-1.059284290263987,4.487381758010348,2.1699366524651023,1.1649387748705402,0.5016199838068003,18.369610945142067
4242,1356,-761.7000122070312,,True,False,-0.35310174101321273,-1.7811531509048881,-0.6701188872966861,-3.0943183528763396,1.0414427439106586,-0.875513572287754,16.2167135478062
4242,1357,-762.2999877929688,,False,False,-2.1417418303430362,1.715322838951286,-3.271453581595177,-0.5376320482518288,-2.4539168103376316,3.3896788009822703,13.965366592644088
4242,1358,-764.9000244140625,,False,False,1.8349305304730477,-0.9854865161379133,-3.1338151835971577,2.96807679043261,2.4377252393740907,-2.123088164435319,15.553296982868
4242,1359,-768.5,,False,False,-0.4134927310063517,-1.4369464355975652,-0.10034046172141292,-1.1262159778860923,-1.149887018069132,-1.579928184404314,14.88887964178135
4242,1360,-767.7000122070312,,False,False,-0.7212861512761543,-0.6227571984277338,-2.0708111504269637,-0.12608018962447828,-2.3714810086096114,-2.4737350629697086,15.392919075015229
4242,1361,-764.0999755859375,,True,False,-0.8968592182497953,1.2490294892040155,1.0255213433086328,-1.9984906407964038,-0.20585872811039935,-1.445964649534718,15.904886819559817
4242,1362,-759.9000244140625,,True,False,-0.7335153089925185,2.5831844738774916,-2.623484440523007,-0.6379615150030232,-2.1548823213258363,2.8930675237551458,13.785544214747738
4242,1363,-766.7000122070312,,False,False,0.7688511062648464,3.029328825310134,1.7173980500086312,2.1682107168252496,1.7464638242760173,-0.523990932094398,15.747089662710733
4242,1364,-762.9000244140625,,True,False,1.1666445186880146,-0.8880101843081786,0.3806102643328774,-1.3353790557877685,-2.6535461266539566,-0.302827208824064,16.93514485677941
4242,1365,-757.2000122070312,,False,False,-1.3495999474879046,0.30025855060008005,-2.409205984532339,4.836801411493586,-0.4901417610017578,0.3017311462464864,15.84427452939758
4242,1366,-770.2000122070312,,False,False,1.9852570332704136,1.676155536690231,0.1555146706501481,0.5150656002106951,-0.34850679258235767,3.3503713740551087,14.980009465472074
4242,1367,-767.2000122070312,,True,False,-1.9018249583269053,1.2314209648707943,1.0854072260784933,0.633280245774622,-0.11508580909678802,0.18619106355421272,14.45966176586834
4242,1368,-778.0,,False,False,-1.877758029261977,4.419320380683822,-1.1467935476870754,-0.18796529582956076,0.8279220843213301,0.8596914142260498,14.415857260414196
4242,1369,-765.9000244140625,,False,False,-3.4617150998714514,0.24892950826765387,0.35217852646318754,1.054469978912014,0.7392622341431008,0.0466927967790616,16.97020756436533
4242,1370,-777.7999877929688,,False,False,2.546601362251625,0.18655991149157758,-3.3262468369406055,0.592893799785302,0.24864830956608888,-0.11151206458845153,14.701700541172983
4242,1371,-765.5999755859375,,True,False,2.812931296529848,0.4521061406647313,0.17472005482879266,1.7903380721569768,1.3022446182995198,2.493200004020546,13.44828874370089
4242,1372,-769.0,,False,False,-0.593145777682301,1.0748455196045452,0.029540408737658105,-0.8648924765600736,-4.714842709905961,2.8180128534395643,15.719166669614028
4242,1373,-756.7000122070312,,False,False,0.8819411979072262,-5.311551828852904,-0.7031507300974197,0.5292099300404391,-2.428103687773474,-1.7790803566340976,17.28676537100247
4242,1374,-758.0,,False,False,-0.34966916345911686,0.8974920408512164,-2.796119493084438,0.02981408640122746,-0.006821001569398048,2.281206507559253,12.890418876710068
4242,1375,-779.7999877929688,0.8064516129032258,False,True,-2.6087826659883615,4.530174877755254,-3.133275169709611,-0.17728901396349192,0.2929857298758336,1.0808236023085216,13.234747900851602
4242,1376,-756.9000244140625,,False,False,1.1296531544764092,2.482230354282335,1.9182418617209824,1.0581981810824674,1.298007996661514,-2.8043588703448705,15.712547993814558
4242,1377,-762.2999877929688,,False,False,-1.048461924285415,-0.07553480688091785,1.8822794963444314,1.4574955872471067,-0.626964438029773,3.0443204912855713,15.90546585857073
4242,1378,-766.5999755859375,,False,False,3.7116237442679796,-2.0458488453188073,-2.0515785739447687,-1.9416223764323404,-2.311254295488249,0.7253302050277294,14.713045765904239
4242,1379,-770.5,,False,False,0.8474993766524638,-0.9905278265521774,1.1594547147124745,-0.42143027588024884,-3.053943432875512,2.81299651494659,16.305007273362193
4242,1380,-775.4000244140625,,False,False,0.8858030644222632,2.6510303843114924,-1.596333721909254,-2.813103992964841,-0.9392076358134307,-1.020569973269755,14.015594392649268
4242,1381,-772.0,,True,False,1.2378610954442093,2.4104684524696345,1.6138274274279945,0.34888275977067196,-0.9392788461926623,1.4114595696795282,14.253797131281422
4242,1382,-766.2999877929688,,False,False,-0.1782881626196817,3.258812420056299,2.116199755437204,1.0393526451940776,-0.038984346327465474,-0.34022552453463356,15.579165095153531
4242,1383,-773.0,,True,False,-1.6876327124904495,-0.8639884344792149,-1.6578396628163878,4.818112799673826,-0.7017562423138173,-0.5294642624551607,15.13392467840234
4242,1384,-756.4000244140625,,True,False,0.9068143281708453,-1.7312024488631923,-1.077524386424825,-2.7753681928085614,-0.2220552698193922,2.8605719283726185,15.868491701628686
4242,1385,-765.0999755859375,,True,False,0.7649277632517051,3.054356350536176,0.18397858987106538,1.1236791698563389,0.9613619197073139,-0.6834398357920297,13.807599865104871
4242,1386,-759.5,,True,False,-2.4840191605709383,-0.12522698985631647,0.29681235323168415,-0.3498371929507495,0.0320732849277035,-0.6291782409434141,18.226359355441218
4242,1387,-761.5,,False,False,-0.2370793937220263,2.9832169936742665,-1.2438814507226401,1.7439330502702397,0.2889688137533377,-1.6197305522173862,13.416363683961064
4242,1388,-758.7999877929688,,True,False,-0.2803115579992679,-0.7206891265611202,2.3349185577757106,4.169173585095129,1.6112315380903433,-0.6184138881273915,14.915866865501041
4242,1389,-776.0,,False,False,-2.085960783094046,1.2242673520175362,-2.280120626234154,2.360384210953117,-1.4330068831956637,0.18230829029431359,15.190976797165773
4242,1390,-775.0,,False,False,2.760162741963565,-2.900901498996272,3.8442889382501444,-0.42440550022037254,1.606331212305524,-1.835148395320266,17.18310841891412
4242,1391,-772.7000122070312,,False,False,0.27055320244139713,1.3219757777937906,-0.4506144059784563,2.7611781586614486,-1.7323784533315065,0.2066648362132912,13.518809273325632
4242,1392,-780.7000122070312,0.7043010752688172,False,False,-3.1954216150317025,1.3535077052225497,-0.31146820522272756,0.1478144354314026,-0.8470271686643349,2.758315383812975,16.01193383108448
4242,1393,-764.7999877929688,,True,False,1.800824313046734,2.490789587298753,2.6616366812719283,2.270950188065722,-4.114513687182732,0.10711238232697225,14.082587812852763
4242,1394,-758.5999755859375,,False,False,-1.9674265016945611,4.060097480812717,0.27339452157367244,3.208507908759199,2.789209053924026,-1.8924492373251898,16.112820817042937
4242,1395,-770.9000244140625,,False,False,1.9885947402473498,1.7392764855648137,-2.0534134840744036,-1.8594452873604255,-1.2636326527046307,1.3310901785242188,14.621404575690853
4242,1396,-769.7999877929688,,True,False,0.4816001384711639,1.4093608850926216,1.6440488529966009,2.249673354077892,-0.588918932529486,0.11941053543252739,14.515021838413984
4242,1397,-783.0999755859375,0.7204301075268817,False,False,-1.1269133979007877,-1.4404697092025966,-2.754872084425322,-2.0009661189122685,1.1211478070033623,-0.6638813443221767,15.849391493207547
4242,1398,-770.0999755859375,,True,False,1.0986610697282748,1.4181137215406268,0.581129812374446,-3.6488752640183955,-2.348106773376265,1.0596369421908245,14.162835489658143
4242,1399,-764.9000244140625,,True,False,1.4389096119062585,-1.393063139218442,2.3291566392669116,-1.538243161386878,0.6494216945048739,1.433969753809778,16.59497166028068
4242,1400,-761.7000122070312,,False,False,0.970018050205424,3.4036130369569233,1.139795009782772,1.2052013766365626,-3.5114332516306055,-1.6416356063505841,15.122681043799782
4242,1401,-750.9000244140625,,False,False,-0.4698344756059875,-1.6783016753342612,-1.038192318220846,-0.16945543468775087,1.234345337518332,-1.0729089856670178,17.16432589267057
4242,1402,-759.4000244140625,,False,False,0.7279118874977176,-2.3978138567023453,0.3951895498116378,-0.6763754923497475,-0.6531536288372819,1.5950428417067186,15.379279466796618
4242,1403,-760.2000122070312,,False,False,-1.1008484945118295,0.5528973806249033,-1.1757160562832347,-1.500536674737723,2.6451799860128657,3.0808581674455175,15.082680120170322
4242,1404,-770.0,,True,False,-3.2884754346144742,-0.4987655158328401,0.8822527260061667,0.36240714050040973,-1.2969400031325709,1.471048132682899,17.289295089818697
4242,1405,-771.7000122070312,,False,False,0.3085407545448045,0.4920530370201838,-2.214586465933583,0.7947896038769582,-1.8854646449846724,-2.3891635394571336,15.385097133045631
4242,1406,-766.5999755859375,,False,False,0.863921717409049,-0.8480291918987063,-0.3619849913274625,2.277315445456502,-1.3951151807974098,0.07040984173938779,16.171265780962102
4242,1407,-771.9000244140625,,False,False,2.366351084823079,-0.2516466340206163,-0.9403617561299392,-0.46983039973796786,-0.10631972744272888,-1.4302292130844798,13.318448330181134
4242,1408,-757.0999755859375,,False,False,-1.9362630156585778,-0.18490787654129556,-2.0733797136319243,1.718913759634512,-2.073826994988382,0.7660361359795703,19.14207912123347
4242,1409,-758.0,,True,False,-0.32799594542061306,-1.733657965439863,-1.713438409642121,2.5570294760276076,-0.4109704824408746,1.042490710914369,14.375377690027369
4242,1410,-773.5,,True,False,-1.1348550364926508,-3.570625848568088,0.18731074000727813,-0.7269098282640576,0.9749007092096609,2.2320710738664116,16.82658085780331
4242,1411,-763.7000122070312,,True,False,-3.0023828639716053,1.1210317028035872,-0.4780452713705004,2.3644723208287757,1.363251778639079,-2.0539394075702706,17.112034384863808
4242,1412,-756.0,,True,False,-1.3437832244335997,0.02118310220217102,0.029593797970197854,0.7390598516075746,-0.2402935180960185,0.3315855228843174,16.84824235666986
4242,1413,-763.7999877929688,,True,False,-0.14497557036073147,0.8243501298927911,1.207756526796543,0.9774429889964418,0.5996665097817853,3.126815721209249,13.716376023863152
4242,1414,-775.0999755859375,,True,False,0.4530128066641794,3.919483804533995,-3.9674421373218904,3.057165206488485,0.3539637196403222,0.7880242422900257,13.377459939287187
4242,1415,-775.7000122070312,,True,False,-0.7379239294253163,0.3908433846872702,-0.6567765948202008,-1.0591688499761183,1.115481470725231,-2.4205814591072725,16.822580985791408
4242,1416,-755.7999877929688,,True,False,-0.12047052730522945,-1.6683692392723954,0.14111851566218936,-2.236220778477384,-0.02358097363645713,0.010267538964264048,16.50300802320904
4242,1417,-769.0,,True,False,1.5968827779799701,0.8118656780681979,0.7257428798424815,1.2509589445062297,1.2159818167521825,0.5072970564983584,14.256359268276642
4242,1418,-779.0,,True,False,-0.5797300293981825,-2.8727958066732877,-1.5985189395773973,0.6828322803577425,1.3991838897033768,1.1007455648232725,16.851839892155724
4242,1419,-766.5,,False,False,5.06304303609859,-0.24084927618465057,-4.387627260248594,1.4887495453312847,-1.4796315834396878,-0.02855207251986775,10.42048658996883
4242,1420,-762.5999755859375,,True,False,-2.1686777485226334,1.9549046069683256,-2.2748398605236595,-1.5979394908259068,-0.15845834901568887,-1.115104389918325,16.04889724650339
4242,1421,-757.7000122070312,,True,False,1.4515368759966827,0.9242208460739512,-1.4312491162218925,1.2210172894558975,0.00896088889618432,2.7309585476899803,14.147514643432544
4242,1422,-768.7000122070312,,False,False,-0.8836287032267,-0.4983078971298862,-0.42117810318599547,-1.4294296028877056,-1.006094396596016,0.747475427619209,15.16756772157001
4242,1423,-769.0,,False,False,-0.7644712288226395,-1.5056335514058037,0.39113430956067335,2.732986309823589,1.9577219982774594,-1.5622272422958279,17.729018890294082
4242,1424,-764.7999877929688,,True,False,-1.4182068886329036,-2.8486187474785742,-0.43637780566990947,-0.7629697079383295,-2.9736293370504185,1.373125331462059,16.399774920899976
4242,1425,-768.7999877929688,,True,False,1.3620265116659251,-0.9464612322184013,1.3128698294392658,-3.6799332417646746,1.2874603450282032,0.46706130611224583,16.714030794284028
4242,1426,-754.2000122070312,,False,False,-4.96288358970413,-2.042891501273012,1.245313642503498,-0.3734862735717671,0.28629988714268184,0.19827898736232247,17.425553650580504
4242,1427,-767.7999877929688,,False,False,0.7591272484816919,2.9568537784596267,-1.3708599606747254,2.4778035629390938,0.6648395606472981,0.5352076777226792,12.331555674820907
4242,1428,-763.5,,False,False,0.5950495556925517,-0.4556270256250991,-1.077872196366646,-0.13383467781888878,0.6405487985654512,1.8038601339089932,13.837957208619118
4242,1429,-775.0999755859375,,False,False,-0.022883812181803805,0.3414775666060072,0.5693778145224777,1.2471646480881304,2.6054847168969855,-1.9972052918689918,15.54303375929875
4242,1430,-765.5,,True,False,-0.058213786711951536,-0.9134134961549627,0.018410759773377285,-1.2554397801012387,1.112260829640724,0.8263435489907244,15.667259402478631
4242,1431,-758.2000122070312,,False,False,-1.761507714551557,-0.2095281273255279,-2.0647912480208324,-0.8245320574971419,0.7755208709630848,-1.8067258125689118,15.255760579623916
4242,1432,-761.0999755859375,,False,False,-2.720780475980932,-0.5116044619742772,6.28873267076912,-1.0488906508973157,0.060348464070141605,1.8691696684848353,18.827570677262276
4242,1433,-762.7000122070312,,False,False,0.7596043436941518,1.7939649183617512,1.1584513270966403,0.20253836585602764,0.6667830075220174,-2.5559788039144573,14.547463134811684
4242,1434,-771.0,,False,False,1.2300552624213035,0.6857157722644627,-2.411808462642506,0.37452441261683556,-1.6077861555292738,-0.5736464541488726,13.168491374597911
4242,1435,-780.0999755859375,0.7150537634408602,True,False,1.5962605373683214,-0.07059426832157614,-1.545361892825172,-0.9883610628287575,2.449375271890133,3.0654643993506685,14.02329353901594
4242,1436,-772.9000244140625,,False,False,-0.19121876653014094,0.32592759877882915,-0.4310705317498711,-1.8896217562923165,0.930695371472184,-0.480134669539656,14.876679382980152
4242,1437,-757.0,,False,False,1.1615460213461346,-2.8809394970462807,1.989628956217992,-1.1540156950648548,1.5207538663222333,0.5582560623553812,16.641025387218747
4242,1438,-759.0,,True,False,0.8648323137124252,1.7420970209282287,0.6966555873288292,-0.3022436196600269,0.2097739389825993,1.7305500807595722,14.10750093935384
4242,1439,-773.2000122070312,,False,False,-2.054054289918717,1.2305198096835266,1.6577405931140026,-1.6584850349518097,0.7112508141799191,2.4145297320879964,16.230719816089405
4242,1440,-758.0999755859375,,True,False,1.7144086038578452,0.09011810823305474,0.5097913212693301,0.3958442602207706,-3.1859541557310562,-0.45156721008191475,14.334870512373948
4242,1441,-759.2999877929688,,False,False,2.399777941425601,0.6153107890237652,1.0018263679996988,-0.3201043862465114,-0.19522782250947066,0.3365189628802602,14.26244814801216
4242,1442,-759.0,,True,False,-1.3345703223862648,-1.887859726686506,-2.3476019413017886,0.9947936899976043,-0.07675763014667654,-0.5770509457417606,15.30337221431912
4242,1443,-764.9000244140625,,False,False,-2.431721919473632,-0.8970316262846206,0.24489681970486532,-0.4607642914002872,-3.454935315616825,-0.15285442442579725,15.362554514369648
4242,1444,-761.5,,False,False,-1.7362836561216382,-1.3630055683061715,-0.04233001744339057,-1.284512993159659,-2.26616092601929,1.3634933668762048,15.069869194453496
4242,1445,-752.2999877929688,,True,False,0.732242745043939,-2.4540922878367866,0.7365273139847403,-2.6332714198736213,0.7673787374429003,0.13083716597520817,16.86984421146818
4242,1446,-775.2000122070312,,False,False,-0.05620106160355528,-1.0992441036153773,0.4153728743131715,2.403936745292937,1.7176088191849703,1.2604192587317704,17.27102006957951
4242,1447,-773.7999877929688,,True,False,0.10483626843274006,-1.1743536074845047,2.3814658571404848,-0.8042865575157349,-1.5296118155646106,-0.8517475626920326,15.72934956846901
4242,1448,-784.2999877929688,0.8010752688172043,False,True,0.6228428831876887,0.4102882652243577,2.124880462536571,-0.03145205920103016,-0.7394745141905152,3.3070009063815227,14.896649536661998
4242,1449,-762.9000244140625,,True,False,3.232636135992694,-0.35240041694235885,-1.1278872483428086,-3.009582383892868,0.49135878025319385,-2.2405840493783566,15.24462857498315
4242,1450,-769.9000244140625,,False,False,3.844835691662703,-2.389606826880136,-0.5603313878374037,-0.808524231755851,-2.0460830070663407,2.276934735444396,14.807671229618224
4242,1451,-753.5999755859375,,False,False,2.0299898581174465,2.515693592796959,-0.9381758617993846,1.3117895511206104,0.27976050870796654,1.5409075019616196,13.05945948335662
4242,1452,-765.2000122070312,,False,False,0.29666293009296174,-2.6823697951152146,-3.164164676470512,0.556635182093688,-1.4520435502669853,0.7538176457462763,15.8481260060867
4242,1453,-754.5,,True,False,2.8173175741493717,1.6261444144755435,0.7838843384326073,-2.960594348050874,0.008075794775083776,-1.3401120124281598,16.4809656310779
4242,1454,-760.4000244140625,,True,False,-1.5530613271883371,-1.3945822564586932,-1.7111592422160886,-0.08896788047255065,1.7332047929477528,1.885904019575871,15.966022704523644
4242,1455,-762.4000244140625,,False,False,1.0877300815914972,1.8872016087058319,1.2304040578662314,3.026204002322975,0.29672453942724997,-1.7307432033913976,15.574210487895714
4242,1456,-748.7999877929688,,False,False,-1.5564145798708124,0.3241126041536125,-2.2503901291073722,-1.8525935006609786,-2.8903369885083863,-0.4641536596173725,13.917002749951855
4242,1457,-775.5,,False,False,-2.1318868410057767,0.8846996396862297,1.4015392628216676,0.611211887370868,-1.5763063921166156,-0.6380342990365976,15.481093500567127
4242,1458,-760.0999755859375,,True,False,2.550520295249163,1.2635440039497912,-2.4675953904202577,2.376088586240302,-1.1827679530617492,-1.8465171943071874,15.344997259569794
4242,1459,-761.2000122070312,,False,False,1.9457816466399882,-3.7701636522292454,-1.8303878954957313,-1.876559129774969,1.0543938298179907,-1.623289480995862,17.968849508218568
4242,1460,-786.5,0.8440860215053764,True,True,0.7828364208149436,-1.142387903451235,1.2388014624909927,1.0883245737199871,-1.9554870196709748,-1.915519644173656,15.564054292551113
4242,1461,-762.7999877929688,,False,False,-2.7258422731884626,-0.2818769524505126,-0.787746514298726,1.6301585872080375,1.0675620404432253,-1.5124114625102931,16.409631665589487
4242,1462,-770.0,,False,False,-0.5864311823747698,-0.42096496952337525,-2.0206348376282692,-2.4225728989918958,1.1803886667714742,-0.4377828725113888,16.675898395771355
4242,1463,-765.2000122070312,,True,False,-0.9826856384522327,-1.8967057099444316,-1.267320238022048,-3.4634350835285104,-0.9261036796782839,1.0632851554881122,15.609113749001436
4242,1464,-770.5,,False,False,-2.0143468127493414,-2.6090712341483613,0.003052090645410469,-1.9877208238243098,2.7625665486858657,-0.48972319406484793,18.738126594104184
4242,1465,-750.7000122070312,,True,False,1.9869403467591826,2.9584231622852677,0.19889410530773197,-0.9369570386713293,-0.2677135688659998,1.364872615439573,13.642253075237326
4242,1466,-761.7999877929688,,True,False,0.2829193412653813,0.4934919872623248,2.5009725274510575,1.5064207004264425,-0.24916720556171762,0.3419459121987715,16.293716272639383
4242,1467,-773.0,,False,False,-3.3952435547197415,1.330681214825061,1.5439300395957634,1.378545237766391,-0.49193942889449194,0.32816666092268026,16.939358880878007
4242,1468,-761.5,,False,False,1.0000531648248716,-2.132572936777444,3.1365796486629174,2.822753922395602,-1.5754391812168604,-0.2974686671669124,17.98474321256317
4242,1469,-767.7999877929688,,False,False,1.8875463251360718,-1.9955934120614272,-0.750792869121802,2.1449072226236483,-0.7833074405528525,2.904888004397749,15.032238848364425
4242,1470,-769.2000122070312,,False,False,-0.21980903987337552,-0.05921824938922932,-0.0057525406572938005,0.4593280143196368,0.8484039150288856,0.36016691535621687,15.7086415235222
4242,1471,-758.2999877929688,,False,False,-0.12787058669064222,-0.11018902146279436,-2.507567031421497,0.6691958289900768,0.9722140544557171,-0.6615324526704311,14.84415480538509
4242,1472,-768.0999755859375,,True,False,2.5981856878921503,-0.886375035440389,1.3853204198876754,3.3766472124451115,-1.577244415193955,-0.3787057327405076,15.7715517619848
4242,1473,-763.5,,False,False,1.1365341924975954,2.7122629615469522,0.553688629183584,-2.7243532806879096,1.8039142082439965,0.0013861997391403944,14.566170706914022
4242,1474,-760.7999877929688,,True,False,1.4395957539370852,-1.155486790972498,1.3589687433295419,-0.5622930606037905,-1.2247491075730503,-0.954982332857002,14.300247784109917
4242,1475,-783.0,0.9247311827956988,True,True,0.4449929227650098,-1.3419229679211142,4.000255924893141,-1.2067341263416849,-0.402909986905199,0.27022703142434257,16.479550616572155
4242,1476,-769.9000244140625,,True,False,-0.357392355861609,-2.8913618567306187,-1.1502507240596007,-1.714510958039373,0.41397130314620767,0.036104118288062134,16.80037687744245
4242,1477,-769.7999877929688,,False,False,0.17303358011330697,1.4381220466201985,-0.4820008850395379,3.5922240698568553,-1.0235806929410223,-0.31668844513967803,15.5989732288189
4242,1478,-763.4000244140625,,False,False,-1.1386956847752274,-0.06903778647869548,-4.01104512680116,0.5655329681282475,-3.605248725267909,2.0196749308891473,13.980855515393868
4242,1479,-767.0,,False,False,0.9456919694403393,-0.782303269002569,1.392673016229106,0.8254441195732881,1.3041680643845632,-2.490256068845092,16.0553050680017
4242,1480,-769.0,,False,False,1.9954773867079785,-2.6333349883188824,1.395768817407164,-1.2884986944702905,-0.026381175961124846,2.078304060647203,15.609675835143117
4242,1481,-767.0,,True,False,0.48682780923376745,1.1489789823908014,2.2207232162680093,0.04384942423320592,-3.881049003139423,0.9753434649585577,15.790480825895045
4242,1482,-760.4000244140625,,False,False,1.1073924654827327,2.4796924774465494,-0.38428673591218115,-0.4288390044354782,-3.8926593761470913,2.4131494388300476,14.372420628860736
4242,1483,-768.5,,False,False,2.8930979584457126,0.5655933431059994,0.6671937076151129,-1.6311296899974217,-2.6948920929800178,-4.433913441071998,15.151418938265802
4242,1484,-763.2999877929688,,False,False,-1.9792213079071852,-1.0187234694531788,-1.1347318003736424,-2.907893421984185,-0.32027195156491234,-1.3317242555145536,15.5792658581152
4242,1485,-766.0999755859375,,True,False,5.11149028716075,1.417772046310736,0.5720915777489222,-2.192922569750263,1.1618945030161218,3.357029576495022,18.099094754003982
4242,1486,-758.9000244140625,,False,False,-2.7611223521334893,0.4866088321131656,0.5805621699280683,0.5151708663066391,-2.12646078037049,-0.2987697983200591,16.506351735163037
4242,1487,-753.7999877929688,,False,False,-1.5009450092939531,-0.2092468130676285,2.0574686498905232,-0.35616528236300904,0.9386069379105905,0.6709301020874566,17.966393966882542
4242,1488,-770.5,,False,False,-3.1783675562204636,0.6064733537211674,0.9734705309732293,-1.4613480918509454,2.194352228590589,-0.7919661005778609,16.738533808173983
4242,1489,-758.2000122070312,,False,False,1.8773113508372044,-0.7037743834448161,0.9437430529727115,1.8600940997748863,0.9573133725350379,1.3716754431835014,12.341559775657672
4242,1490,-774.0999755859375,,True,False,-2.3650238563845973,-1.9344330018924805,2.635478279569048,0.922586503488814,1.199138419678524,-0.5803925939335206,16.611508533343326
4242,1491,-763.7000122070312,,True,False,0.5638348020124062,2.4802872907332687,-1.431692518903691,4.456654948496329,0.5841420096086342,0.9014308061475151,15.112335977659672
4242,1492,-760.5,,False,False,6.515952604899046,0.4459681466398336,1.9328072312984572,-2.251793947614608,-1.1412115877629074,-2.2926304042624457,15.486810612549961
4242,1493,-767.2999877929688,,False,False,-3.298053230349173,1.1150839294310482,-0.0702915739564785,0.8949255964998178,0.35836946814718007,-1.4338965866470663,16.89696449406368
4242,1494,-768.0,,True,False,-2.4184388713853475,-2.830719998805632,-1.6517356123666103,1.8204818156145068,-1.871163535230536,-1.8495183479640724,16.661405124217985
4242,1495,-752.4000244140625,,False,False,1.8086663066775037,0.7251070750980869,1.0983996567432381,3.187975109085222,-4.4042563471865614,0.4557491181581818,15.420609052938001
4242,1496,-762.5,,True,False,2.084468935644884,-0.3471404526668493,4.054390493832657,0.300666827429237,-0.540580461294424,-1.8458911079326814,15.185316638145457
4242,1497,-766.2999877929688,,True,False,-1.5047862830113985,0.2824428569377941,2.6208789537737442,-1.8646025642528365,0.2082110626450369,0.5714313913696301,16.56899293786108
4242,1498,-769.5999755859375,,False,False,-1.6242959770689362,0.8621121340162978,2.6635241540963235,1.7163667674847727,0.1358352337458405,-1.6671751293055337,16.434119550892223
4242,1499,-777.5999755859375,,True,False,-0.6009272393152608,1.690790650723897,0.0066291920596364675,-1.7914498610240468,1.272917728045227,1.534768677830614,17.73144931768908
4242,1500,-767.0,,False,False,-1.750262435412178,2.706913118416793,-0.31008511003797057,0.14547565806689997,0.18815767501400932,-0.8497208341301509,16.587178222986488
4242,1501,-761.2000122070312,,False,False,-1.0988881679520124,-2.2021879727659117,-1.0978872445411365,-0.12130786795612729,-0.17982983339614644,-2.345312980090428,17.671680828778968
4242,1502,-762.5,,False,False,-3.6131831328484,-2.4156048371408128,-0.14754598574624941,-0.6611424051058187,-1.65394538297009,-0.9323570130404188,18.393305403088217
4242,1503,-771.0,,False,False,-3.082168789646224,1.5238015215664253,-1.1443899726637994,2.8430198725628015,-0.924659578116719,-0.45634782487710446,16.96101109231581
4242,1504,-766.5,,False,False,-2.747508370910995,1.7988466378413979,-0.881930315231116,2.3957777119239334,-2.049788983263586,-1.1400898655027376,13.793480506002092
4242,1505,-766.9000244140625,,True,False,-0.966961412642241,1.6218136521743187,-0.30337224250437295,2.823956267917062,-0.511739970302854,2.3991417951677496,17.130171329848544
4242,1506,-764.5,,False,False,-0.19569862259516285,-1.267382730519606,1.1115137706106302,1.8534013353761252,-1.1480950640847636,0.22590027712348668,16.086173030404535
4242,1507,-765.2999877929688,,False,False,-0.35977514032611857,0.20908780369263255,0.3825362844139412,-0.4746524500562929,1.353025000695781,0.5799337698411471,16.339110613337816
4242,1508,-753.7999877929688,,False,False,1.3612391917314142,-1.4100573198434574,0.6365969910686565,0.19255712420940335,1.3709988416850687,0.1514666929200754,16.779822721241437
4242,1509,-764.5999755859375,,True,False,0.25332823743056193,-0.2642586410401722,2.892256513817174,0.9346891244500866,0.03389166276568867,-5.830762456274349,16.216740509096017
4242,1510,-765.7000122070312,,True,False,0.7008409976423758,1.8168716140191985,-2.279448192209735,3.916809906472365,-1.0668786789944797,-2.119609920664502,15.709931593624987
4242,1511,-763.0999755859375,,False,False,0.1106329819172039,2.065496871696941,-1.887552130315737,2.3203056184416866,-1.1306800618702373,1.257335447149633,13.924040474389138
4242,1512,-759.2999877929688,,False,False,-1.303317480782071,-5.540973750950669,3.378871337308134,2.2753154486392964,0.9680480934101894,0.1697486171955355,19.142088663920482
4242,1513,-759.0,,True,False,-1.9182617964827027,-4.608206956002588,0.8771883363138514,-1.2060279491424077,-2.4992433936038836,1.2226514675347862,17.81041139867806
4242,1514,-767.2999877929688,,True,False,-0.6783008216757387,1.5900899035947087,-2.2129338840657424,-3.0362150012412594,-0.11860492589252089,-0.04685155305340311,13.719275611336736
4242,1515,-765.0999755859375,,True,False,-0.12455257215526025,-0.5967710339283675,2.690940751781923,-1.5186811074378803,-1.474565761824359,0.9510251214149252,16.137198071985747
4242,1516,-756.2000122070312,,True,False,-1.336014500583929,4.573883167083144,0.9044540066366386,-3.04154231892296,-1.3358965780840453,2.177422633356276,14.953053628305268
4242,1517,-759.0999755859375,,False,False,1.987924561470304,-2.1558713775012657,-1.0161083002350388,-2.3035708597187496,1.7956166231426594,0.23501374186300816,14.98417627081458
4242,1518,-769.2999877929688,,True,False,2.3440249223407226,-0.6873219142299584,-0.7546757173450801,-1.1360554979736688,0.7408700979237112,1.7157864188578131,15.549109515229286
4242,1519,-766.9000244140625,,True,False,-0.7382945565126824,-2.1903414732266206,0.21088058558707864,-0.5485741008489714,1.3867044350693125,-3.196127868781956,17.386513447786108
4242,1520,-758.2000122070312,,False,False,5.468907269087946,-1.6802143463753514,-0.21197440874397017,-0.6371254132201093,-1.7261747883867113,-0.2802208108933615,13.54390993281259
4242,1521,-770.4000244140625,,False,False,-2.31358328746395,-0.294119906878466,0.8452997616153552,-2.0346517640905275,-2.782712080557037,-0.7547820768153449,14.92515003820351
4242,1522,-766.7999877929688,,False,False,-0.49040364149670307,0.2527725059574906,-4.231430062696851,0.7179198519460304,-0.24252514753944954,0.1452190646726907,12.513296793267132
4242,1523,-765.7999877929688,,False,False,-2.1252617727325305,2.907676691545616,-1.3495294411109942,-0.04842416256380858,-1.981478403529627,0.3818204503892857,17.460009394585253
4242,1524,-764.0999755859375,,True,False,-1.8640154063612566,3.5504852698577496,1.1893856216159127,0.43611341326411496,5.564775718895085,-0.45768714704077607,15.888876975362319
4242,1525,-760.2999877929688,,False,False,-2.0114672061600354,2.781077817459813,0.36923549069537054,1.97154519518898,-0.8995245281539905,-2.3449571885557448,12.724521796443803
4242,1526,-772.7999877929688,,False,False,1.243960653564329,0.8482742873805599,3.019136800085747,-2.709707421901011,-1.560838945487165,-1.5509822367787507,16.592879691545086
4242,1527,-757.9000244140625,,True,False,-0.5734864092905316,2.290850554401368,-1.6547875671863448,-3.3473340743944986,0.8982547028067163,0.6391459922939379,15.086631665486612
4242,1528,-767.7999877929688,,False,False,-0.5043156319944136,-2.5233179275818034,1.1230024136174446,2.9106076154677596,-1.6150195013651383,-0.4764278087809689,15.45532890169204
4242,1529,-774.2999877929688,,False,False,1.8081237867054978,1.8099748945118883,0.5350214046541615,-0.004469760674969678,-1.399948108255072,1.217624552756578,14.736891710030408
4242,1530,-768.4000244140625,,False,False,2.006897855434299,0.17168329250085954,2.3782782486681486,3.6753236416834283,-1.213357879710844,-0.39712710857322947,16.052011430008527
4242,1531,-778.5999755859375,,False,False,0.29615558374349704,1.6462064474103757,-0.7899275239087148,-1.4797351152267637,2.0626717803715198,-0.003738691117567718,14.670923352218104
4242,1532,-757.9000244140625,,True,False,-0.4040924492904477,-1.381598945413149,2.189984273648187,-1.7117308987560893,-4.022085182014174,1.1110213306506067,17.12577510785343
4242,1533,-781.0,0.6935483870967742,True,False,4.653847811009775,1.5868966423658277,0.8447399341838037,-2.116532922325787,0.6828760695399939,0.41197364859986585,15.034936239446415
4242,1534,-756.7000122070312,,True,False,-1.385187240986207,1.5193735170121794,-0.46227893271174403,-0.88409755170432,0.5922037812681736,-1.292605317320503,13.979529120023429
4242,1535,-784.9000244140625,0.6989247311827957,True,False,-1.7615396759480773,0.513261291155501,-2.74067549708686,-2.0051955169632745,-1.9268583071207162,-1.785982751233181,16.98960767677112
4242,1536,-743.7000122070312,,False,False,2.944509352403155,-0.8792854395061902,0.3146938433605353,0.48573970271859773,0.18360606371299487,0.607944336301582,14.878893837402538
4242,1537,-759.4000244140625,,False,False,-1.1497579754773422,0.62642646461663,0.09166770467396594,-0.14224403165407676,-0.6391167522363679,0.7482766701102479,16.297362479972215
4242,1538,-757.2999877929688,,True,False,0.26981520663272385,-1.4686871883344799,4.429900198136503,1.054647891475512,-0.45287876783965464,-0.9884391961928325,16.859472863302297
4242,1539,-756.7999877929688,,True,False,-1.4113811737414452,1.1190789648081905,-2.5479063856966064,-1.4217729871665856,-0.20558414799376057,-2.823637586193483,13.400083424721165
4242,1540,-773.9000244140625,,False,False,-3.1225364278051906,-1.1082109034450345,-1.7882517119062642,-0.9109507142309379,2.3786010106401596,-2.796551751956926,15.873199370896605
4242,1541,-755.2000122070312,,False,False,-0.45091389622592704,-0.9765192861391977,-1.8494525269354947,-0.9812929396929768,1.320545536934672,0.75312835220875,14.71873647402051
4242,1542,-777.5,,True,False,0.021103782998225663,1.4790518840932352,-0.42028405846599787,-0.6244803042530191,2.946400562853442,1.7463599668502932,15.55785383249805
4242,1543,-768.2999877929688,,True,False,2.088609829848451,2.530268675651333,1.504761450712163,1.5391225225891387,3.439736204228905,3.311465470854135,16.816656697884213
4242,1544,-766.0,,True,False,0.9514021063210584,-1.8751392468330477,-0.7908818408561711,-1.80502055320296,-0.24142362928218636,1.953024585304629,14.368466928398592
4242,1545,-759.5999755859375,,False,False,0.02632664502407995,-4.685429640841666,2.2015813299371616,1.148465269673531,1.3531433014957959,1.474835559873368,17.630743371493406
4242,1546,-767.9000244140625,,True,False,-2.0849810798343644,0.7212414655548517,1.056165233768274,-2.933775691446025,1.1828082851291684,0.7529144122607737,15.655069672191953
4242,1547,-776.7000122070312,,True,False,-1.8144812149457639,1.6192782302777,3.111271266447864,1.2005173294785114,1.2726183263602349,-2.837715500160726,18.93320391733692
4242,1548,-773.2999877929688,,False,False,2.200089166347148,-1.2806137851352482,2.0689649122140397,-2.9287119608853183,-1.5256922799778672,2.9394510766735777,17.53054345819237
4242,1549,-760.2999877929688,,False,False,1.9104956002595401,-1.7559814198273276,0.4587874915815636,0.7296712383200836,0.537332170056637,1.4417154418516576,15.281697293879596
4242,1550,-761.7000122070312,,True,False,-4.851158308129021,1.2013712612929537,0.1949945270042965,-2.377290048834755,-3.873843031277837,1.0916914206537611,16.761947377019187
4242,1551,-774.5,,True,False,1.8381522315176633,-1.291547184747161,-1.1531662650519845,-0.32842359378041136,0.8022117399448899,1.1510406789242928,16.085282338928348
4242,1552,-773.9000244140625,,True,False,2.531437639953589,0.6722448904780393,5.316987695134961,0.30513263656642886,-0.7584367635763317,-0.6336206204925563,17.68243947083507
4242,1553,-763.2999877929688,,False,False,1.8672278237667483,-0.3124352642962671,1.8510098136530688,-1.4196807106212461,1.552441540086205,-1.1887230689978356,14.646854076016613
4242,1554,-762.2000122070312,,False,False,3.726455520373161,-1.3891484887679366,2.1639460788375104,-1.057876333437587,-2.098088991494194,-3.9616061195146024,15.97673600786369
4242,1555,-771.2000122070312,,False,False,-3.056372417175092,1.761892898117603,-0.1636544116712928,-0.9451254799667299,-0.025581838480452024,4.981691265334948,16.327408861064384
4242,1556,-757.7999877929688,,False,False,-0.6123830739119207,0.898840753817923,-0.206777646702069,1.3213087311973524,-1.3802984249846946,-0.31450433338353045,15.228047941304764
4242,1557,-772.5,,False,False,1.4061138491887852,-2.0689379310220746,3.0033185976768557,3.296561592557879,0.40577393150921187,0.4943763487317414,16.636563696019465
4242,1558,-754.0999755859375,,False,False,-1.6478175842371157,0.9517313410592537,3.054465603246444,0.7877723034673344,2.745977279445534,1.8563757360137054,17.010081547963903
4242,1559,-774.4000244140625,,False,False,-0.5610178367493718,-1.5453362413006893,-0.34558061698784215,2.898114056691851,0.5940095781501609,-1.1311875170840133,16.212181733116534
4242,1560,-763.5,,True,False,-1.543486608380105,-0.21195305274487025,-1.9123931773889566,-2.1364656089040004,1.3918841937489126,1.992434865252676,16.52719290600915
4242,1561,-763.7999877929688,,False,False,-2.2847532298408897,-2.0180147324223516,0.0741018811368138,3.0333689729629296,2.1562467054146452,1.2059118188642013,16.742035698469614
4242,1562,-767.4000244140625,,True,False,-0.0653202840466371,-0.864021736865705,1.3933497538871331,1.4529497413041879,0.911260229751698,0.5463382433197319,14.816333943039533
4242,1563,-771.2000122070312,,False,False,-0.8200710342108876,0.457481747365855,0.002470826746357858,-0.8209753686250445,0.6623669914810588,1.229859933187541,14.871887606128153
4242,1564,-744.0,,True,False,-3.772996211962756,-0.8367560462630764,-0.17730038778234591,-0.6440235336555441,-2.4910743696457662,-1.7340875072151312,16.30049194291704
4242,1565,-769.7999877929688,,False,False,0.33365750417457635,-1.7905024029462804,-1.914651178180244,0.5787282483451951,0.7079339113682408,-0.5823274723859848,14.95096592011942
4242,1566,-769.2999877929688,,False,False,2.5099663978844093,-2.987477504093911,0.86492977943608,-1.1523979469061767,-0.7190484124164156,0.27609664292079156,14.84264024504285
4242,1567,-753.7000122070312,,False,False,1.5582057933831857,-1.4948224640964098,1.5467398344458876,0.9781041086883037,-0.8746095648482445,4.3185675971633515,18.012735136046565
4242,1568,-766.9000244140625,,False,False,1.452106548247807,-2.68905279073191,-4.355079654435775,0.5385231867796252,0.598187693755075,0.23719579369879204,15.602899815673641
4242,1569,-767.0999755859375,,False,False,0.9649728177770079,2.073196626588192,-1.4459689317681053,1.170107420498223,0.04810699455960828,0.6497850140889257,13.154812917966398
4242,1570,-762.9000244140625,,False,False,-0.9298106679998958,-1.666907923787511,-0.0447795746830243,-1.6008594439064658,2.5824597719898237,1.0959860564952857,15.338792499366969
4242,1571,-745.2000122070312,,False,False,2.666396704386154,2.267214266973618,0.36331701091407337,1.5224271816844834,-2.429192101283995,0.10713132855494585,14.770209057234164
4242,1572,-770.5,,True,False,2.1985321617686746,-1.700650597826007,-2.697253004331566,-0.22888673736699783,-1.6573583082825663,1.5033404899470686,12.539175740895487
4242,1573,-762.2999877929688,,False,False,1.5990656534849377,-0.6865789335768901,-1.1962124662217553,1.3750191541859236,0.42848975618833135,0.7722491878862621,16.657570612332034
4242,1574,-754.0999755859375,,False,False,0.661856483620441,1.5404970720971936,0.7336150441984759,-1.794152146060203,1.1750586910496952,2.2040684723260515,15.746072282923247
4242,1575,-760.7000122070312,,True,False,0.9740918685263591,0.918463825523802,4.114723818312081,-0.5050281222591193,-1.4296575011723431,-1.3364295317267243,15.486664240989585
4242,1576,-755.0,,False,False,3.013526862157475,0.8359428381869691,2.4802347657225727,-1.0055868374320753,-1.376389078484891,-0.9644189972502488,16.320842043205545
4242,1577,-760.5999755859375,,False,False,1.598321740103769,1.031632362893015,0.49841477942579976,-1.2775733742882205,-0.09624334231679724,0.4045313482563233,15.270544072975335
4242,1578,-778.7000122070312,,True,False,1.2886415474633701,-0.8652616336585409,0.36116903251714305,-0.7407195669089748,-2.63202210053554,0.4633603008582964,16.357252389789615
4242,1579,-767.0,,False,False,1.9792351046015582,-1.3837456944490159,-1.1534994861741403,1.391121505183953,1.3954347651216519,0.36761183236135525,16.613629004132097
4242,1580,-758.0999755859375,,True,False,0.2793741138476107,-1.5120896684262226,-0.19482638646375366,1.7688068971030435,-2.3811951722902758,-0.7647654168744431,14.9445640013263
4242,1581,-780.2000122070312,0.8870967741935484,False,True,-1.8475539815682047,-2.3430106104208073,1.0813780725504456,1.7306364527582305,-0.7103130180037505,1.5028930303782304,15.190547195386515
4242,1582,-760.0999755859375,,False,False,2.3063469412922744,0.6307488117911221,-2.8393086093344375,2.2296192253419944,3.038303118093864,-0.8368050427171174,13.291987253027806
4242,1583,-755.5,,False,False,-3.6251204497102396,1.0637871999117765,-0.346281412353264,-1.964182538808834,0.403705010506526,-0.471053207495904,17.078751474138755
4242,1584,-767.7999877929688,,True,False,1.1986714670090786,-1.1106329853992505,2.5578009079620094,0.1893517508932877,2.3812893896700995,-1.167169158520964,15.98443610332753
4242,1585,-751.5,,True,False,-0.26947968031623887,-0.387908479791859,0.373290593345193,0.1312082096196103,0.772131469199514,2.7554568561028483,17.314838163400353
4242,1586,-776.7999877929688,,True,False,1.162906666526351,-1.8572871559536432,2.3409883932122577,-0.6330759120230809,1.3105238129889891,1.5540586991114607,17.62539992458818
4242,1587,-763.5999755859375,,True,False,-0.41217329825353227,-1.509731779229917,-1.3887250289768585,1.6154273293021577,-0.14959422523490565,-1.5231069154800896,15.134880910963401
4242,1588,-768.2000122070312,,False,False,1.7458478866663756,-0.7858739925030658,2.3098390517031873,1.9581957290832113,-2.257516837678161,-0.8488157385580131,14.916582540298645
4242,1589,-759.2999877929688,,True,False,-5.084614135013235,-1.0029002638185145,0.5725906177219244,2.5783162224233833,1.561773352162023,0.8446584665456308,17.44790808270538
4242,1590,-769.9000244140625,,True,False,-1.7494988829720084,1.4784131365424025,-3.1205805395852577,-2.57795634616119,-1.1638243933542658,-1.7682243260773303,17.05291129924048
4242,1591,-765.7000122070312,,False,False,-1.8797056930070457,0.30541669203588867,2.0358192624724993,0.279493407387536,3.7047355919308447,-3.5001373261609583,17.344026090261398
4242,1592,-764.7999877929688,,False,False,1.3433745117223324,1.2555355325143762,-2.784795158538401,2.475919705541628,1.001901573302986,-0.8662000843797657,12.946075112173814
4242,1593,-764.0999755859375,,True,False,0.9648931481751316,-1.593002739743993,-0.7444081297462413,1.9365905402472143,1.8794224392098606,-1.6911860488818533,16.541764569023016
4242,1594,-771.4000244140625,,True,False,3.0405738631115504,2.19791839792998,4.156964414612175,-0.014520820666095545,-3.3497378904990414,-3.1683762938654527,15.432967631832883
4242,1595,-769.0999755859375,,True,False,-0.2972736753449293,3.3279001955315692,-0.7445890827259638,-1.7241619816701963,-0.21721299619475468,-1.7977691183565938,14.511427979395306
4242,1596,-778.7000122070312,,False,False,0.5797811056195875,-0.1282921812588416,-1.845277693369521,1.307658414575197,1.2412556454273456,0.3948949526651193,14.11708102294332
4242,1597,-786.0,0.7258064516129032,False,False,0.6544623088156977,-2.5130405868852823,2.1377662781323843,-0.6457232418016378,-0.6739119793291968,-0.4574014438030048,18.834316081160935
4242,1598,-762.4000244140625,,True,False,-1.0599009044301058,3.1240287044988437,-3.4287932693788234,-1.1633985386644023,0.10146440230497591,0.4654291347312067,12.101943159903884
4242,1599,-758.2000122070312,,False,False,1.8224592007090807,-3.6063883225125526,-0.5157066716461138,-0.1949836772985095,-0.2681218569288433,-2.1687196740599317,14.958025808184866
4242,1600,-766.5,,False,False,3.123153257638957,0.1608420304137175,-0.8325282609457464,-0.4595021227821951,-1.500439083333107,-1.4294301842038104,14.749774430359055
4242,1601,-768.2000122070312,,False,False,-2.745642547172742,1.6992461414061828,1.90793934689172,3.2572173555027417,-0.3916649115053917,-1.6256673948289817,15.909482450107191
4242,1602,-756.0,,True,False,3.170257770641303,2.090662888540897,-2.4103870717210305,2.191077599330513,-2.718425984175415,0.23322290750049404,16.226397060409354
4242,1603,-772.2000122070312,,False,False,-1.9351682058959574,-0.7538932881709175,1.6464938291300895,-1.3730081121424937,1.273333614827385,-0.5877166644684868,17.548468338267075
4242,1604,-757.5999755859375,,False,False,0.5639728215304068,-0.337587951912615,-3.6774811463744705,-1.459229852489883,-2.2816907556139565,-0.09613019376985513,14.717657715434466
4242,1605,-773.4000244140625,,True,False,-1.2741828288811778,2.030276924201555,-2.8602781557642536,-2.2840385742713654,2.28688789927168,-0.1860486294965424,15.032248774217795
4242,1606,-765.2999877929688,,False,False,-0.2797490510802462,0.8649911831283177,0.13499952028100798,2.7346144488068544,-2.334860441607811,-1.1809186444697646,13.87300206321089
4242,1607,-762.0999755859375,,True,False,-1.5999217130404189,-1.2085952557552817,0.05644513641346117,2.7247228234868843,2.2673883203884246,-0.7217487243407485,15.73551569345226
4242,1608,-778.2000122070312,,False,False,-0.5379832255259737,0.6885727809149926,0.24180747844059708,-0.9911015771155497,-2.6804574039788913,1.6638103927812449,14.993857300146594
4242,1609,-755.9000244140625,,False,False,-0.9471794384582768,-0.2727523373009583,-1.806317624448823,-1.407622062430258,-1.8817302837797265,1.6402486863168235,15.285852587944342
4242,1610,-761.5,,False,False,-3.6971542165434252,-2.9424488710209515,1.4138669106540833,1.298874497582088,-1.329110483607844,-0.2004771014534564,16.98352997562747
4242,1611,-756.2999877929688,,True,False,-1.6085224461129923,-1.245024745550457,1.6540997730127076,0.8314265168129048,-0.4563890532208806,3.207041209929284,16.982204197977925
4242,1612,-765.2999877929688,,False,False,1.5346573078722534,-1.687766761859823,-1.8416943002240422,2.7405760277348454,-0.08277422427831838,-0.07587854600856367,16.146215427524908
4242,1613,-768.2999877929688,,False,False,-0.47496917605418615,2.691632825673748,-1.0669086972799366,-2.748256757267521,-0.5455266059944848,1.078608843909027,15.572528593382225
4242,1614,-761.7000122070312,,False,False,0.06269135594236652,-2.7984770376344663,-0.24706919522395146,0.4758179126521449,-0.4857804147805459,0.09667330646389398,16.568194203776653
4242,1615,-765.0,,True,False,-0.6000189349885557,-1.5748127549133328,-4.589333743956021,2.026359624769709,-1.8020985527439108,-0.44703129831557015,16.38203538773988
4242,1616,-764.2000122070312,,False,False,0.9015668428611923,2.469198181936215,2.811526622347023,1.792314922632896,-0.7173176030021573,2.7183718912366603,15.47499894907566
4242,1617,-765.2000122070312,,False,False,-3.2248079366298614,4.440198324053961,2.964277214064425,-2.3751072109733427,3.4445566164362993,0.9140719028373461,15.270844022364745
4242,1618,-766.4000244140625,,False,False,-0.700355145684644,-2.196114341272755,0.27259710610570737,-1.3866851399973552,-0.710734592347245,-2.7794787898098563,15.719539040306316
4242,1619,-755.2999877929688,,True,False,-2.601530145018074,2.0284682178473328,2.0690072458538347,0.9562537787769098,0.624536000620556,-1.43821020685909,16.366748443782303
4242,1620,-753.0,,False,False,-0.3023347508219496,1.9449277908027909,0.5419519348992137,-1.3913341290207013,2.7833507016791,-0.8406529524624575,14.112791038807138
4242,1621,-779.7000122070312,0.6989247311827957,False,False,-0.874339658416465,3.0290398874116367,-0.9354047164527155,-0.061442403986343916,1.9632560240718475,0.565251116837218,14.546176726959038
4242,1622,-762.7999877929688,,True,False,0.6272841186167554,0.8366887401818486,-0.1298337905689983,-2.6654968382687656,-0.9158478044804477,0.4596944294953296,14.38264639290005
4242,1623,-760.0,,False,False,-2.2030059094311327,2.420696781959765,-0.7366989751772087,1.7491523788567604,-1.772080401853999,-2.171267636979313,15.636449989926733
4242,1624,-769.5,,False,False,-3.036530768823236,-2.0019460500505697,-0.3890899733725305,1.6955670308750643,0.6510761910713398,-0.32630057548341374,17.0317957976029
4242,1625,-759.0,,True,False,-0.5665452843844117,-1.0383441177798218,1.8740040208089281,-2.078770985193224,1.022879403683951,0.3222477510216704,17.5412581648218
4242,1626,-780.0,0.7365591397849462,False,False,-2.7885712837646994,0.6658899538804942,-0.6247489980824018,1.134344174587929,0.4538435314419015,3.0462617892102477,17.15692028170925
4242,1627,-767.5,,False,False,-0.8750938346222794,-2.7989126525522123,1.9600050503726176,-0.662154430993924,1.673916063287895,-0.9990054065783127,18.24443710428632
4242,1628,-768.4000244140625,,True,False,-4.610859740284453,-0.09762700152530034,0.48899947254056086,1.1004987321821393,-2.755058718829235,2.069628894065573,18.46729367350174
4242,1629,-765.0999755859375,,False,False,-2.623760131868747,-1.3505969328299154,0.590862043189613,1.414779078414858,1.9139261324074701,0.17084842862068197,15.05304413086656
4242,1630,-765.9000244140625,,False,False,-0.5762366924233325,-1.766918485461079,-0.4521171214089974,-2.8554460028108726,1.6771857468792635,2.021638410877013,17.317590791837286
4242,1631,-773.7999877929688,,True,False,-2.84715987213025,-0.22209991064012935,-2.2906905680395457,1.2838442400673273,-0.19218732493848664,-0.5861171409180753,15.616959467486852
4242,1632,-753.9000244140625,,False,False,1.856188596267461,0.46659489209190574,2.5389178853840715,-0.2941494788699246,-2.9123089348759996,3.579604446231826,15.45823733113269
4242,1633,-765.4000244140625,,False,False,-0.10463330423527765,2.9598712854090836,-2.0208933083007454,-3.699909535573708,0.42842494534263165,0.336196083436438,12.32337366003788
4242,1634,-766.5,,True,False,1.165779735270001,-0.1266423668979685,1.621676580578762,-0.7041207288807227,1.0488682717869635,-0.9877134500309002,14.714788679720234
4242,1635,-749.5999755859375,,False,False,0.02217053491295491,-2.3210682680672874,2.6780780278651504,0.7159551926342792,2.130259316374899,1.0848683141752988,16.26357907084872
4242,1636,-761.5999755859375,,False,False,0.03560986429211416,1.987874795798053,-0.9410025680124642,-0.4890917100816257,1.1219338784372703,0.34322676523817547,14.573773815142541
4242,1637,-778.5999755859375,,False,False,-0.5397107189928123,-1.1206903142088769,0.48266015440957993,-0.3194951755100457,-0.7859158078777436,-0.8429979576417226,15.219084774408369
4242,1638,-768.2000122070312,,True,False,0.7412265742534678,0.4992660081979134,2.3195343590607234,2.1100805132611793,-0.4661314471861629,-0.2279948082308351,15.931035104778038
4242,1639,-755.7000122070312,,False,False,2.20909840627146,-0.35656061541230694,-1.3194598205870671,-0.71358079534422,1.2934273522868749,1.5288673521583538,14.804127659117158
4242,1640,-777.7000122070312,,False,False,0.17038951768552912,1.0999160173608202,-1.1310385903160967,-1.5965507493435533,-4.56185942910139,-1.1731603105460497,15.090067574332762
4242,1641,-760.0999755859375,,True,False,3.9921241886464274,-0.34724328999660875,-0.6951962117051288,0.8013614756251574,-1.3878984591564174,2.1189169235110215,14.557605106191993
4242,1642,-753.0,,False,False,-1.9543254632338007,-2.6325202422447513,2.9041037159503778,-1.232734702204834,-3.3514028234195394,1.548048298961645,17.057801956043477
4242,1643,-766.0999755859375,,True,False,-6.082202503057608,-0.2947451772620371,-1.3391252467708967,-1.0504019750796023,-5.189598680844404,0.44504531241593626,17.813846453245233
4242,1644,-770.4000244140625,,False,False,-0.5191810759426325,1.8663045836518481,0.465683834264374,0.05572728007133214,-1.9337941640487066,-0.15363313718086916,16.66515658450493
4242,1645,-775.7000122070312,,False,False,3.249975539077633,-0.06713843656252953,2.5000262352285216,-0.835391853548193,0.27525103803633433,-1.5377452702159906,16.88014104903855
4242,1646,-757.2000122070312,,False,False,-0.44157535551641025,2.1838296885918664,1.7602179395507775,-2.712263954671815,3.2015125261614856,1.208370424484145,15.827353348284214
4242,1647,-763.2999877929688,,False,False,3.2737040729963174,-4.006053983977044,0.07100526287946723,0.008839997695114813,0.8856978488005564,-2.353346207326283,18.014060617138938
4242,1648,-772.7000122070312,,False,False,4.131367896568687,-0.08204130308157605,-3.661771432222292,0.4246347218233637,0.016134868772518334,-1.407091033016559,15.605129340366165
4242,1649,-752.7000122070312,,True,False,0.5669621098375819,2.5482429108562563,0.7366312283783467,-0.18860768114246154,0.028520989219947508,0.9542551957046718,12.979199117225956
4242,1650,-778.2000122070312,,False,False,1.0543934255534901,-0.9280415335827792,0.6008484865427288,-2.85651914298171,-0.9724138468825353,1.133072596614395,15.13491211694384
4242,1651,-775.0999755859375,,False,False,2.042439641079417,0.3288824451499844,-1.4028962714951734,-0.6789865367684451,-0.889535987266542,-0.5869538121909019,14.646598872112166
4242,1652,-756.0999755859375,,False,False,-0.8778768237328084,-0.02932911818111957,0.8019879861097984,-1.3144720566549442,-1.0829957312688554,0.27881506353079605,15.304865790976537
4242,1653,-761.7000122070312,,False,False,-3.3028207095326194,0.02397312817193369,-1.5157656375229671,-2.1517247378914237,4.25951030316996,-5.038000707730939,18.019142563245076
4242,1654,-768.5999755859375,,True,False,2.387585391149471,0.22750709625585488,-1.0317505495676258,-0.9709643099368253,-1.1207614279369786,0.023248795895382084,14.873386468341815
4242,1655,-773.7999877929688,,True,False,0.06835714817079974,-0.63443532504321,2.5797088787500493,1.6801013415838366,-3.5026772936433748,0.7573129818070227,16.500224675714037
4242,1656,-764.0,,False,False,-0.09199143862588166,2.7936784123366647,1.1585768525686213,1.1667381949045008,-2.1062520518557126,1.531815690382198,12.648220487481451
4242,1657,-766.0,,True,False,-0.1929937944420039,-0.6887587617908675,0.5661422120910431,-3.2840876067905747,-0.31284947497580606,-3.496857712165409,15.986400374751804
4242,1658,-770.5999755859375,,True,False,-1.0234712280704052,0.09667270369345332,1.485350518543575,0.511538939440002,-0.8516872631205112,-0.034174222951577383,15.160824580144643
4242,1659,-759.2999877929688,,True,False,-0.7452935352270604,1.5828535664823897,0.2150212223650447,0.02355869892570582,2.6134459644033403,-1.3955227512242778,16.655437436296282
4242,1660,-768.2999877929688,,True,False,2.1893937635776144,-3.760111746886519,0.8998414329940242,0.19309547637516775,-1.2984515286271514,2.687318230213143,17.753092068248687
4242,1661,-758.0999755859375,,False,False,1.5075791589466718,0.7418904041850526,-0.5812369758165998,0.4051669220180052,0.5972326020571685,-1.0226543607255618,13.927517424054484
4242,1662,-756.9000244140625,,False,False,1.0972457654657268,1.3834787202092365,-0.2579731046787516,-3.5159279812828426,2.176159137311239,-2.689930532406548,17.309886537732705
4242,1663,-753.5999755859375,,False,False,-2.579843540563561,-3.447685021583912,0.9774474364536385,-2.3274207060771737,-2.0055926573663907,1.2713521215374965,18.726282854459992
4242,1664,-763.5999755859375,,False,False,0.15559059190054064,1.679969440515559,1.636286384857653,-3.4606728812306526,-0.7247442249160899,-0.8738858967333855,15.149036267778314
4242,1665,-760.9000244140625,,False,False,-2.704847676244221,-2.9285468867468394,-2.215678582979663,0.0007182119118196643,2.619340430964971,-0.9188721844685187,17.225282381055262
4242,1666,-769.0999755859375,,False,False,3.472997439748031,-1.2522279797238958,-1.603746761720369,-1.7345629268342286,-0.44762923709126196,0.35312818653748107,13.86943614958586
4242,1667,-758.0999755859375,,False,False,1.248990033548771,-1.3530130341495754,2.653321598411939,-1.0169008652755989,1.6990935646853913,-0.8363264910433554,17.785883493567056
4242,1668,-763.5999755859375,,False,False,0.7671251649208987,-0.4119115913190722,-1.1127511808286001,-1.9459148905465955,-1.587898469543879,-0.21928816371129015,12.613474681155186
4242,1669,-778.9000244140625,,False,False,2.3501061970237926,1.6388602263892447,-3.671381281921067,0.28117080842350856,-0.1902069644424951,-0.9007556906481178,14.26890543833919
4242,1670,-760.2999877929688,,True,False,0.3407837880120354,-1.899593090496963,0.9176109899382695,0.9615049142031827,2.014782192682881,3.2942359328845323,14.926902528551592
4242,1671,-770.2000122070312,,True,False,-0.17076448266848923,2.134287641216712,-0.24333056201659362,2.7877162423844952,-2.1662564115235576,-0.01278970901835824,13.858766907452395
4242,1672,-764.5,,False,False,0.7146095829063339,-2.6983334243973767,0.8959752023377736,-0.4860349002228816,-2.42990516669592,-2.4045974636726895,16.56411295153317
4242,1673,-766.2999877929688,,False,False,0.17386295119724687,1.8401563970196215,0.4041053047427467,-0.7036803136850034,-1.9167868916775141,0.8960164415011151,17.21682858430497
4242,1674,-792.0999755859375,0.7526881720430108,False,False,0.93517435903117,0.6473753748895053,-0.37868586837579,1.4738416684588151,-0.7510163363456543,-0.003944772621163933,13.084481296898767
4242,1675,-772.2000122070312,,True,False,-0.38716999668001295,-2.5747749889461984,0.5332513900307546,-1.747581132486054,1.4335088398802325,0.7625040685790533,16.069997340900105
4242,1676,-763.7000122070312,,True,False,-1.0865965857748565,5.6136629722980835,-0.12400830445817533,1.0293876956704497,1.0766622425029655,2.8788001750652326,14.017968757423107
4242,1677,-771.0,,True,False,0.18894288489321473,-0.2801447809720633,1.1790346573128239,2.5169724223713654,-1.138020947673101,-1.0912652388504438,15.418330704162042
4242,1678,-758.9000244140625,,True,False,-1.5089148241953774,0.3990614568815184,1.6611894003499263,-2.5617323978150752,1.2967393061636683,2.750297631815629,16.874596954562207
4242,1679,-761.4000244140625,,False,False,-1.2136613240730005,-1.321883534389527,3.846366522497664,0.06879376043670297,1.2140101353934303,-1.168354852306481,17.04744430740529
4242,1680,-756.2000122070312,,False,False,2.825100965549971,0.003248585610880632,0.9336905845784161,-0.7695011829857976,3.3142284026656124,-0.8030152058288802,17.17711265643295
4242,1681,-771.7999877929688,,True,False,0.8568218733917874,2.3101688316026068,1.1042679307530223,1.6957712309560575,0.11886686572936933,2.3868728298517476,15.051835886340942
4242,1682,-745.2999877929688,,True,False,1.408136390507881,1.6319461002966882,-0.7105189421982195,-0.747682064466385,1.9644785732794383,1.2809231359669957,13.009040187766445
4242,1683,-775.5,,False,False,-1.9534509217232885,1.54459850582716,0.19871241652195867,0.4528341011474288,1.9321815207667117,0.06832804660296653,18.028859267608567
4242,1684,-763.0999755859375,,True,False,0.5983792640751179,0.9711981272861044,-0.36511140072535175,2.7434411412523168,1.2212547689380449,-0.2370948808732202,16.611696074224895
4242,1685,-773.4000244140625,,False,False,1.4205822405034914,-0.789314866657773,0.9782776457749445,2.7097241511675665,-1.4208259955301379,0.47189550392913326,16.13306266758235
4242,1686,-779.9000244140625,0.7473118279569892,True,False,-0.5422502338214091,-0.8943586570952088,-0.8566050519648729,-0.6757942279607093,1.9679612134836197,0.7831972806026415,14.311074839401844
4242,1687,-766.2999877929688,,True,False,3.4774165419607646,-1.8459347886639605,-0.21822384224264468,1.1902100744233368,1.9489021710392505,0.7308386434022439,15.319075457246239
4242,1688,-765.5999755859375,,True,False,-1.2290226334916639,-2.147584482867239,3.0296640147655953,-1.5170685293640493,2.6038092431467845,0.031182086427663434,17.425283316647455
4242,1689,-778.2999877929688,,True,False,-0.4224872820705766,-0.1477205802502253,-1.0856592033216648,1.2798004462150303,-3.036282096627739,0.7396758653237967,13.03958552391219
4242,1690,-764.2999877929688,,False,False,0.1553581938851493,1.9929866014940785,2.5813997476703494,-0.6838393961373718,-0.6208386551749382,1.0611066700153327,15.377312317323234
4242,1691,-752.0,,True,False,-0.44132270543453295,1.7057842600751776,-5.89936764159975,-1.5023913579079422,-0.4089191826274702,2.4795450732312023,14.58967085093456
4242,1692,-779.4000244140625,0.7258064516129032,True,False,-0.00196203362859492,-1.7940314695805246,1.5277484725444104,-0.7641282633800887,-0.5362481350170901,1.6210715881744135,14.402605411123417
4242,1693,-776.0,,False,False,-0.3857050366251813,1.2521643624003218,0.17150865292808354,0.8699466666834152,-2.501896369580419,0.6006592101933621,15.459911049104353
4242,1694,-784.0,0.6666666666666666,False,False,1.290325276985923,1.2086178091489348,0.6856646836339517,-0.43418079469452486,2.4115211692923153,-3.2440856082135103,15.454798420168862
4242,1695,-773.5,,False,False,-1.5667970740748485,-0.6192652417957509,-2.9815953912855884,-0.9765353125819343,1.95401296012569,0.951268468826877,16.255082340573157
4242,1696,-764.5,,False,False,-0.27099682942461134,3.581682275171574,-0.4688957301735644,-1.2307146216680467,-2.34074438223952,0.04931752727512937,15.322503034277151
4242,1697,-755.5,,False,False,1.0455532343185032,0.19262467801322347,3.9871917638275214,-1.5169285336080345,1.3856155435877864,3.3761587049757935,18.83124282480622
4242,1698,-772.0999755859375,,False,False,-1.8593059624654544,3.0545543347210806,-0.8136974606443947,1.2224898871392225,0.3977178340485114,-1.0187610238483966,14.180568729199484
4242,1699,-761.0,,False,False,0.849293905029214,-1.256779083641516,0.4542875093173662,-0.756720642036624,2.5075283786586984,0.3216904639973296,17.18746451534878
4242,1700,-750.7000122070312,,True,False,3.370261171258984,0.18280120956151683,1.5559765434854191,0.009457716745053088,1.8213732217323213,0.8608151818380314,16.070227319404562
4242,1701,-770.4000244140625,,False,False,-0.9942083385267725,1.6969267125003424,-0.42063073755937624,0.07933805608956747,3.2765250452219514,0.08202348922946588,15.326183182911164
4242,1702,-783.7000122070312,0.7204301075268817,False,False,-2.2389403803396295,-1.3677662610244823,2.6629046049992406,2.1552389205490514,-0.3105805769373661,0.0708616692109868,16.4321419263439
4242,1703,-749.0999755859375,,False,False,-0.37285807884582733,-0.44162100878566907,-1.8564718046517177,-0.4911352137483072,1.3091778413607253,-0.776820033942994,14.641370167603272
4242,1704,-758.5,,True,False,0.3687012842748335,0.10674496629377798,-0.3012208809266666,-0.059320114079632724,0.33827801799401863,1.560640617471669,16.219817325352196
4242,1705,-770.5999755859375,,False,False,1.1390449731213883,2.4389172214648096,3.0465640024046796,-0.2882598791358122,-1.318719000405892,1.3071045473048208,15.33820826542857
4242,1706,-769.7000122070312,,True,False,2.067150580729979,0.9207167002587523,1.2414523602416319,-0.7699408048118708,0.4608627130404035,-3.070488811142843,15.290082024695641
4242,1707,-772.4000244140625,,False,False,-0.36269302578564705,-2.2271735068295357,1.5059986942368493,0.020066252273520345,1.540465179259263,-0.1571511641730525,17.069961776606256
4242,1708,-759.4000244140625,,False,False,0.3560220656476493,-1.552548434539273,1.6522247845227134,2.602419738378765,-1.3981950804152101,3.4446195514657196,16.83199368631053
4242,1709,-777.0,,False,False,0.08221040706780146,-0.9471837903651894,2.252478060047258,-0.8266060671000094,-4.002935842926089,-2.6032946554700676,17.62313846740301
4242,1710,-761.7999877929688,,False,False,-0.8695300304709179,3.8515668492833983,3.2742536909838753,-1.238948946241257,-1.3432714707368767,1.5324329810753627,14.994565188923312
4242,1711,-763.4000244140625,,True,False,-1.6050571909680127,-0.7694925924047619,0.07207849855578279,-3.8794451067705538,0.17052812233270437,1.5908244113660974,15.947468277921615
4242,1712,-754.4000244140625,,True,False,3.022026144770903,-2.0081234005366686,-1.4249729667587274,1.98797259645349,-1.2334687472042187,-1.1073667526674393,14.417721480360495
4242,1713,-761.2999877929688,,False,False,0.3086783143916029,1.649811346706896,-1.4172080037396126,0.7750434570204477,-0.3482065605832686,-1.1160149575745564,13.915853805663128
4242,1714,-754.9000244140625,,False,False,-1.2208904699573537,-1.736673974665084,-2.558096889906627,-0.6621351390160221,1.272086643507846,1.3711208699606885,15.799711525238541
4242,1715,-762.0999755859375,,False,False,0.03069998198584995,-0.7694172726140458,0.4259299934802925,-0.6950504732154151,-1.44558943965064,-3.086280774927131,18.038737493652306
4242,1716,-768.7000122070312,,True,False,-0.2984126771571012,3.1622942061261514,-0.5891754167913895,-0.7361498798625766,-0.571128246642778,0.6909066153628763,14.99499719747853
4242,1717,-761.2000122070312,,True,False,1.321100583598252,1.69434301879845,-3.198138008827094,0.4014879536037536,-2.2480768427789477,-3.9437263323145544,12.915734748102418
4242,1718,-754.9000244140625,,True,False,-1.9971079286214732,1.131364226924753,-0.5823625815988491,0.793994426713203,-0.027265936739659078,-2.378361076081868,15.232452965541471
4242,1719,-771.0999755859375,,False,False,-0.8202166372663485,0.28397776835658256,1.8488997511577885,0.5003487819329593,1.744978081656788,-1.0375487924730808,14.499771959605358
4242,1720,-758.7000122070312,,True,False,1.8422428122948074,-1.9659829973815015,-1.990124293479807,-1.5451276353740255,-0.6433953009962815,-1.09224803112776,14.26417407509556
4242,1721,-760.0999755859375,,False,False,0.2674999792757498,0.27289217058757415,2.943462810787626,2.871277512733581,1.8544096600249118,1.236389194871763,15.126326384556968
4242,1722,-773.5999755859375,,True,False,5.007998955646929,-1.7295018531007005,2.0365563907727924,-3.923194179495528,0.8375364039620534,-2.5855457742879633,15.505104310942277
4242,1723,-761.7999877929688,,False,False,4.4948875401575625,-0.49783209176024773,-0.09053092280692067,3.4945944979785817,-0.5535414535008157,-0.3662501773873431,12.709718342528546
4242,1724,-775.0,,False,False,-0.3137615451920519,-1.6328541628134798,0.47402039101037463,0.382549641089523,0.949538603992039,-2.4773072445466697,15.94756576980472
4242,1725,-782.0,0.7473118279569892,False,False,0.8924988328265466,1.7207559119955913,1.4521626168691821,0.56192139841249,1.0457534558456985,-1.9962411346234266,15.208937692362147
4242,1726,-750.2000122070312,,False,False,2.2062147801451855,2.0146292315771124,0.6915573139314762,-0.5699915085710615,0.5193004051445548,-0.8417846071566223,13.159605961093188
4242,1727,-753.5999755859375,,False,False,0.4378784051303508,5.741719319075858,1.3096735408476177,1.0933668344297776,0.03170878977517669,2.0586696110035936,15.830507210908406
4242,1728,-764.7999877929688,,True,False,-2.4801899326065113,2.0796452207526817,0.9440637183203726,0.4840499573290569,-3.924963724727782,-0.10509515320379607,15.307518237043007
4242,1729,-753.2999877929688,,False,False,1.1352122140657819,0.9907730767893721,-1.4292219971056639,2.314489489747566,0.5483003963882995,3.1229181568459796,13.381965720144033
4242,1730,-757.0,,False,False,0.9826181770877791,3.6642729938507443,1.2768579828818831,1.6957622038719569,-4.700080080293783,-0.8017882156922106,15.033948201976566
4242,1731,-786.0,0.6935483870967742,True,False,-1.2673148157213538,0.538342247865134,1.1791912265083226,-3.310162932829812,-0.6738819387233567,-2.6959059304304365,17.99285354537866
4242,1732,-766.2999877929688,,False,False,-1.0585444619631765,-2.981086691206209,-2.997640443433271,0.6496466068823137,1.3668263760984727,2.1533225115072874,14.90558214979605
4242,1733,-783.0999755859375,0.8333333333333334,True,True,2.7054777416265363,-0.12149278305227723,-2.9699168144723775,0.7376607438551329,2.0966488898477924,0.5046621499684637,10.92473936267967
4242,1734,-783.5,0.7473118279569892,True,False,1.888453080127205,0.5945954508285536,-2.2699199054390093,0.24437412380331727,-1.4147050634951739,1.2514006967521165,13.854402923870676
4242,1735,-764.2000122070312,,True,False,-1.6307090248749798,-1.930634463929556,-0.4360766479320613,-3.7910370814521497,-0.18974307265289297,1.291278016498102,18.340540576099293
4242,1736,-767.2999877929688,,True,False,0.2920350663562813,-1.1201607737798858,-1.4661370689513284,1.5454365588901333,2.2162785077424303,-0.11592852156288155,16.38986031736011
4242,1737,-771.5999755859375,,True,False,2.9588788269355826,-2.3257711752588532,0.6200606598492618,-1.0125655258586677,-1.4320333279053254,-1.1879863402503348,15.706003305255349
4242,1738,-774.7999877929688,,False,False,3.209767273289161,-1.6260940258160848,-2.460698469472539,-2.345801909471406,3.8596934268712006,1.6858664488739818,15.430504810171238
4242,1739,-783.7000122070312,0.6612903225806451,False,False,1.579119937739754,2.662584849112775,3.610165524366433,0.5692679596100392,1.2260785088869954,-1.3210387601266689,16.630938818855
4242,1740,-769.0999755859375,,False,False,0.8117179883559461,-1.2333650924490178,0.5100095238651267,2.3192264645886462,2.0961362965583326,-2.00432217190338,17.186431016017227
4242,1741,-773.4000244140625,,True,False,-3.8417948519588707,1.3828005062651094,2.139652696171832,-0.6976419930664113,-1.4622248010598837,-0.4964132244218014,16.174988641529158
4242,1742,-768.4000244140625,,True,False,-0.2494910787231668,1.5883641124237793,-1.6470092209532883,2.841675251022175,-0.7840385741703624,-1.47979085718084,13.882895680550977
4242,1743,-773.0,,True,False,-2.6597017265151286,-2.0980344136994566,1.67334380350482,-1.085518009205901,-0.3133063407266323,0.44191706813562526,17.75335590598145
4242,1744,-754.0,,False,False,2.504609810887169,-1.466915082099464,-0.11905230023048641,-1.425430561323718,1.4839176457831054,-2.104671753207564,15.288615312002381
4242,1745,-760.0999755859375,,True,False,2.391224597508986,1.8401965399454692,-0.9767396971717125,-0.32908733552786984,-3.6279140493632105,2.263507860739657,14.103498735676386
4242,1746,-771.5999755859375,,True,False,0.05048805676291282,-4.661580766309031,0.24137175425742588,0.5587238243257721,-0.8668787564009719,-0.4965342217797188,16.492867213642302
4242,1747,-750.7999877929688,,True,False,0.14959244914590822,1.046247390175561,-3.7961322850050436,0.008965733336709041,0.5967453115389729,0.5168181939912958,16.1018630794684
4242,1748,-768.9000244140625,,False,False,1.1482389279123317,-1.719556195056784,4.640197051495294,-2.5397328145336857,0.12535132869864626,-1.0901413560335063,16.756511870665832
4242,1749,-760.5,,True,False,0.1534846413660462,-0.33760751169419045,0.5077629444523089,-0.36772774995788915,-2.250741452590006,-2.328700843683189,14.316978319206555
4242,1750,-759.7000122070312,,False,False,1.0502140685993302,1.4328936722408392,0.8715057925484265,2.7992459378783803,0.6992836629705815,-1.426752232834206,14.002739032215208
4242,1751,-759.7000122070312,,False,False,1.9315122975548158,-2.537058844952525,-3.9933127141002895,-0.7163507844857733,-0.7900450548481773,1.4681489869287117,13.731078347753122
4242,1752,-765.7999877929688,,True,False,0.3560568541624371,-0.33147445998317926,1.0460546578812149,-2.3300344605387706,1.3923415821469647,0.3226212503973934,15.18232197799528
4242,1753,-764.5,,True,False,2.1247092661019806,4.505215818119295,-1.641683217869602,-1.2250619455821852,-1.1080760803380825,0.9714034598482865,12.25950397757681
4242,1754,-773.2999877929688,,False,False,0.18142870068782746,-2.1604948305111265,-0.339469577471933,1.8223242171973593,-0.1488816538436128,1.4057309808709724,15.524600868889475
4242,1755,-763.2999877929688,,False,False,0.6434287285515219,-2.257041410002893,-1.4450671593645634,0.5961583218744727,-1.9205360862005063,-3.6634393956236595,14.98219198277674
4242,1756,-759.7999877929688,,False,False,-0.3960717885063263,-0.22783087667342947,-1.274004890068122,-1.4737370784423756,1.3007679172498143,1.6506641218430351,14.431042802948538
4242,1757,-758.9000244140625,,True,False,1.0014436581863333,-0.21556050271442012,-0.7377759440604105,0.6948072741112888,0.6517107323215938,1.8831059499041254,16.241749821403594
4242,1758,-766.0999755859375,,True,False,-0.4447767325582406,3.0170059578744817,-0.37049667011547815,-1.5230847296228842,-1.7267243505561156,0.022331574482047627,12.7643390767199
4242,1759,-753.7000122070312,,True,False,0.1164531002729028,4.142763098674996,0.8683575018901365,0.2832600913768646,-2.1700641822784377,1.4347609402722716,16.8633237288098
4242,1760,-760.0,,False,False,-2.054644942713023,-2.974643473540428,0.10391924739839264,-0.33630024243842627,0.5017376645302243,2.3978964311485234,17.63847849240179
4242,1761,-770.5999755859375,,False,False,-1.9300552417538892,-2.7800515009839204,0.7474909715069923,0.9564042238357767,0.3027848487533407,-2.82846637428846,17.03098926937777
4242,1762,-764.4000244140625,,False,False,3.3609890853106106,-0.46259677225453316,2.358991219547578,-0.6004710444736873,0.8444095580991263,-0.3798247907777838,14.687042366173996
4242,1763,-754.2000122070312,,False,False,2.3869040016499032,3.9546055135677394,0.13825925103553519,-0.4389931099826475,-2.6724308696249173,1.8774999694205023,14.315506313091818
4242,1764,-767.7000122070312,,True,False,-1.7494328318640855,1.136439718791477,1.2221689723077631,-3.1368832516362626,1.7420156786987775,-0.42721240294257756,15.812698858645401
4242,1765,-755.5,,False,False,-2.519283805455688,-1.4778182834306244,2.1074629312902418,1.7901463374884727,1.443346924657828,0.9596145341412637,17.761631884241577
4242,1766,-754.5999755859375,,False,False,0.7588813807080906,0.8714090268482968,-1.6759555593961741,-2.3770918713136178,-1.8338166686161657,-0.08181598829550932,11.28768239867483
4242,1767,-751.2000122070312,,False,False,0.48056461059512057,-0.30806264999956967,-3.3084609124405,-1.2788157538022074,0.7255839080960509,0.9548033046472475,13.529507486863944
4242,1768,-772.5,,False,False,-2.0889158787788076,0.17322774366846871,-0.9866426155768868,3.7049304290739777,0.08505526056070022,-2.280580323190904,18.09745437869914
4242,1769,-774.2999877929688,,False,False,-0.6832587454565497,-1.2078508358644726,-1.4766438783554818,-0.07444927572679469,-3.7582655271755456,-1.2383010519226318,15.144437609088989
4242,1770,-742.2000122070312,,True,False,-1.0577854409743181,0.3599619238459253,-1.3588801745655161,2.9719976290933388,3.3716840089156355,1.0497212510211997,15.697209877935359
4242,1771,-771.5999755859375,,False,False,2.6646238749748394,1.1035364126332428,1.2483595915831973,2.2757016927830676,0.43896590011796094,-0.6658652783257778,12.915069065304582
4242,1772,-761.5999755859375,,False,False,-2.1261988796436717,1.4439693143454382,0.7811231495609092,-0.9414225156393158,1.018687092381336,-0.9511759879397691,13.81323225865306
4242,1773,-755.5,,False,False,0.5511987173670493,4.779622726800495,-1.573290799041245,-1.879546595866954,-2.439679032590993,1.7172014207691984,13.086027342379545
4242,1774,-753.7999877929688,,False,False,-3.0035097887319373,2.3168450001779144,1.5639943674121215,1.652054938465709,-0.863746457774137,-0.5742299123030887,17.98025851537498
4242,1775,-745.9000244140625,,False,False,2.778832643686497,0.7565240620752461,-0.4217995147479951,1.2138424065594797,0.6246223617383894,0.8532242950440847,15.720939239589852
4242,1776,-771.7999877929688,,False,False,-0.7644438414481016,1.692363617503106,-1.299358120190287,0.025773338945026605,-2.6590458449638397,-1.4199897523173717,12.44765089047407
4242,1777,-781.5,0.6290322580645161,False,False,-0.19453260253299665,-0.4805895144748934,2.0904954840234025,0.15760081410081225,-1.329161025237846,-0.7750093553202402,15.543120431458107
4242,1778,-752.0,,True,False,-0.8829046897335691,0.6213583797774441,-1.3637923454066463,1.6715128197140787,1.8779704072028711,0.14630010633512538,13.376338451038338
4242,1779,-764.4000244140625,,True,False,-3.747315306596986,1.8988846217121602,-1.6103210094445293,1.0255705622350337,1.7837716790334515,0.9350067084124656,16.157512161905867
4242,1780,-765.7999877929688,,True,False,-0.3856657409356975,0.3461830284308512,1.0459203455661532,-0.3095224314711807,-0.15931178509851934,-0.6342319967821967,14.17347775045148
4242,1781,-758.2999877929688,,True,False,1.660176898203923,-0.23850140613608586,1.9505698052165863,-0.9499978698215529,-1.3775190683194016,-0.0005136557854196478,14.758146188396024
4242,1782,-776.7999877929688,,False,False,-1.7678102655421637,-3.593975318785758,1.088414027308232,-1.8817842406542014,-0.19396749115490075,0.1967750704313595,17.994222351269865
4242,1783,-766.2000122070312,,False,False,0.5009413271559564,-0.5914841230919223,-1.8857616752223685,-1.6380420532075985,0.20540462013564373,-1.9483050769299493,17.353021323440615
4242,1784,-775.9000244140625,,False,False,-1.3468762053926406,2.3402401435612346,1.499252729228504,-0.14773791754773163,-1.054386925507953,1.8968292892929839,14.819626887358249
4242,1785,-755.7000122070312,,True,False,2.8446671185907855,0.47175087320979514,-2.6066661279331096,0.890482971899103,1.1560399820784864,-2.736828575913165,13.1805497034035
4242,1786,-755.9000244140625,,True,False,0.990742684062843,0.7911174756243841,-2.692412690420838,-1.23226593889995,2.0241895719949183,2.982893576009677,15.434368753850663
4242,1787,-766.5999755859375,,False,False,-2.2178925247345576,-0.41641113399322816,-1.8133837453464654,2.392733534455458,-1.7535970951287096,-0.2829542285174252,16.328447821239084
4242,1788,-759.7999877929688,,False,False,2.6691770883940436,1.4126633159312616,3.4576657685178414,-1.0846311780526445,0.627598380551234,-0.1806797294252294,15.854667201855206
4242,1789,-772.9000244140625,,False,False,-0.2836131015767545,-2.1685714004826147,-2.388127322082313,2.474760870456429,-1.6679179269204432,-0.6520605875018239,18.155479221852776
4242,1790,-766.7999877929688,,False,False,3.0379002125437093,2.4972617676256834,-0.6265976989877575,3.91483310699054,-0.2797631898714118,-1.4950668615758034,14.361505074412063
4242,1791,-764.2999877929688,,False,False,-1.115535712717063,0.7191865114382574,0.6022344322366403,-1.6879138343548135,0.10946510038712182,1.2524187384436039,14.3416658621268
4242,1792,-773.5,,False,False,-1.1818859698345117,-0.32162574752845857,-1.4083757914663833,-2.667274962748581,0.8329388053772167,0.2101833602463378,14.954505463248392
4242,1793,-759.0999755859375,,False,False,-2.209745182640672,2.9946230437436725,-0.9788843624486507,-0.008949601042023698,1.4447081415327216,0.709555658011678,13.772932472240328
4242,1794,-753.0,,False,False,5.604250970731686,-2.7624132085348827,2.4312045865280414,4.5385571152558795,-0.44574068790041704,-1.7547891935179996,16.46905855616697
4242,1795,-767.5999755859375,,False,False,3.9037254016853953,2.3031407930394456,-2.880967013989134,-1.9580133106770456,1.1116452491457336,-1.4662371702553518,12.410537373394531
4242,1796,-781.5999755859375,0.8494623655913979,False,True,-0.8403631059097632,2.931919492805641,-0.8916169105709992,0.14301950987931208,-1.4550753919051262,-0.10882252362850184,11.898958239617881
4242,1797,-759.5,,False,False,-2.93642286790079,-1.0912652160003693,1.2338969308059704,2.1388752403389653,-2.58614324657617,-2.805261225824068,18.247056026851197
4242,1798,-761.9000244140625,,False,False,-1.77959045470248,-2.021356656581607,0.5192011303345206,-2.490578847444829,-0.36953434510503264,-1.2214037551521832,16.78849970628729
4242,1799,-765.0,,False,False,0.2281054335450214,-2.720112276032731,1.6817650570762734,1.3578633645812264,0.9732417124463276,0.8771190479470998,16.048378289311064
4242,1800,-762.9000244140625,,True,False,0.05040811500007285,1.1655837595290888,1.453996670605547,1.3890889568329012,-1.9552054555097793,-2.30856347153895,15.878646750610187
4242,1801,-762.7999877929688,,False,False,1.3758275955566062,3.0172769556137715,-0.17481969254115942,1.3137163297098562,0.07603301992808711,-2.5161280145458345,11.397380435498699
4242,1802,-765.2000122070312,,False,False,0.38842884414357676,4.612160212797293,0.06789985161067397,-1.968081932283734,2.4327770390377137,-0.10928589558866353,16.898799472969525
4242,1803,-779.4000244140625,0.7580645161290323,False,False,-0.0643009234264702,0.03988814443801069,-0.8628947908188055,0.15100761934628193,1.279178074899757,0.07673055645963038,16.305441805689604
4242,1804,-760.2999877929688,,True,False,0.7559961368403129,-0.6548565841227658,-0.5063200443429888,1.9506254866276922,-0.509294284217028,-0.9955209283757978,15.569467114020382
4242,1805,-771.5,,False,False,-0.5221994632915518,-1.1947719317940921,-0.5226517784179128,-0.44883341852622904,1.5152671887515534,-0.6190318394704043,14.800955194460192
4242,1806,-759.4000244140625,,True,False,2.249739280477598,2.4251589471009365,-2.4723903192928405,1.9242024894229814,2.351016346740868,3.788886114540218,13.906218571350518
4242,1807,-772.5999755859375,,False,False,-4.805123137109937,-0.3685433807102796,2.06760434496734,0.21447161336853562,0.7679122522591896,3.9446844580838905,19.183910796464783
4242,1808,-766.7000122070312,,False,False,0.36290134012087044,-2.331438072711569,-0.16250783803142854,1.1219294779138205,1.6768308138728427,0.12160352656830603,15.062141779077296
4242,1809,-743.2000122070312,,True,False,2.3909699114581304,1.414106081301423,-0.9857917833343796,0.060089474251977776,-3.0018817824855346,-2.1939723127572726,14.986222915017402
4242,1810,-760.7000122070312,,False,False,-1.4420246008437938,-1.4467621341754562,0.9823920537593817,-1.0949369629545045,0.6063379683311745,-1.5562484719811582,15.612132615187233
4242,1811,-764.2999877929688,,True,False,-1.7946414243851558,1.7144329545782993,-2.4180300793520315,0.26876396697189836,0.47448239341627557,0.17326686640351457,14.883292725469069
4242,1812,-764.5999755859375,,True,False,-2.301847655812656,2.0557680841196415,-1.805491707730981,0.3105145685074103,0.799084746479612,3.945641757318676,15.815561068872363
4242,1813,-773.5999755859375,,True,False,-2.974920778731142,-2.3878086241571577,2.2198823418336855,1.2264864854765833,-0.25986541109508016,-1.111148506492785,18.824985991299744
4242,1814,-760.5,,False,False,2.723850330188443,1.0941641743075101,-0.7112002819109692,-3.6577805420248675,-1.393453476899817,2.4942899075467175,16.796440680628166
4242,1815,-770.7000122070312,,True,False,0.3222666457600236,0.34137851033905503,0.671918876526216,4.334526212164987,2.6214057062357843,-1.0553564521106353,15.667551982212366
4242,1816,-765.5999755859375,,False,False,2.6268428651664046,-2.5392730320867076,2.856746791935492,-0.8680528647362243,0.27097017877375007,0.6274234393858799,16.653326982903092
4242,1817,-773.4000244140625,,False,False,0.23462581880727645,1.279512974714067,-1.2447946634851388,-0.7395705581041873,1.0409749933899926,0.44776755081519193,16.535354995749845
4242,1818,-757.9000244140625,,True,False,4.212352478837048,1.0094306616706996,1.3041345011161019,-4.193029646973938,1.9112872247639137,-0.3257102424971541,15.637757845315047
4242,1819,-764.4000244140625,,False,False,-2.404293738317046,-1.8632485789564626,-0.430517794991944,-2.3689962575012333,0.7095120979108288,-2.3589185484556667,17.081678991734723
4242,1820,-762.0,,False,False,1.9626939288901988,2.3834911335806304,0.1410227374249424,-0.0852399655467234,-0.6395489445549103,1.187321044805977,14.257126575457114
4242,1821,-777.5,,True,False,1.8073221627253513,0.32828055600491374,-0.7082934226674912,0.5523276905943002,1.4775585312397737,0.06376741488645772,17.48450784554258
4242,1822,-745.2999877929688,,False,False,0.5833849748885812,0.4685504322601757,1.554144451822283,1.2055907617180066,-0.5907914097376263,-2.3378394336521877,13.958493362149754
4242,1823,-770.5,,True,False,2.1317902827966178,0.9116032127232057,-0.7232649959815758,1.3203663247847084,-2.1063820206268535,2.4416856329041297,13.627221533673511
4242,1824,-755.5,,False,False,-0.14036327310803204,1.9082778440255752,1.6337625509443292,-2.1968896089518144,0.3525744485968581,-0.38382702125963664,14.821922238504799
4242,1825,-773.7000122070312,,False,False,-1.4840560712975184,1.092812776735949,-0.8906663640115151,0.3560777744088342,0.10846691679827065,0.23218501675340864,15.955260256390682
4242,1826,-777.7999877929688,,True,False,1.8111381268120623,-2.416318947024141,-1.5621349849087658,-1.242856921343338,-1.1188339271718237,-1.7028439683835157,13.936387072544067
4242,1827,-769.7000122070312,,True,False,3.9477114835646536,-1.6068397194581372,-1.6432691386954696,-3.0246952500515008,-1.246117741964796,-1.0375033662209527,14.791236109051491
4242,1828,-766.5,,True,False,-1.0041288659708887,0.8395329726150743,-0.4489660765900504,-3.6885180676923213,-0.3691859051826371,1.383309517877305,13.216485963036094
4242,1829,-790.0,0.7096774193548387,False,False,-0.8576136611115336,-1.0557857650862923,2.0333268316693007,1.0215387536251295,-1.9834809597151606,-1.0407297792163022,16.37620868703533
4242,1830,-761.4000244140625,,False,False,2.4264933155935497,-0.9478435366053943,0.14065908957697545,1.032284167068034,-0.5705219311687554,1.3372433770196603,14.4420601633613
4242,1831,-765.5999755859375,,True,False,3.1487527745449118,2.3719324367851,-0.37800087501065993,-1.7075533682040458,0.030282573167268293,-0.21879097466820235,14.954993690628022
4242,1832,-771.2000122070312,,False,False,-3.089133809240074,2.7145412009222767,-1.0479480269014216,-1.2473012383987852,-2.6022082234316786,2.172350951824263,15.354841517565037
4242,1833,-762.7999877929688,,True,False,0.08547262575622566,-0.8880487941151302,0.5137429521165923,-1.564892784807733,2.1160344185057256,-0.8297443444730425,16.119720003204506
4242,1834,-755.0999755859375,,False,False,-2.7411509629803605,4.088265163298746,1.7756985694948988,0.8901394658244534,-1.0957801556306679,0.30440418610780384,17.11852605690617
4242,1835,-755.2000122070312,,True,False,0.050634230425210494,-1.1893450952888873,2.102315354419728,-2.0681504501599814,0.37808641608441845,-2.8356905313906813,17.39617425655952
4242,1836,-766.9000244140625,,False,False,-0.5634234913161111,-1.9312787971507923,0.02906746240365053,-0.6837090506050256,3.0215832951880524,2.0559519311408647,15.48398821755822
4242,1837,-761.2000122070312,,False,False,1.3841347978971978,-3.0242669026869935,-1.0982564872656955,1.8863598293304962,0.45735838336173973,1.4611485386246963,15.042026987552301
4242,1838,-775.0999755859375,,True,False,0.833773912839087,-2.6774098538020907,0.6717063097264353,0.3420774690707899,-1.2883922654455637,2.802585058198811,16.324086838152077
4242,1839,-764.9000244140625,,False,False,-1.832723188193139,-1.9318409874793707,0.6830910602027332,0.21783519358394143,-0.24504777994001015,1.6314795082016058,16.163867740742614
4242,1840,-757.7000122070312,,False,False,-0.7347797883962537,0.996034871685755,-1.5610569942349946,-1.6977876861651462,1.1504417765574653,0.009668566303509473,13.788766068369748
4242,1841,-759.2999877929688,,True,False,0.10243121620545778,-0.1534624138293045,1.9151455206458514,2.967657188530438,1.6743056304911437,1.4910711155876268,16.419583401541562
4242,1842,-782.4000244140625,0.8494623655913979,True,True,2.388107983752544,-1.069836726118439,-0.8592695777565047,2.2608755729790873,0.44370012757522365,2.4854527600321816,14.894249320657412
4242,1843,-773.0,,False,False,-0.5287190368202825,-4.359030827581933,3.3399239995384775,-1.4054874724375912,-0.2574719995358221,2.7555317468009877,18.147652827455772
4242,1844,-759.5,,False,False,0.5361222744004298,1.881821801514915,-0.9223798225295747,-1.6366046666689984,-3.5259091452989244,1.4034492622036285,15.318503130084355
4242,1845,-757.0,,False,False,-1.7180713082849581,-0.020245901641173413,2.16909304672344,1.113584511767638,1.52315921690864,0.08266106002167854,17.188540180574915
4242,1846,-770.5,,False,False,-0.6003254459979359,-2.0342290156235,0.9418364680958552,3.361857827137115,-0.7446223586769348,-1.749219709045602,17.570306084413442
4242,1847,-759.9000244140625,,False,False,-0.29721425177191946,-0.9202630060279862,1.9010060254871934,-2.129026247096551,0.17864614810728113,0.6050925998896384,16.303926683171863
4242,1848,-766.2000122070312,,False,False,-2.6163364297586615,-0.5851681194477366,1.145985642964961,-0.27783157210210885,0.29907755608833725,-4.099717099534481,17.222524848602855
4242,1849,-757.2999877929688,,False,False,-1.285212883218659,0.34271758885377673,0.16888511055747188,1.658855594003296,-0.3412730454454251,-2.997750467083135,16.32060678967244
4242,1850,-770.5,,False,False,1.8334250198236284,-0.7300036095963629,0.1321202728648409,-1.3519024806804523,2.171510808175856,1.8061710060373024,15.170497243068453
4242,1851,-755.7000122070312,,True,False,-0.041808966438375096,-3.921318601657308,-1.3635729761848663,1.3609887212044558,-2.6039983815434913,-4.08768777213958,19.518456322592375
4242,1852,-783.0,0.7365591397849462,False,False,-0.9010147095289568,2.3732863245926668,1.0423749804531222,-2.4948192488219476,-1.8690872803714547,-1.699863421875606,16.275800807760223
4242,1853,-755.7000122070312,,True,False,-0.997052154221692,-0.18683072249379185,-2.6595217550232277,0.17637867398366824,0.5199118578957848,2.0312432342171896,15.275067126234717
4242,1854,-765.5999755859375,,True,False,0.6150499662607252,-0.25668690627733637,2.5597482682302246,-1.000381640503189,2.8468588037223532,1.4212390365746852,17.573544569414267
4242,1855,-762.5,,True,False,-0.058479382490265186,2.5208344594034107,-1.259988077923026,3.0861608268417116,-1.5063415710368244,0.5788173270205167,12.181744043640057
4242,1856,-773.0999755859375,,False,False,0.3668180998368126,1.4814599073270207,-1.844428521369831,0.559472371408173,0.5384396210321467,-1.3093916560057604,13.15041914345681
4242,1857,-751.5999755859375,,True,False,1.048186470254756,-1.3475546579202355,-1.9959393834788215,-0.10611490938167914,-0.23683513145843965,2.0373535757254406,14.714778273666575
4242,1858,-751.0,,False,False,-0.9086659357172914,-2.0189653912730514,-1.3943237171733784,0.5559174498488307,2.7259412403376913,2.3545973505198354,15.455976635125523
4242,1859,-758.0,,False,False,-0.47982872040461744,2.36857550900513,0.4720325947300367,-1.0011768768011664,4.950288251156228,0.5158144979305597,17.121492590490696
4242,1860,-772.5,,False,False,-1.851077522466589,-2.1198193900448885,-1.1731448644951679,-3.0889136396912886,-1.2282022861198854,-2.4449350890165475,18.104995772479846
4242,1861,-772.7000122070312,,False,False,-0.23822982050153962,1.3608800589170407,0.5921412439738162,-1.9626150212135627,3.280612847029195,-1.7478477223355102,16.000231237316427
4242,1862,-764.7000122070312,,False,False,-1.49917656730796,0.5072528793919949,0.12986081056804388,-2.743301463054385,1.5953877349445145,0.8166849338626394,16.36181321633211
4242,1863,-766.5999755859375,,True,False,0.3565244530634431,0.8620159267993137,-0.2625305338022009,0.2663011122399294,-1.1144595975738103,0.629858250382405,16.360903061951603
4242,1864,-781.2000122070312,0.7956989247311828,False,True,0.13233846584491418,-1.5111954588576872,-1.873561807500064,0.08103720996259006,0.06610417235701771,-0.27211289946853473,16.714790137071734
4242,1865,-775.4000244140625,,False,False,-0.6088486888599106,2.721328024613346,0.6441453329126408,0.12405600316953377,0.8760782147533273,0.6658844612037653,13.767488415250657
4242,1866,-750.7999877929688,,False,False,2.7627863927305967,-1.7295681164031573,0.09090459866014876,-1.0589693973508405,0.9762871787642696,2.307890122917706,15.777650039009936
4242,1867,-761.5,,False,False,-0.6715113734412603,1.1832978497852402,-1.440886584070954,0.41603357652226175,-1.9610121484568972,0.9748303003914057,13.098382188570648
4242,1868,-759.2999877929688,,False,False,-0.9246390073973035,2.3238228587194243,-1.0344025850368885,-0.1327511983961764,1.3952004402886105,-0.551542361770631,15.595867828945988
4242,1869,-774.0999755859375,,True,False,2.3228486419611962,-1.5703865451810506,-0.9340816353482495,-0.9763379047835565,-0.7285939273277267,-1.5051137107637778,14.384181454513175
4242,1870,-757.0999755859375,,True,False,-0.48786337385066947,4.05719361593132,-2.8038320433319646,0.41929115178156556,-1.7224114951268856,2.3890014536400908,12.468776696101441
4242,1871,-770.0,,False,False,-0.858946272705474,0.7274041022842307,0.637373200943198,1.3755016143912906,-2.340537259951487,1.0460355032693704,14.891896753721879
4242,1872,-775.7999877929688,,False,False,2.662087388931395,0.010600113688527911,-1.0197400865277353,-3.8880348395067554,-0.6534806713385585,1.7483229705798797,15.09279877753934
4242,1873,-775.0,,True,False,-0.3457114918303287,-0.1522515022588193,-1.5532882877038054,0.7526282643098245,-0.6879246530655586,-3.9316493356146562,14.871760077235216
4242,1874,-768.0999755859375,,True,False,2.26537535573418,0.9500439415190873,2.013679876922306,2.880509617903587,-0.09493237615031674,1.6322525591288108,17.155309646944318
4242,1875,-765.0999755859375,,True,False,-3.9649214237914907,-0.5760948939036703,-1.821686897316354,0.423359959240825,-0.9159845223422943,0.7199527805081448,14.659110683318788
4242,1876,-765.2000122070312,,True,False,1.8797703363568985,1.3363705989980472,1.3276754954381573,-1.102600793138469,-0.10734892765834976,0.981154477908644,13.53009264888957
4242,1877,-751.4000244140625,,False,False,1.7313689079861803,-0.19192485970504247,1.515459243348378,-1.020920258618666,-1.2087311010335358,0.14911056369177855,15.796390433176308
4242,1878,-765.9000244140625,,False,False,-0.8721485357947336,-0.7038723269657727,0.434579036602322,-0.4028846111128546,-1.236830345573638,1.3085044715024523,16.417111170497297
4242,1879,-789.5,0.7634408602150538,True,False,0.04491406475219079,0.7950731457380463,-0.9842348008880625,-2.040489806140835,0.2474053955310366,0.18224012248380964,13.73320707514796
4242,1880,-783.9000244140625,0.5483870967741935,True,False,-3.307468629732764,1.8457231279330568,1.0792948512728344,-0.9512113258808668,-1.5008080795169316,0.4706489213816733,16.39315608471809
4242,1881,-756.2999877929688,,False,False,0.2856423747139728,-1.8731897821247712,0.33767622486953824,3.9136550723687358,-2.071260835016901,1.9005123412461844,15.585415146377683
4242,1882,-779.9000244140625,0.7096774193548387,True,False,-1.1927561301712106,1.309594713602308,3.3329404233449518,0.9559535529115745,0.270269846125439,0.9728220456514377,17.396841713446552
4242,1883,-770.4000244140625,,True,False,3.2551174421703424,-0.2584185870791239,1.7534052840943921,-2.8064624884189504,3.1952628594623573,0.42758471339854565,16.427468500460936
4242,1884,-765.0999755859375,,False,False,-0.4701413939121654,3.2109649204295794,-0.08714659624199471,2.6288614259181955,-1.630598744378388,-0.9228648631958251,14.7695223252001
4242,1885,-773.0,,False,False,0.4279722614113201,-2.2773308650693025,3.484969986749756,1.5703174131592945,-1.5089994680021035,1.404991829966121,16.48482916041635
4242,1886,-780.9000244140625,0.7741935483870968,False,False,0.04117321922103357,1.4543364682271358,1.7501003376460107,0.6540414022061696,0.16282291234223306,-2.2312640164157145,15.871119530234902
4242,1887,-764.2000122070312,,False,False,-3.495468739736648,-1.4771066193264317,0.1458854328228605,-3.6800829254990544,-1.3416967395261086,1.7468175457539568,17.599116527517516
4242,1888,-762.2000122070312,,False,False,-2.2198151807271653,-2.7987416342449505,-2.79449299457302,1.425498736134666,3.0279145373753518,0.7202921953262961,17.191276096078454
4242,1889,-759.5,,True,False,1.0470738441509928,0.7334993831259079,1.4518442631836164,-1.0986908607510528,-1.1390178480770805,-1.7165440707954542,15.137476825966514
4242,1890,-770.0,,True,False,1.4784325127022162,-0.012105911996332196,0.37508352986271803,1.1748707898605224,-0.2907875874104564,0.032242844025293045,15.787039992974035
4242,1891,-758.2999877929688,,True,False,1.1659777212514615,-1.063970171422938,0.30323208479601166,2.348240577093285,-1.590486959516649,1.3686322662321169,15.0390138721433
4242,1892,-767.4000244140625,,True,False,2.601287905245996,-1.9781420439661344,-1.6701460536710098,0.32922714526503855,1.7758958620603285,-0.3724205052182952,14.823997140133043
4242,1893,-757.2000122070312,,False,False,1.2356968788499108,0.7399626895841741,0.7225489228879988,2.398052402219108,0.5989410307641241,2.227916924334321,13.942891694715302
4242,1894,-774.5,,True,False,-0.3426311712972947,0.9040190179401385,1.4436562842533462,-1.739456296721793,1.0960246304302146,1.5851504471590874,14.838810679386503
4242,1895,-763.0999755859375,,False,False,2.1827770812241214,3.4519174669127213,-0.18772108589171294,1.0480544418275342,0.4811852741198706,-0.21598299540694657,14.51343495404488
4242,1896,-774.2000122070312,,True,False,4.596246630669434,0.29608103435452204,0.26962589299915063,-1.2093655504504714,-1.3044264939632315,2.7636490393025155,14.552989495790426
4242,1897,-769.7000122070312,,True,False,0.8232924458734657,-3.188483364161545,-0.7698665366311543,3.7376370371997565,0.5610843215303914,0.6712185326089728,17.762358399500762
4242,1898,-771.2999877929688,,True,False,0.22967225837688499,1.9228451441394439,0.5920845899017069,0.03721587361758124,-0.3431380974503639,0.05011439456874023,15.61337768774441
4242,1899,-763.2999877929688,,False,False,-0.884524712262653,-3.1985712988536736,-1.126773022063464,-0.5406617341845715,-4.501088372238442,-1.6477435548099386,16.745148097694525
4242,1900,-765.4000244140625,,True,False,-2.3456117089857957,1.0687508063272244,-1.9585392952095455,1.1966473171090153,1.1441851736246293,1.1869295468727814,13.945190706000563
4242,1901,-759.4000244140625,,False,False,5.170715759741367,3.4698486138990243,-1.7925635639789619,0.6621720816397791,0.16369817936650796,-3.052489044206663,14.144693312151539
4242,1902,-769.9000244140625,,False,False,-1.1009299719182435,1.5627814632987331,1.9422502880047872,0.39725298581979585,-1.589569200345231,0.023558253436283597,16.025893203626428
4242,1903,-752.0999755859375,,True,False,0.39789004119805205,0.5111885847477314,0.06364461183391643,0.2639135795931574,-1.9173520522247416,0.5628244821579499,13.659467034240103
4242,1904,-755.9000244140625,,True,False,2.3876268834581595,2.686029029017582,1.1850074215481543,0.06805711467941566,-0.7605709041969966,-0.4246750743291483,15.22576946434468
4242,1905,-768.7999877929688,,False,False,3.0019442522060533,-1.4059337320984775,-0.0010829965648791143,-0.5053332546694275,2.603350121224066,-1.4783757783134028,15.459743638074507
4242,1906,-781.4000244140625,0.7473118279569892,False,False,4.704777985637551,2.350384713121693,-0.719694760567294,1.035371875748752,-2.2182292404360453,1.761721677508435,11.156676413486398
4242,1907,-762.7000122070312,,True,False,1.6478306964156109,-1.067093014029975,1.7334604516318957,1.8222090112684832,-1.7471821678888941,0.5421915594285552,17.27436610445969
4242,1908,-758.5999755859375,,False,False,3.48120146220405,-0.5229944516514196,1.7792684395277532,1.20730605553253,1.9423581313416076,-2.1967721215109606,14.911641477813054
4242,1909,-763.5999755859375,,False,False,-2.0572383256407694,1.425456425050592,-2.619229168754166,0.5755647683740501,0.9272313334066307,0.6093731658471211,13.273860587056298
4242,1910,-764.2000122070312,,False,False,-1.488467269922047,1.7270422850107015,0.9264682731375493,-2.396027817632243,1.5205448176939458,2.012281102235648,15.029334297219181
4242,1911,-761.0,,True,False,2.014696195120607,-0.404979453653075,-1.6684750658247784,-0.21347125951737542,1.36359879907706,-2.6105453749122525,14.135356280643135
4242,1912,-769.7999877929688,,True,False,2.481749381405369,2.718882010897091,3.4117356329677224,-0.17556790561529767,-0.3467598112293995,-0.29638061038107083,15.259345404667496
4242,1913,-770.7000122070312,,False,False,-1.4600185410676323,1.3253064321045709,-1.6683106552656357,-1.2019302940192678,1.2094793517242948,-1.521882647493236,15.01144263437727
4242,1914,-754.7999877929688,,False,False,0.2305521386512254,-2.70946937572319,2.0288205787778932,4.406497376506619,1.5669445723261621,0.4213487029785194,18.660226716776418
4242,1915,-765.5999755859375,,True,False,0.7626403543876701,0.5500099806309291,-2.1655648042210376,1.4353135124320429,0.17557650252304305,-0.7013212089515865,13.804745577094844
4242,1916,-777.2999877929688,,False,False,-1.1318264283632062,0.18865602156457975,-0.7079794031862859,-1.1144111641394518,3.2917109165156813,-1.9720236292276854,17.705986499442204
4242,1917,-773.5,,False,False,0.49311436431373046,0.7599641268955676,0.9749782954599088,-1.5755662533406718,1.694163808586504,1.194232006615742,13.998603451925593
4242,1918,-763.0999755859375,,False,False,-0.9947524344635676,-1.4856870908461468,-0.765338402468594,0.6463808999239199,-2.6033676823977117,-0.48839264345468864,14.822639841970629
4242,1919,-768.2999877929688,,True,False,-0.38164839208895823,-0.5065957138886215,1.6740227275679413,-2.1837894609908135,-0.642642828740103,-0.6655825011040266,16.36306515820607
4242,1920,-757.0999755859375,,True,False,0.05815762631656412,-3.0020557946896336,-2.197047386283214,-0.5171928766920942,-1.063771611186207,-2.396976450454892,17.271299602957793
4242,1921,-758.2000122070312,,True,False,2.4879284718866708,0.11597323921117267,1.9147551947645784,0.8068622690948453,0.4868546223277984,-0.6951249528869315,18.03902597115759
4242,1922,-754.7999877929688,,False,False,0.2496949643442826,-0.0931113183621486,-3.154835766028668,-3.9729080763842886,0.6108948481365744,-1.411911734019197,15.44006802928128
4242,1923,-753.4000244140625,,False,False,-0.40855266699684306,-2.1567444067725363,-0.4182628750311782,0.6680103142105952,0.9143831005409816,-0.45338319630569146,17.365450545496667
4242,1924,-753.0999755859375,,False,False,-0.20939731196410033,1.0297550485440334,-5.143063862890271,-1.0240832604066448,-1.0996255168885296,-1.0932798086524207,13.959511083067918
4242,1925,-755.7999877929688,,True,False,-1.32739024741408,-0.8657040941741186,3.2762671207924416,2.5807961550192964,1.1100411104503063,0.7637045459982047,16.911202500030726
4242,1926,-763.5,,True,False,-0.6914710335348463,-2.714350351843612,-2.035202119551083,0.3865071356229551,-2.474057990466446,0.391621109193013,14.743377497368396
4242,1927,-766.0,,False,False,0.5268024960245091,-0.044786719132505245,-0.16299173604107658,-0.5040799063071468,1.798034063648393,-0.9615653174623139,15.99289067926202
4242,1928,-760.2999877929688,,True,False,1.9353085616435508,-0.4341132779941233,-2.218451452568481,2.1068649978844007,0.17253090804438703,1.5124493103978482,15.659224058165575
4242,1929,-760.7000122070312,,False,False,-1.6108429653799912,-0.44641967600421034,-0.8682851260037756,4.387949299625544,0.421104036454095,-0.6773392246025297,14.85518627727753
4242,1930,-767.5999755859375,,False,False,0.4787465151997323,-2.581597119416921,0.263511283514069,-0.2756953635022489,0.9358244845150542,-2.4887664246897456,16.93961003085748
4242,1931,-756.9000244140625,,True,False,-2.554394889052798,-2.2006592730762216,-3.1952723777683274,2.393739131230702,-2.698082700174546,0.46824999170972753,15.918379867528575
4242,1932,-761.0,,True,False,-1.2241638500155183,0.369767714011317,0.5568521062426929,0.46550286417418146,-1.0426160549060448,-0.04303121903969973,13.096236998054698
4242,1933,-760.5,,False,False,1.8087942302292388,-0.36059757082075905,3.774557300327137,-1.3156174630413955,-0.46187468717442454,-1.8719369290254273,16.25405000750511
4242,1934,-777.2999877929688,,True,False,5.083779536042238,-4.5101973118941725,0.04072181470457678,-0.06575073815290815,0.4866581777063792,-2.5156041697555738,16.72505462863129
4242,1935,-752.4000244140625,,False,False,0.5108469306670953,1.5953406583782386,0.19215303282979043,-0.7870017345746761,4.89403521129662,-3.3965923117552603,15.576565710334792
4242,1936,-752.7999877929688,,False,False,3.6085639534496434,1.0066717040066027,-0.20401266245659494,-0.17811501045059222,1.2603818607255435,-1.2080609745853512,13.748160546178463
4242,1937,-771.7999877929688,,True,False,1.3412822081602394,-2.132949212697692,-2.084832987068544,-0.44070135603943383,0.01994865226277787,0.9294903519305315,13.337253185949677
4242,1938,-769.5999755859375,,True,False,5.933076114704306,-1.689634270117673,-1.8397080529109828,1.8947094307625383,-0.4107463549397155,1.1814666587762501,15.293709568272984
4242,1939,-752.9000244140625,,False,False,0.6673026661371254,-3.148717047960289,2.7137313482486323,-0.24864319104473526,-0.7408705315252752,-2.957577449049868,17.922578891141292
4242,1940,-768.5999755859375,,False,False,2.0516165504225747,0.9576393261149178,0.9135492845006283,1.1205885097191184,-0.43293109909867267,0.8299419333813589,15.21618497034274
4242,1941,-766.2000122070312,,True,False,-3.620402993062157,2.512317916103616,-1.1569990318701535,1.9680600570799927,-1.3574138023361046,-1.178526381390564,16.425337984296853
4242,1942,-780.2000122070312,0.8010752688172043,False,True,0.682638273835014,-0.8272736094704126,0.9858947177313839,4.315355374008709,0.2509746104154752,1.2676422579859052,16.231805735016263
4242,1943,-761.7000122070312,,False,False,-3.474649317509335,-2.938717000366048,1.8143707006134873,1.5668145152748034,-1.1211444145763458,1.5798383082150278,16.569966824761433
4242,1944,-752.9000244140625,,False,False,1.2265826164772882,-0.11301385174491693,0.033230290531968916,-0.6243125882722907,-0.5857853727323071,-0.1828136739320799,14.500457817612219
4242,1945,-762.5999755859375,,True,False,-1.957308098315136,-0.41341060175706756,0.6901358108673905,0.521996425967613,-2.6245807164833423,1.8164880435423179,17.259583402029868
4242,1946,-775.7999877929688,,False,False,0.27954165163534067,-0.5404216917169206,-0.21748733271002238,1.1419367552510526,3.2165252368268544,0.14612726864941927,15.634112059066798
4242,1947,-772.7000122070312,,False,False,0.211875047708326,-1.123988687383189,2.5847235269443427,2.6259168951447958,-3.3422846600588447,2.248431089174881,15.7667821471552
4242,1948,-746.5,,False,False,2.408085648153613,-1.4851175729260873,0.25344153239942835,-3.823076317770029,0.9692738295347323,0.36150600237567726,16.426700472865342
4242,1949,-748.7000122070312,,True,False,0.6336827496715733,1.4866859829763672,-1.3381804428483794,2.5403835252606686,4.377099915266893,-0.46872991286018595,16.002350152690767
4242,1950,-751.5,,False,False,-0.6802976937448808,1.8228749522652494,-2.4049566147997874,-0.309985877656737,0.015688549921516366,-1.3009804281396051,14.704821005489764
4242,1951,-761.7999877929688,,False,False,2.6655852897278836,-0.9251105209679629,1.5215777514907318,2.938466685648648,-3.6151207321714436,3.1947441716702913,16.707981745804904
4242,1952,-754.7999877929688,,False,False,0.5461664727208528,-0.7049631921513546,-2.5483192842297457,1.3291763331639825,1.5345177784052357,-2.0877994701984792,14.971216411787275
4242,1953,-764.2999877929688,,True,False,-3.0092495093495235,-1.8480693824155159,0.2200309326983169,1.5195086351052962,3.1264505557541153,-0.16021216630612922,16.6961048648394
4242,1954,-778.4000244140625,,True,False,-0.8902026178775063,0.6528905814245406,0.048547001965529954,-2.495896108701133,-2.132895475510993,-0.3449806328426654,14.936763927253537
4242,1955,-754.5,,False,False,2.4198561855482197,-3.80890267856788,-0.46757220626766194,-3.448370360447532,0.3174539065447785,2.067810443795224,16.367975189282877
4242,1956,-765.0999755859375,,False,False,-0.6497030620917684,0.2356572205829356,-0.6054718518493556,1.660243297005782,-1.8755227431218726,3.0405373448143616,15.118572638888505
4242,1957,-763.0999755859375,,True,False,2.2167241768243335,-0.1629628911687143,-3.24054514307902,0.513214168715812,0.4180349583231336,1.3805554019602186,13.727782891788051
4242,1958,-761.2000122070312,,True,False,-0.2916915454316983,-0.7822140358601766,1.9456899305129491,-1.4017136074459353,-1.7706503159348352,-0.4753376592975649,16.01908774619096
4242,1959,-765.7999877929688,,False,False,-0.08850204618320487,-1.0563218086520554,0.9746475975238407,3.4290223233155754,1.130975947926552,2.567255964170165,14.957336143176352
4242,1960,-767.4000244140625,,True,False,-0.5148516800414639,0.4447287127580458,-0.04135866096142818,-1.3458128605140456,-0.4249172032915881,-2.110285200406946,15.417198693118706
4242,1961,-773.4000244140625,,False,False,-1.7100687505841023,3.6308025006165154,1.5107466100478208,-3.489565885316359,-1.000087133400262,2.4820784603143897,14.940535713584843
4242,1962,-778.5,,False,False,-0.842952462403334,1.545799641198443,1.4603092446296795,2.574826225744029,0.9242753703852812,-1.8997468770082082,14.401992752957964
4242,1963,-757.0999755859375,,False,False,0.6074150028350433,3.1986803406382207,1.2525742565407785,0.2457945530325332,-1.4374201825150983,0.012683065614852749,16.12091084261896
4242,1964,-778.4000244140625,,True,False,-3.484995085103834,3.2078408713604083,-2.4620309798679996,-0.517910017612718,-1.868765538456109,1.7844833684792312,15.535624735507668
4242,1965,-768.4000244140625,,False,False,-3.2181020534846927,-0.5515526795358333,0.42461985288888515,-0.6595933168457491,-1.1844525093104894,-1.2891703906032865,15.667276046028702
4242,1966,-780.7999877929688,0.6612903225806451,False,False,2.2764694283750715,0.1476680767572365,0.016148042070215467,0.5771589165325905,-1.5111940740514584,2.128125021287509,13.21139457735304
4242,1967,-768.2999877929688,,True,False,-0.38294221684319263,1.5746466265530275,-1.4731540170099007,-2.083119967036314,-0.6690252799300134,0.527276782658653,13.050169924313018
4242,1968,-774.0999755859375,,False,False,-0.3662724547377649,1.3894914663206157,-5.403736510178246,-1.2292444370558768,-1.2719819087943074,-1.6074442150175923,13.004938555479734
4242,1969,-754.7999877929688,,True,False,0.07711739055404566,-3.2596213474966245,1.3966768471515572,1.6508837620070853,1.5807165885258612,-1.2023149066505163,19.414002460313508
4242,1970,-768.2000122070312,,False,False,4.090618865297868,1.642534965053496,0.18011130944941178,-0.5238106160948687,-1.245656295173245,0.6297888101578007,13.301098145590009
4242,1971,-776.4000244140625,,False,False,-1.3877003090960838,-1.9935162138728904,0.8977406762165931,1.4839688605614831,-0.05002660327014333,-0.1482160554319309,16.393268581497548
4242,1972,-772.7999877929688,,True,False,-1.2344595708243553,1.1470713495916096,-0.4153073970655685,-0.9367906346145,-0.1575088337356414,-2.2064460949665996,15.108121915449015
4242,1973,-769.9000244140625,,False,False,1.065572299217304,-0.5713068822240442,-1.700008187614794,0.8488712462687226,1.464229736086785,-0.6146822823833497,13.326506253747263
4242,1974,-747.7999877929688,,False,False,2.9897751408214357,2.0564026711062264,0.4737334218642136,-1.0369898842528475,2.0584289958647375,1.06137872447087,14.423729982508004
4242,1975,-763.7000122070312,,True,False,0.9983518124624275,0.8089204066643817,-0.4047452044663788,-0.7520340220759646,0.8587251021080354,-1.5230689435580702,14.770849347244992
4242,1976,-768.2000122070312,,False,False,0.694225674922248,-1.471562780383187,0.8162411814626229,-2.7101220906414696,0.06763373885481834,-0.5670277745862411,17.79846302241851
4242,1977,-758.2000122070312,,False,False,-0.1361554510209203,-0.8530216479386261,-0.4839981804833434,0.5176377980894191,-0.06806306376350758,-0.8351678436619226,14.85385381246759
4242,1978,-760.2000122070312,,False,False,0.8549042397753125,1.7274959970217443,-0.3109359409803921,0.6644589533481517,1.6663930906226383,-0.6440437771027518,14.287256856572757
4242,1979,-766.0,,False,False,0.008092624152407408,0.23487628002343494,0.38053240928704196,2.362541560708893,-0.6222909858952068,-2.067727785283122,15.528714006050572
4242,1980,-772.7000122070312,,False,False,-1.6881850676280505,1.2132269065866539,1.6219387561019958,0.06477790375979692,-3.5232967279923795,-0.7215344654351267,14.596006205374028
4242,1981,-763.5,,True,False,3.5931998412690738,0.45248323385888894,0.5159836225897242,2.7075080137509526,0.4847199138297793,0.9640797987894758,13.375187488144439
4242,1982,-771.5,,False,False,0.4127970966204244,1.5247737686153315,-0.009908801665419872,0.6451831595000186,0.8922257532366142,1.0758186708762991,14.068015461103036
4242,1983,-771.0999755859375,,False,False,-0.7944506523944371,3.176530593475042,0.7931029687544744,-1.7062707316458596,-0.575017411688965,2.1987249418810695,13.672548730569796
4242,1984,-759.5,,False,False,0.8881389232033746,-2.789360337584795,-0.19386929587579718,0.6540666718768807,1.4965523810369914,-1.3373514948484972,16.014911078035883
4242,1985,-753.4000244140625,,True,False,2.0619301533551893,2.197179436480929,0.6626604430356873,1.941087015159182,-0.6592438052153927,-0.3529522134647183,14.684392838532753
4242,1986,-759.4000244140625,,False,False,-0.0022630166212196964,2.3797836114390387,-0.04485767388148502,3.6167082291376467,0.3326013037477121,0.4230162935953468,13.867274374727478
4242,1987,-771.5999755859375,,False,False,0.03700491897575413,1.1241943911900953,0.7708181989505402,-0.938394331628045,-0.7325284337831166,0.2754284499030878,14.777053629667652
4242,1988,-759.0,,False,False,2.577285164324713,0.2919783401511365,2.8698460429111456,-2.605092237033232,-0.933794154840611,1.3468584335145275,16.70410105606267
4242,1989,-775.2999877929688,,False,False,0.016899397370928073,-0.8120349172400738,-1.0963073268925592,-3.6112168110911504,0.08356618458618767,1.2618885475456796,15.343320349186268
4242,1990,-757.5,,True,False,-0.4620481371880564,3.6812886097506596,-1.2904502896540462,0.9783689244470042,0.950238206096971,-0.48437747332889936,14.266964412632948
4242,1991,-765.0,,True,False,3.009359247085091,0.3117799285484454,-1.1729457168063835,-0.5984766117223231,-1.1532437771753845,0.8187056238301003,15.08910149436506
4242,1992,-760.4000244140625,,False,False,-1.837529300499587,2.8643425927315787,0.2912984095399304,0.27409358192049044,-2.8487428706761984,-2.096058856498714,14.256781385894502
4242,1993,-761.5,,True,False,0.6007353519667092,3.842922596974985,0.18987746251793688,1.7046238803888505,0.126213269887862,0.5756093494030808,14.390294423277048
4242,1994,-766.5,,True,False,-0.42895185454080037,-1.1188836676508653,-3.71948961696398,0.2609937225210752,-1.5135747989950703,0.7173775427209221,14.775945467466206
4242,1995,-760.9000244140625,,False,False,-1.3907842961348464,-1.271476480268476,2.750498912012139,-1.9914692582997642,-1.699372417435252,3.516842128045809,18.700139709381244
4242,1996,-769.2000122070312,,False,False,-0.9556089175536023,-1.2028895439068292,-0.7246433747890898,-1.9677887300739083,-2.3127198959400674,-1.2780665126147375,14.551298126638995
4242,1997,-747.2999877929688,,True,False,1.4916210846969917,-3.3320975937067296,-1.6025471900117139,3.7468961134076446,-2.1176778372419074,1.0677892691397166,16.501589580282605
4242,1998,-777.9000244140625,,True,False,0.14992887392251625,-1.5957237077369644,-0.2358744718391837,-0.08976853519700373,-1.4484961048785605,0.6410430996667196,15.340709722476722
4242,1999,-756.0999755859375,,False,False,1.043702741595043,1.5046805567910913,2.315775388600219,1.8389919735707594,-4.219536907401736,-0.9631332214381825,17.78878328614439
