candidate_id,ensemble,generation_index,sequence_md5,cds_md5,mature_length_nt,cds_length_nt,circular_mfe_kcal_mol,circular_mfe_per_100nt,ensemble_free_energy_kcal_mol,human_cai,mature_gc_fraction,cds_gc_fraction,cds_gc3_fraction,bpp_cutoff,fold_elapsed_seconds,mfe_dot_bracket,lires,lires_internal,lires_crosstalk,ires_cross_pair_probability_mass,ires_candidate_pairs_retained,lires_ires669,lires_internal_ires669,lires_crosstalk_ires669,ires_cross_pair_probability_mass_ires669,ires_candidate_pairs_retained_ires669,pareto_layer,dominators_count
original,current_construct,0,f10fd90bcd66fde2c63e069eb6792aaa,555b40d1e9cecab8938a13f260ff24ee,2013,1083,-779.4000244140625,-38.71833206229819,-811.5098266601562,0.8110396713611927,0.5409836065573771,0.5946445060018467,0.6611111111111111,1e-05,39.85009956359863,(((((((........)))......((((((((((((((((((((...............................................((((....))))......(((((((........)))))))...((((((((((.((((...(((((...)))))...))))....((.(((((..((((((......(((.((((.(((.........))).)))).))).......))))))..))))).)).))))))))))((((((((.......((((((....((((((((((((((...(((.((....)).)))....)))))...((((((((((.(((((((.(((((....((.(((..((((((((((.(((..((((((.......((((((.......))))))...(((((((((((((((((((......(((((....)))))))))))))).)))..)))))))((((((((...((((.(((((..............))))).))))...))))))))))))))..))).)))))))))).....))).))))))).))))))).......((((((((((.....((((((((......((((((((((((((((((......))))).))))))).............))))))((((((((.(......).))).)))))..........((((((.(((((((.((((((((((((.((((.......)))).))))))))))(((....)))......)).))))))).))))))((((((((((.(((((.((((.(((((((((((((.(.((((((((.(((((.......(((((((((.((.(...........).)).))))).))))........))))).).)))))))).)))))))))))).).)).)).)))).).))))))).))).))))))))....))))...)).))))...(((((.((((((.(((((((((((((((((((((((.....(((..(((((((((((...(((((((....))))))).)).))))...))))))))(.(((..(.(((((...))))).)..))).)....)))))))))))))).....))).)))))).)))))).)))))))))))))))))))))).))..((.((((((....((.((((((...)))))).)).)))))).))....))))))..))))))))...(((((((((((...((((((.(((((((((((((((.((((((...))))))..((((((((..((((....))))(((((((((........(((((.(.........).)))))))))))))).((((((..((((((..((((((...))))))(((((.(((...((((....))))))).))))).((.....))((((((.(.........).)))))).(((((((.(.((((((.(((.(((((((....(((((.((.....))))))).(((((((.((....((((((((........((.(((((((...(((((.(((.(((((((..((((.(.(((((((((((((...((.(..((((.((((((........)))))).))))..).))...)))))....)))))))).).)))).))))))).))).)))))....).)))))).))))))))))...)).))))))).))))))..).)))....((((.......)))))))))).).))))))).(((.(((...))).))).((((.....)))))))))))))))).......)))))).)).(((........))).)))))).(((.....)))...((.....))...))))).)))).))))))...))).........(((....))).......))))))))............))))))))))))))))))))....))))((.(......).)),11.954030649650369,8.025102751226552,8.859829265004851,62.01315115075431,6818,11.227883639811877,6.843754621209721,8.90103329472628,62.18192966528204,6834,4,5
human_weighted_001,human_weighted,2,629a0fbe8e3173d3649254e42879851c,42e376f9d74aa8393f1347e97a4dd2f6,2013,1083,-739.0999755859375,-36.7163425527043,-770.9656982421875,0.7403782967675189,0.5290611028315947,0.5724838411819021,0.6111111111111112,1e-05,38.71510934829712,,9.77840978028867,6.617994450139194,7.198572586921098,78.91878664007709,11007,9.500423516649876,6.449465178602657,6.975847325286423,76.84487238460588,11038,8,25
human_weighted_002,human_weighted,3,9651284b3d630fbcb4b607720d8117ce,66342fc70f3ca76b05573732538721d4,2013,1083,-739.5999755859375,-36.741181102133005,-770.7377319335938,0.740692481073414,0.5176353700943865,0.5512465373961218,0.5611111111111111,1e-05,40.73883104324341,,15.693829226647887,10.47930274401167,11.682486455996298,117.55247452732785,6469,15.136621181983552,9.867708226928787,11.478050146042884,114.77803210307866,6493,17,113
human_weighted_003,human_weighted,4,5b23902655a2dea0f7fb5a5662d13cdf,4328def43388258cc4713e190c0b174f,2013,1083,-750.2000122070312,-37.26776016925143,-786.0916748046875,0.7574657158557525,0.5226030799801291,0.5604801477377654,0.5916666666666667,1e-05,39.34955310821533,,20.04595988716549,12.99875358797474,15.260174080165722,162.54826938395126,5654,20.658983278463776,13.819671158670266,15.3561153670472,164.3619043533754,5671,14,88
human_weighted_004,human_weighted,5,51107ddf7acf6837a1bdf1b7dca5f7d5,1fa75d3b29a4afdc9e5e11422c092cf3,2013,1083,-743.2999877929688,-36.92498697431539,-771.7098388671875,0.7469551762253633,0.5221063089915549,0.5595567867036011,0.5722222222222222,1e-05,38.80719828605652,,12.234792477982792,7.829478319813593,9.401564562288195,91.98084153796844,9061,11.642672729355956,6.910283687737463,9.370155155485868,91.57441255190224,9075,13,57
human_weighted_005,human_weighted,6,ca0613cfe032558dbdbb2b462a52b990,7d8528fe5f6a0e27aaa556f9ccc7cd6e,2013,1083,-746.2999877929688,-37.07401827088766,-780.3079223632812,0.7598774930534979,0.5305514157973175,0.5752539242843951,0.6222222222222222,1e-05,40.18484878540039,,13.963465928819677,10.212006390916669,9.523303324854512,107.39855886218356,8958,14.212708997604112,10.483284428123282,9.59697059751903,108.6172390714746,8985,14,68
human_weighted_006,human_weighted,7,e4598232fb5080520677c348b96b3489,4b7f62c7cd8ea218d999036de6f48635,2013,1083,-745.5,-37.034277198211626,-775.8062744140625,0.7599938548423216,0.5275707898658718,0.569713758079409,0.6055555555555555,1e-05,39.53521680831909,,14.284710764366867,7.290154047014853,12.284405382126218,122.60510007341236,6646,14.18483952967615,7.140654939451983,12.256456238176805,122.02333056728456,6677,14,68
human_weighted_007,human_weighted,8,63bde6e8a5e5195dd2dae0afbe8f896a,ea14278aab10ad06726cef93a6de4578,2013,1083,-743.7999877929688,-36.9498255237441,-776.4747314453125,0.7611080820043137,0.5270740188772975,0.5687903970452447,0.6,1e-05,40.083213090896606,,17.229406853863207,10.53435969436265,13.633771538563206,135.58524573490558,6543,16.868901894497917,9.94612318924676,13.624774663476945,135.34566339699813,6554,15,93
human_weighted_008,human_weighted,9,ec0066883a96bc4d50c30bf8714782b1,bbca5684f7b044b4c2ef6994e27b36b1,2013,1083,-761.7999877929688,-37.84401330317778,-791.466064453125,0.766034563204315,0.5285643318430203,0.5715604801477377,0.6027777777777777,1e-05,36.44055342674256,,8.891202770475882,5.828224062801795,6.714558137323419,68.58945951939495,9760,8.039660287872257,4.476722435152186,6.677955808703388,68.06311148928671,9789,4,5
human_weighted_009,human_weighted,10,fea9a4c2ad3090d7cd7805a4012f46f7,bb5e2457a3fee63bef7bc1de3a74b87e,2013,1083,-756.2999877929688,-37.57078925946193,-788.7076416015625,0.7494711236048968,0.529557873820169,0.5734072022160664,0.6194444444444445,1e-05,36.73872089385986,,8.709870709459427,6.70084156729348,5.564222323517557,56.56656027461122,9717,9.185085458864608,7.176858626840506,5.7322329974444575,57.68352123945715,9734,3,5
human_weighted_010,human_weighted,11,4c8d3cd8001fe27abef8275f43c6822f,db4eccb59287c7872a8c72cca20710d5,2013,1083,-748.4000244140625,-37.17834199771796,-781.6332397460938,0.7478064069472112,0.5226030799801291,0.5604801477377654,0.5805555555555556,1e-05,37.577345848083496,,15.814284207358751,10.57458070430059,11.75881915497258,132.7365368003284,9732,15.397439374065522,10.1254060714872,11.59988323930519,130.43821537394706,9772,14,91
human_weighted_011,human_weighted,12,2200619cbe9bc0fdceeac1c06a1132f0,7a96b7adc4b15a55982fcd9672eb2f70,2013,1083,-750.0999755859375,-37.26279064013599,-782.4132690429688,0.7485962000973504,0.5221063089915549,0.5595567867036011,0.5805555555555556,1e-05,36.98812127113342,,18.423405992828744,11.701962956389927,14.229755842735884,154.07800668985055,7395,18.36717042500721,11.623123616743898,14.2216717305368,153.8577506354559,7429,14,94
human_weighted_012,human_weighted,13,fe6b1d6d958aa879b5ca183429889865,70a08ebe21e857865b28c37abe283ec3,2013,1083,-742.7999877929688,-36.90014842488667,-776.3544921875,0.7442493178861076,0.5221063089915549,0.5595567867036011,0.5805555555555556,1e-05,39.2946720123291,,17.277279298547548,11.208694288069108,13.14798662596774,132.83649902325214,6402,16.919942739348866,10.852806954923937,12.980795179880122,130.40928682838876,6432,16,116
human_weighted_013,human_weighted,14,9621ebff8bc2e82b760a50787c7fa452,cf60a3f1fa2aefd31b605f93febeaeb9,2013,1083,-741.5,-36.83556880278192,-773.986083984375,0.7723909173428194,0.526080476900149,0.566943674976916,0.5888888888888889,1e-05,36.10337018966675,,18.40319672924296,10.820216850122796,14.886253967050862,147.17818173548403,5745,17.803094318020136,9.987268688182064,14.737863869855053,144.35894390819522,5751,14,76
human_weighted_014,human_weighted,15,1cc5bcb15f866afad4e7656d15c0325f,15a65b29c9edd4e827d1b8783454bbe2,2013,1083,-744.9000244140625,-37.00447215171697,-778.0150756835938,0.7683246902913924,0.5280675608544461,0.5706371191135734,0.6083333333333333,1e-05,36.00334453582764,,11.938168977556275,6.758411860145685,9.840922094261757,68.10322462330441,6367,11.44994994397186,6.0164756530295564,9.741836296918756,66.9154992524418,6380,11,37
human_weighted_015,human_weighted,16,7e8d4e7afe4ab0975113c9dd880751da,2691274e1019629970811e0f0f1db22c,2013,1083,-758.7999877929688,-37.69498200660551,-792.0763549804688,0.7605831058091954,0.5280675608544461,0.5706371191135734,0.6,1e-05,37.14681601524353,,11.049821755071708,7.751915778265909,7.87441188823191,75.63346427322085,8640,10.176268758750275,6.716596197755719,7.644853259978921,73.4511885493057,8661,8,16
human_weighted_016,human_weighted,17,facdf4653d4003b2b4e83046eb162c5b,340e0e2ded6304225de83e1618a3de4e,2013,1083,-767.5,-38.12717337307501,-797.953369140625,0.7668138278654173,0.5290611028315947,0.5724838411819021,0.6194444444444445,1e-05,36.10761499404907,,11.407437449582748,7.5332107150224,8.566234031896084,50.79489517904949,6229,12.133768653999676,8.453478998166876,8.704426148594557,52.05797319713838,6242,4,10
human_weighted_017,human_weighted,18,ffc02a159bf0ab297518c6f398de27c8,613270c8c7c78e6dd1eaf56d4c30ea6c,2013,1083,-781.2000122070312,-38.807750233831655,-811.0096435546875,0.7820329679817087,0.5365126676602087,0.5863342566943675,0.6333333333333333,1e-05,34.85584855079651,,9.8765711011363,5.876281580294584,7.938259979673838,42.25092134114402,5067,8.970829692886818,4.647514366247001,7.6730955679117905,39.64751592320408,5079,1,0
human_weighted_018,human_weighted,19,89a8e067c07e33fe2a57a5d960daee87,fedfc938bc8495b99212ff0fff88fbb2,2013,1083,-751.0,-37.30750124192747,-782.8229370117188,0.7571863220902495,0.5310481867858917,0.5761772853185596,0.625,1e-05,35.533170223236084,,14.533972300605038,9.732574560343553,10.794134669444698,107.27971948576032,10129,14.098085572511517,9.270121791690087,10.621716376230816,105.04236407672396,10166,13,67
human_weighted_019,human_weighted,20,8b2eb55b7aecea5411a74e454a8451ca,c438ad3ae72d1f7df9c06809b5eee87d,2013,1083,-741.0,-36.8107302533532,-765.672607421875,0.7544625298132678,0.5245901639344263,0.564173591874423,0.5722222222222222,1e-05,35.3165066242218,,15.950320139845855,8.838525407127538,13.277544245497106,107.66773104792172,4025,15.467851432627157,7.9791655746296595,13.2509375017193,107.193273235981,4041,16,97
human_weighted_020,human_weighted,21,98d6f721bfbe4a960d30e3d33684dede,f5576734090e3f39387c448ba22cb16e,2013,1083,-742.7999877929688,-36.90014842488667,-775.9617919921875,0.758028671772229,0.5290611028315947,0.5724838411819021,0.6111111111111112,1e-05,34.079211711883545,,14.01277305722495,7.14630794467478,12.05355099185164,112.62780676536386,7339,13.593587755885984,6.618434296978766,11.873582253622894,109.98864965654413,7375,15,72
human_weighted_021,human_weighted,22,8804de6cdb721d44393ff9275b439e64,45c436c7f073543e609b0618c58ceed5,2013,1083,-770.4000244140625,-38.27123817258135,-799.9747924804688,0.7702269441894891,0.5325384997516145,0.5789473684210527,0.6222222222222222,1e-05,33.46908354759216,,9.07742502587268,6.001793612005627,6.810148202442298,37.41601073123093,5331,8.03853594623095,4.526426804096064,6.643005385065392,35.956706983934964,5347,2,2
human_weighted_022,human_weighted,23,87d7826785f621692003cc76d6b8c095,83caeffc87c054aa952d908c88274716,2013,1083,-746.7999877929688,-37.09885682031639,-779.944580078125,0.7527449161629699,0.5310481867858917,0.5761772853185596,0.6138888888888889,1e-05,33.41185784339905,,14.812985481683045,8.592109183039529,12.066490735391152,122.51467234347456,6257,14.20967116722164,7.683082965620107,11.953451000609329,120.9137739799744,6276,14,78
human_weighted_023,human_weighted,24,870908f5fcad6afee727814bef94266f,3bd69e67fd0f7e89e8a1c319483f6d34,2013,1083,-746.7000122070312,-37.093890323250434,-779.0032348632812,0.7322485252931958,0.531544957774466,0.577100646352724,0.6222222222222222,1e-05,35.13841438293457,,12.531654862046793,7.984844312509467,9.658397117868276,71.14875433079214,6184,12.082941565070946,7.436758864246912,9.52323970400641,69.6602629613435,6203,13,58
human_weighted_024,human_weighted,25,508799dd8791ddb5de44dd16a50c3b32,ed294ea5fec681d69b1edc019509a237,2013,1083,-765.2000122070312,-38.01291665211283,-796.5684814453125,0.7690031738536426,0.5310481867858917,0.5761772853185596,0.6361111111111111,1e-05,37.285359144210815,,14.904122383717745,9.526867294956949,11.46174784110678,121.78403836166308,8108,14.459389718807678,8.848858206603799,11.435543689732544,121.36936402617448,8122,9,30
human_weighted_025,human_weighted,26,988f26dfdb630af45a46d08e0a528361,01bea4b7576bbe5fbc58a0ca6ed819f5,2013,1083,-738.0999755859375,-36.66666545384687,-770.1591796875,0.7534120897822215,0.529557873820169,0.5734072022160664,0.6083333333333333,1e-05,37.22464299201965,,13.703190398051913,8.552731772784318,10.706456290858696,101.71192572943892,7511,13.066666123307405,7.76338974752032,10.510354095180888,99.0850660746546,7546,14,69
human_weighted_026,human_weighted,27,ef51614c991ab883b43c0196fd153b0b,9deeece5518b78352456e7673b3257f5,2013,1083,-730.0999755859375,-36.26924866298746,-760.5462036132812,0.748501882303087,0.5245901639344263,0.564173591874423,0.5833333333333334,1e-05,36.29366302490234,,14.317273378989606,8.687260206183653,11.38050205917043,117.1350958935036,10277,13.893216900266596,8.015825579311356,11.347599575236655,116.9615989735248,10301,17,87
human_weighted_027,human_weighted,28,c9f29e5ea19f8734fb9e4cc076200662,499e16c710a20a742fec7e0470cde710,2013,1083,-747.5999755859375,-37.13859789299242,-781.605224609375,0.7590056498288378,0.5300546448087432,0.5743305632502308,0.6166666666666667,1e-05,35.470415353775024,,12.847677608323837,7.745520870163426,10.250352500147908,79.92783106002935,6248,12.294045305966868,6.811006137258543,10.234927717546054,79.65130694660729,6257,13,55
human_weighted_028,human_weighted,29,71687dc6e089674decffe2e2ed6deca9,388733f78d0808af771652d4a926abd2,2013,1083,-740.0,-36.76105315449578,-767.9442138671875,0.7555713858493464,0.5265772478887233,0.5678670360110804,0.5888888888888889,1e-05,36.7205331325531,,9.55568062844137,6.2841983559349535,7.198602871115623,37.56550442966818,5505,8.636887253591532,4.864928046136078,7.136406416199296,36.993954337933246,5521,7,20
human_weighted_029,human_weighted,30,70a63fe5c7b261940236237758347bb0,0ff49aa4c5942ea1445f99daad9d6e29,2013,1083,-750.9000244140625,-37.302534744861525,-784.6803588867188,0.7357552438521987,0.5245901639344263,0.564173591874423,0.5833333333333334,1e-05,36.28661155700684,,9.05101852082616,6.730712328797275,6.051317857402182,62.45640636334065,9295,8.327587879776754,5.8701271149951255,5.906803496748788,61.844315954663216,9320,5,13
human_weighted_030,human_weighted,31,b63489c8204b0603be4a48a76ceb426f,2348cab8ebe3858cd7f67ed808e33696,2013,1083,-743.5,-36.93492300049677,-778.0465698242188,0.7736828057396697,0.526080476900149,0.566943674976916,0.6055555555555555,1e-05,36.3132426738739,,15.269242391357668,10.058657589434736,11.487957638524833,121.74192517545816,7835,15.201865241098668,10.07382764423112,11.384845339434731,120.38244844483232,7875,13,65
human_weighted_031,human_weighted,32,9161352f3c070cf621e1f8a8d9bea5e5,be8bcdf373c658aa8361e60bda87f8cd,2013,1083,-746.7000122070312,-37.093890323250434,-781.3507080078125,0.7392801785338972,0.5280675608544461,0.5706371191135734,0.5916666666666667,1e-05,37.56991672515869,,14.602935604172782,10.854320651991369,9.768799897805808,97.23124381651267,7252,15.46839472486363,11.74114135984838,10.070592580987809,100.22894628228369,7257,14,84
human_weighted_032,human_weighted,33,011de7476e07c704cae7a8bf95e3e47f,c4059acde48dd196196b82dfbedfbd90,2013,1083,-774.4000244140625,-38.46994656801105,-806.4334106445312,0.7484911696541707,0.5310481867858917,0.5761772853185596,0.6194444444444445,1e-05,36.19893431663513,,15.98726877607958,10.76853086664316,11.81657758798048,86.89757458404256,4239,16.77974988223781,11.667598931987518,12.059317612234262,89.82924296821238,4249,9,20
human_weighted_033,human_weighted,34,0aca4dc4953eacb7710d8ee8b085fdb7,890ba47e1752556a59637ed795ec13db,2013,1083,-769.9000244140625,-38.24639962315264,-801.4448852539062,0.7524202694595425,0.5216095380029806,0.5586334256694367,0.5833333333333334,1e-05,36.23550629615784,,15.210224982474577,7.77829394037964,13.070925269258757,113.19015511123688,4279,14.738605222381336,7.037175939857207,12.950082574744505,111.32412266792198,4291,9,23
human_weighted_034,human_weighted,35,39afc54c124407c3d5ddccc64a3a5674,05cdea3aa805e364b0abda1c17ac19e8,2013,1083,-739.7000122070312,-36.74615063124845,-772.0923461914062,0.7451437882441667,0.5221063089915549,0.5595567867036011,0.5583333333333333,1e-05,35.0959575176239,,12.353359913728426,6.729057777920178,10.359791628190422,90.1559467777006,7662,12.617116751867965,7.202138950294639,10.35957671292201,89.95575693729825,7691,14,62
human_weighted_035,human_weighted,36,3dc6c0547b62ce362e6ec112eaeabbd7,5fba768d1ade37ca3de14db8c0efced9,2013,1083,-751.5999755859375,-37.33730628842213,-784.5037231445312,0.7763094037686077,0.5250869349230005,0.5650969529085873,0.5888888888888889,1e-05,35.70134472846985,,10.167139047405088,6.014851760096917,8.197089404985665,63.4016810525809,7071,10.907868168776687,7.063189672520428,8.312216289138082,64.73115261568819,7105,8,17
human_weighted_036,human_weighted,37,c27c9418a8378cf13dc6b7787cd16ab9,f64abdff025147978e33c69a5951df9f,2013,1083,-753.0999755859375,-37.41182193670827,-787.0306396484375,0.7364938215344125,0.5310481867858917,0.5761772853185596,0.6222222222222222,1e-05,35.92061233520508,,16.806529567457343,11.577106059151442,12.183187242958091,103.82937977304664,6924,16.45278891231372,11.232363315441246,12.021991405049455,101.43345825106644,6951,12,84
human_weighted_037,human_weighted,38,8515047a15d3c8aa5ab79b51f1250dc2,684da79e048bd9e892c397fd7005d597,2013,1083,-744.0,-36.95976154992549,-775.2801513671875,0.7828351244442899,0.5285643318430203,0.5715604801477377,0.5972222222222222,1e-05,35.239660024642944,,11.916613647165638,9.19023859422385,7.585854954917924,61.19049040105256,8103,11.391601248824044,8.70688599803068,7.345659618407783,58.86841884628393,8131,11,33
human_weighted_038,human_weighted,39,44601207d33f20d170f1ab468bf0531e,2eecf1647ca85c6002fc439c4a3077ce,2013,1083,-745.0999755859375,-37.014405145848855,-781.6198120117188,0.756797731261115,0.5255837059115748,0.5660203139427517,0.5972222222222222,1e-05,35.55341482162476,,18.490315524004952,11.441295686487548,14.525443924080944,158.23720432480332,6217,18.04838074300573,10.917808971203463,14.371690739534056,155.41335834740585,6235,16,99
human_weighted_039,human_weighted,40,8bf4d5be1ba662fafaea2bbee2b9385a,fa2ed3c9f65d0e43ad4a7f75398ab95e,2013,1083,-742.7000122070312,-36.89518192782073,-773.6506958007812,0.7666350682953994,0.5285643318430203,0.5715604801477377,0.6083333333333333,1e-05,36.81035304069519,,8.305040048674723,4.812974349330866,6.768232274587963,42.33095474832498,8877,7.573907707652976,3.95663278185202,6.45826098834811,39.70886326337495,8909,4,6
human_weighted_040,human_weighted,41,ceab3797d0da7652da7ea9b77838518b,c32ef52e5b27eef9774ae86439e0fa9a,2013,1083,-744.2000122070312,-36.96969757610687,-774.3516235351562,0.7329260174523123,0.5216095380029806,0.5586334256694367,0.5805555555555556,1e-05,38.79818868637085,,14.092664130789093,7.511414222396347,11.924002628430244,94.66804211138697,6653,13.474262092997437,6.2912933375526245,11.915341669111026,94.44317402058186,6658,15,81
human_weighted_041,human_weighted,42,0425bd60f18ed4cb23d28aaa26e284d4,edc1f3eb60abaafa03660651fc0bb9fb,2013,1083,-738.7999877929688,-36.70144002945697,-775.1298828125,0.7615510503050162,0.5255837059115748,0.5660203139427517,0.6055555555555555,1e-05,37.71394348144531,,6.842845996438601,5.429313301723574,4.16498480221756,40.96067572960328,12257,5.894197923459228,4.316994252977892,4.013119706745232,40.37804149563726,12294,2,1
human_weighted_042,human_weighted,43,79b377bf95574539dd451ad391fe1f15,5153d7c197338279bd84587d7a0a1a3c,2013,1083,-734.2999877929688,-36.47789308459855,-769.3206176757812,0.7436945228388735,0.5250869349230005,0.5650969529085873,0.5944444444444444,1e-05,39.19022941589356,,12.26560745075803,8.197918531198772,9.123555112559943,99.44012452127936,10071,11.46997596066692,7.203796000304096,8.925562823950083,97.17818758156318,10107,14,68
human_weighted_043,human_weighted,44,54fde9d551d2e845f4d5ca9599a8322f,81cef0ea0a19ef95c9873fc4f26080b2,2013,1083,-719.5999755859375,-35.747639124984474,-751.9600830078125,0.7754216388399329,0.5221063089915549,0.5595567867036011,0.5916666666666667,1e-05,38.73140215873718,,12.53878689622056,8.701409754069394,9.028103074324,77.38790511861134,9716,12.366857843592587,8.457878510551149,9.022386825246665,77.2162264341614,9742,13,40
human_weighted_044,human_weighted,45,b15801b1c170563755bdce474ff68c58,9ae20d0d1183004cbc7b7cae8a598232,2013,1083,-760.0,-37.75459513164432,-789.940673828125,0.7521512840628801,0.5280675608544461,0.5706371191135734,0.6055555555555555,1e-05,37.57896161079407,,16.052447944591172,9.334014329746438,13.059757329517938,127.16190995034958,7416,15.808202206418018,8.933239624825964,13.042104385582824,126.80303953622388,7444,11,51
human_weighted_045,human_weighted,46,52b23561bfadad0ab28c57e366c2d8f2,190b24e5021fa2ccb12c06128f3cd2a7,2013,1083,-759.7000122070312,-37.73969260839698,-791.8218383789062,0.7721217410881098,0.5310481867858917,0.5761772853185596,0.6083333333333333,1e-05,38.25026822090149,,14.498995805511996,8.947599369462884,11.408827498557502,133.30517559142208,8928,14.09582374093627,8.479139869347362,11.260392267216384,131.31056872859244,8946,10,37
human_weighted_046,human_weighted,47,15bb690a1eeb44bca0045fc4a46f08c0,0d42a978682aebbf051e28910c935afd,2013,1083,-751.2999877929688,-37.3224037651748,-783.3470458984375,0.7632328483900274,0.529557873820169,0.5734072022160664,0.6138888888888889,1e-05,38.39396023750305,,12.218051434105694,7.228089008549602,9.850660390600046,91.9914798722266,9103,11.643300663237165,6.225437227667137,9.83922667992333,91.75826879400574,9120,12,42
human_weighted_047,human_weighted,48,c24fb94dcd97534087afdf52bfa19080,872a89415f221e8a2cb746f0ae93adf3,2013,1083,-764.7000122070312,-37.98807810268411,-797.8342895507812,0.7753489600640263,0.5325384997516145,0.5789473684210527,0.6361111111111111,1e-05,38.80156064033508,,12.216251163571169,6.875267665634464,10.097895177577117,93.23194698129736,8882,11.678540434729614,6.081878321368817,9.969907861644389,91.7092458410316,8901,5,14
human_weighted_048,human_weighted,49,4432fd76ebaa7e2cbb6f61a2489a43bc,04f1c3782bf6cd06ff174b475bb4e874,2013,1083,-745.0999755859375,-37.014405145848855,-778.807861328125,0.7695101452573522,0.5270740188772975,0.5687903970452447,0.5916666666666667,1e-05,36.678916692733765,,16.941672735268508,11.365812232649082,12.563382799274436,116.79064582435512,6072,16.968851821705833,11.35702630001267,12.60792947980872,117.19242348654916,6097,14,75
human_weighted_049,human_weighted,50,3ea37b84d074d99c1fc6141094694cf3,28227517b8ca641873de7d745ba6f3b6,2013,1083,-765.5,-38.027819175360165,-798.6821899414062,0.7517030859120504,0.526080476900149,0.566943674976916,0.6,1e-05,36.16450572013855,,6.457988587271188,4.869531908735317,4.241848132964392,34.44143354420976,9938,5.353872028168271,3.311898128758694,4.206575386074438,34.20784480716793,9958,1,0
human_weighted_050,human_weighted,51,d470b2967a39f13c3f12f1d73da06dbf,dc4c64ae3e26cb43c8eb3557c49bddf2,2013,1083,-728.7000122070312,-36.19970254381676,-762.6890258789062,0.7500536922452021,0.5255837059115748,0.5660203139427517,0.5861111111111111,1e-05,36.57971525192261,,15.281787864888692,10.804945151484544,10.806766427607746,90.1393142353818,6539,14.487175434832643,9.873241010161706,10.601762307978776,87.35811478228152,6551,17,104
human_weighted_051,human_weighted,52,56a2ecaef28485355e8222c337bd1667,c3e96fe41f5b93683acece7d23348210,2013,1083,-752.5,-37.382016890213606,-783.5248413085938,0.746301279947861,0.5285643318430203,0.5715604801477377,0.6166666666666667,1e-05,37.57672500610352,,11.538285547302356,7.873848529831897,8.434129635021655,69.64804398582964,9902,10.858417570875604,7.096365952257048,8.218687390036623,67.55750289439948,9935,11,37
human_weighted_052,human_weighted,53,fc195a055fdd82e5c5dde79e63fa55d4,98308d894b9c71472ce88e0f9080a61d,2013,1083,-779.9000244140625,-38.7431706117269,-813.9927978515625,0.7808108181172166,0.5360158966716344,0.5854108956602031,0.6527777777777778,1e-05,36.4486083984375,,13.052903084296378,7.383808542196393,10.763719168587665,69.68232420130516,4776,12.678393596534049,6.763080096033026,10.723917745081668,69.13963231499292,4794,4,6
human_weighted_053,human_weighted,54,82629a9b46f810a5a2cc7e532834e7f9,bf9cf0fd54b5c1aed0b6c6ab0d5e23d8,2013,1083,-739.0999755859375,-36.7163425527043,-772.8677368164062,0.7417808200138317,0.5181321410829608,0.5521698984302862,0.5666666666666667,1e-05,36.8075795173645,,17.715289846785577,11.258340483198769,13.677765311628647,119.7992338262202,6765,17.57985581082607,11.198650035424007,13.551441536365536,117.68458026093047,6822,18,129
human_weighted_054,human_weighted,55,8a9817c777228b803ee6656f52998c9e,dd6f2a0c684e153b6eb5e5f82c3c07c5,2013,1083,-739.2000122070312,-36.72131208181973,-771.8406372070312,0.7589689639027799,0.5191256830601093,0.554016620498615,0.5555555555555556,1e-05,36.65686368942261,,7.066167001273289,3.413564804156361,6.186945241208176,40.94835060993046,6625,6.639027529732972,2.987572923733731,5.928835852503033,38.95754367355585,6669,4,3
human_weighted_055,human_weighted,56,4ccf7c372a38a698895db54ab4d8e250,51d341f4baca669be86c06d5a9c897ad,2013,1083,-747.7000122070312,-37.14356742210786,-779.84765625,0.7613074419291769,0.5290611028315947,0.5724838411819021,0.6,1e-05,38.55080246925354,,11.986404957473717,6.341113246012464,10.171734690100587,95.43404367393124,7394,11.943749085369555,6.250073527781355,10.177903669793343,95.5367888659066,7412,12,43
human_weighted_056,human_weighted,57,88831d4e625ecd14f199b6545a1439bc,62ca217f07cb8f0c7fd9ee6d50fb4d8c,2013,1083,-758.5999755859375,-37.68504598042412,-790.1278686523438,0.7475544196141085,0.5255837059115748,0.5660203139427517,0.6027777777777777,1e-05,36.665244817733765,,12.20728927018993,5.857312893612514,10.710265962730094,93.10945832634296,5197,11.880110737577793,5.218193169840395,10.672745250372191,92.75813558890786,5228,9,28
human_weighted_057,human_weighted,58,60814a6b0a7e0a74d3fbaac20446e812,9eb5f2301c28abbf5f6c74813a5930aa,2013,1083,-755.7999877929688,-37.545950710033225,-787.4307861328125,0.7475560820630424,0.5270740188772975,0.5687903970452447,0.6027777777777777,1e-05,37.04899621009827,,9.919295294253176,6.703422015841246,7.311398799964893,62.9383530965788,7507,10.447808089409152,7.42642973163652,7.348798222443479,63.46629654583376,7563,8,20
human_weighted_058,human_weighted,59,b3b3b6f019dd3022e0343ccd4de5aae4,1b75146072ab456b6a35d06cc79f9bb2,2013,1083,-730.7999877929688,-36.30402323859755,-762.4353637695312,0.7286538049383282,0.518628912071535,0.5530932594644506,0.5611111111111111,1e-05,36.72574043273926,,10.307028485004226,6.066473683402602,8.332630631395595,47.758761412945205,4919,9.96595375249317,5.506286832699029,8.306686434004718,47.4216727367002,4944,9,36
human_weighted_059,human_weighted,60,69be553d8a37d29c61916f4ba0d33f6e,a833f9582ff4c0d04246b74c65090312,2013,1083,-742.5999755859375,-36.89021239870529,-771.2394409179688,0.7378879572932608,0.5156482861400894,0.5475530932594644,0.5472222222222223,1e-05,37.24126267433167,,15.830821201838155,10.43705088518793,11.903061318188962,104.0941024612057,4844,15.327156702053266,9.688578913795231,11.876580787434518,103.67123703761536,4870,16,111
human_weighted_060,human_weighted,61,33d010835b352178033dd575cf8b7539,26f390d27ae504a2afd205c2f36f4e77,2013,1083,-765.0,-38.00298062593144,-796.7138061523438,0.7671350442019698,0.5305514157973175,0.5752539242843951,0.6333333333333333,1e-05,37.11944246292114,,8.780708127250968,5.134517058136876,7.123030941647849,70.55229025644167,7643,8.041798528762524,4.158585547882021,6.883072701791974,68.63377183062494,7669,3,3
human_weighted_061,human_weighted,62,f2c7a74d34e4dd02d401c8359a191412,751e55dfca9acadfd30d3035b0ad9e55,2013,1083,-736.7000122070312,-36.597119334676165,-768.1001586914062,0.7440533045202499,0.5255837059115748,0.5660203139427517,0.5861111111111111,1e-05,37.01270341873169,,10.775294212063503,6.902685952663197,8.27404931067222,78.1542993312687,10152,11.205332232721046,7.470959440246088,8.351301424799317,78.78465274740938,10191,9,38
human_weighted_062,human_weighted,63,6b5cc275c7c8f2ffd6dea2d241c05ba9,d1061f3c3b4f5f360ca090d2245ce6a9,2013,1083,-754.7999877929688,-37.4962736111758,-783.7683715820312,0.7478407707735569,0.5275707898658718,0.569713758079409,0.5916666666666667,1e-05,36.98206615447998,,10.545928535537712,5.079460141156221,9.242061098644276,82.0084827773644,5697,9.84846866214692,3.925420671115644,9.032353377944638,79.59202917302082,5728,8,24
human_weighted_063,human_weighted,64,d9c4c34f6dc6e4d74ae8714577bbb259,3ffec501e9e10f82ff504d0fc9d841f4,2013,1083,-738.2000122070312,-36.67163498296231,-768.8997802734375,0.753956269560886,0.5206159960258321,0.556786703601108,0.5722222222222222,1e-05,37.19267320632935,,14.293631431260632,8.498658378097337,11.492637002233986,108.42241657012984,6177,13.49366659565086,7.34512227458316,11.319373523565968,105.9632600274308,6215,16,78
human_weighted_064,human_weighted,65,fac90b07cdc365332c7e376fdec8d179,0d112bde791102c12f7edc80000b3fa1,2013,1083,-760.7000122070312,-37.78936970725441,-791.8145141601562,0.7710581399064872,0.5265772478887233,0.5678670360110804,0.6,1e-05,36.93411087989807,,13.781480386602372,7.950894496598501,11.256663730886943,95.53384884371371,6514,13.151109954739304,6.974491598773464,11.149356931244132,94.17185631760913,6536,7,28
human_weighted_065,human_weighted,66,54f0d080fff922ab980cb2465eca0f54,6c61cb70d1b800c4246da397e174f388,2013,1083,-743.7000122070312,-36.94485902667816,-775.5128784179688,0.7418059343548276,0.5226030799801291,0.5604801477377654,0.5666666666666667,1e-05,37.09422492980957,,16.154032786156964,8.948016460717394,13.449378300686046,132.5612642457645,6767,15.802471945802225,8.599544503995594,13.257675283459974,129.79991490932025,6782,15,109
human_weighted_066,human_weighted,67,5d845a7e6d16f2bee457c7542f0dedd5,34f292361e0fa7da820e9a37b336fb13,2013,1083,-737.7000122070312,-36.6467964335336,-772.2127075195312,0.7511534568236721,0.5226030799801291,0.5604801477377654,0.575,1e-05,37.00198602676392,,11.86401439182776,6.471459341467554,9.94359348933918,79.26477318891011,6810,11.118350743606374,5.32065018023826,9.762602363989991,77.2188485798988,6834,11,48
human_weighted_067,human_weighted,68,75cccaac97c0a25f130a8b601bc611a4,e7ac41013d62bbc1f8578ff9cb01b9ed,2013,1083,-722.0,-35.8668653750621,-754.066650390625,0.7710268572740548,0.5161450571286637,0.5484764542936288,0.55,1e-05,37.41398024559021,,11.166125264032384,7.974831440225824,7.815652046505649,94.21200540706832,10854,10.6690999427848,7.40075032286731,7.684958571632644,93.10812043975692,10884,10,28
human_weighted_068,human_weighted,69,b5c3b6215b21ea102e1e51cf3339a5d1,d6bb2236468abccefc0011f5821fafbf,2013,1083,-752.9000244140625,-37.40188894257638,-783.7958374023438,0.7541995565704637,0.5226030799801291,0.5604801477377654,0.5722222222222222,1e-05,36.53996968269348,,20.55992396496131,11.59673553763371,16.97722587218459,177.16170604940362,5313,20.406116298551343,11.330937596770418,16.97113536473319,176.93669157111344,5318,13,80
human_weighted_069,human_weighted,70,98d1ee0057f31fb03f84670d4d0593db,6b43accf4e6be9474bfaaf3b68039519,2013,1083,-739.9000244140625,-36.75608665742983,-774.8782348632812,0.7510871959985626,0.5250869349230005,0.5650969529085873,0.5916666666666667,1e-05,37.29198861122131,,16.317599204054524,8.382148669580173,14.000129551729737,135.57664139367537,6899,15.73000373753317,7.404694672527774,13.878166823808046,133.86787084796015,6910,17,106
human_weighted_070,human_weighted,71,b99ff19817182e9445babeb700020ee8,147dfdba753b4ec6961569c942bbe723,2013,1083,-755.5,-37.531048186785895,-788.7305297851562,0.7449560520772173,0.5235966219572777,0.5623268698060941,0.5916666666666667,1e-05,36.284640073776245,,18.231502222384528,12.0931729411012,13.643417515469858,125.46972416858262,5754,17.824462127477858,11.582441430009212,13.548376310624777,123.99139659483716,5769,12,77
human_weighted_071,human_weighted,72,eae5b6706dfe2bbf9a56bff8e6ec0518,d96c12213a028c7660f6a93488ef73cf,2013,1083,-738.0,-36.66169895678093,-770.715087890625,0.7485987556023971,0.5151515151515151,0.5466297322253001,0.5527777777777778,1e-05,38.4109365940094,,12.293897843546134,6.582377398320678,10.383266922006069,85.18420848906408,5901,12.619143567993005,7.114330353693106,10.422527908724454,86.13226549878073,5925,13,59
human_weighted_072,human_weighted,73,07555849e78b40832c2298a918ea30c1,4f3d0a3ffdf9b88c32b38dfc13df6b36,2013,1083,-747.7999877929688,-37.14853391917381,-783.5488891601562,0.762893981566716,0.5300546448087432,0.5743305632502308,0.6111111111111112,1e-05,35.56489014625549,,12.16675105148546,9.865113503084448,7.121050956149904,39.61849470509151,8715,11.839164545747956,9.617613501604223,6.904152929581985,37.817914775344434,8737,12,44
human_weighted_073,human_weighted,74,9758dcf9b3e886ef3200626132d59bb4,af1367796989de12a371adab944868ca,2013,1083,-738.0,-36.66169895678093,-768.2285766601562,0.7574874113693393,0.5235966219572777,0.5623268698060941,0.5805555555555556,1e-05,35.24029493331909,,8.69369618889518,6.028926366963585,6.26357727553048,53.258028529967305,7757,7.468442560200518,4.4170878301829415,6.022206354440558,51.47281982620734,7770,5,10
human_weighted_074,human_weighted,75,2181568f1d4afa97194ce7663fabc81b,5fec578d200ff3d72086fe6d16c94384,2013,1083,-752.5999755859375,-37.38698338727956,-782.7020263671875,0.7663608019719608,0.5196224540486836,0.5549399815327793,0.5722222222222222,1e-05,35.734076261520386,,17.065210516807937,8.958889231194812,14.524452269402584,125.31109440258932,3328,16.651357068636454,8.15592256522917,14.517183588327828,125.0840360284219,3334,13,73
human_weighted_075,human_weighted,76,f5456f383af3cd549ecf9d6bb190c64d,e9f16718d180c8d0a19b6b50daf04d07,2013,1083,-762.2000122070312,-37.86388535554055,-797.0277709960938,0.7751872148268043,0.5360158966716344,0.5854108956602031,0.6444444444444445,1e-05,35.44434428215027,,12.64449514258174,9.12812440002936,8.749891562091605,94.90832444276748,10317,12.667607372572316,9.241373863053626,8.664022487789245,93.79075354830276,10357,6,19
human_weighted_076,human_weighted,77,cfc2558f5398e1e44376047357c66058,dca8af401bea8342b4926429c0c53b4f,2013,1083,-750.9000244140625,-37.302534744861525,-783.6036987304688,0.7675909450517158,0.5230998509687034,0.5614035087719298,0.575,1e-05,35.09693670272827,,11.866970192581576,6.346185409856385,10.027507780866866,103.32333459203072,9205,11.422582828731194,5.843226034349939,9.814892153799743,100.62831405324778,9220,11,35
human_weighted_077,human_weighted,78,fb11ee78a427f3784e20c740dd0a01ef,8e8c5a01e5b74834fd6cebdad04a03e1,2013,1083,-752.5999755859375,-37.38698338727956,-782.6685791015625,0.7736498035348763,0.5250869349230005,0.5650969529085873,0.6,1e-05,35.547444581985474,,15.636109852758706,10.215525843580435,11.837692472212566,88.79539173673311,4439,15.39736134224554,9.872979603479232,11.815371769561906,88.41352665624709,4446,12,63
human_weighted_078,human_weighted,79,b677927aa934bcebd664388e5e347535,e92925f550ea7d32c233fb87afe72d19,2013,1083,-753.0,-37.40685543964232,-784.256591796875,0.7652079688379169,0.5305514157973175,0.5752539242843951,0.6166666666666667,1e-05,35.97538614273071,,11.355722057981708,7.650112678599464,8.392151062919686,72.85528211178735,7220,10.837444609124786,6.915387116362544,8.344317029373634,72.42936394992466,7261,10,29
human_weighted_079,human_weighted,80,b9b180f0ae8b83ab60de3dabd25d6cbb,783da3e260237b15e4d0c8013619cb4c,2013,1083,-760.5,-37.77943368107303,-792.3992309570312,0.7827383687098823,0.526080476900149,0.566943674976916,0.6,1e-05,35.782031536102295,,11.577149589809675,6.146515030138201,9.810746434859864,69.23715037792681,6424,11.09065623846872,5.199434026799662,9.79635348488625,68.976797424486,6438,6,14
human_weighted_080,human_weighted,81,96608a3abdb83a0e699c1f460ca44f72,194ff8e63c4129e9513a28b7d6e8e7e6,2013,1083,-745.0999755859375,-37.014405145848855,-776.5276489257812,0.7459130454891177,0.5191256830601093,0.554016620498615,0.55,1e-05,34.778990745544434,,11.656881382020888,7.498884049286084,8.924663667044712,67.3871856776168,7291,10.987860016111998,6.666355360760999,8.73457348344645,65.46517298135313,7319,12,45
human_weighted_081,human_weighted,82,17bc7e03c2aeaeb6c6880b2fd871b023,ba39934e031c9bb18e5e0ba96e3f3a4b,2013,1083,-753.4000244140625,-37.42672749200509,-786.0553588867188,0.7622265485055665,0.5255837059115748,0.5660203139427517,0.5944444444444444,1e-05,35.821330547332764,,13.890891767212604,8.38985123669213,11.071010356538848,87.92231923570216,6172,13.81564817019355,8.428746986333378,10.946614024571634,86.22005163701579,6206,11,52
human_weighted_082,human_weighted,83,400b1ee07f142b5f52926bafaeb30bee,b845072217c305dde32c77fa32b849e3,2013,1083,-740.5,-36.78589170392449,-774.2451782226562,0.7583048191789349,0.5235966219572777,0.5623268698060941,0.575,1e-05,34.934319496154785,,21.20223844320394,11.867778963573404,17.569596963910115,191.9070796640499,4407,21.151053072358643,11.788955347281632,17.56096745311977,191.631712141314,4429,16,104
human_weighted_083,human_weighted,84,72a1efdd401bfa3dc0e4045b233c33c4,b4f933313e7a6aaef1c9eb743efa0cb2,2013,1083,-749.0999755859375,-37.21311354127857,-780.6748046875,0.7665088915478842,0.5191256830601093,0.554016620498615,0.5472222222222223,1e-05,34.8215868473053,,13.469012134479753,10.315404071538405,8.660642396476815,63.481188768279935,7471,12.974670044708722,9.867492004954164,8.424646241904018,61.21097377653041,7506,13,52
human_weighted_084,human_weighted,85,5c96037580c31c9a6902ca1e8a52a9c8,a79af43e4ab0ae3f915cca5d9461320c,2013,1083,-745.9000244140625,-37.05414925057439,-775.8866577148438,0.7642837058978161,0.5255837059115748,0.5660203139427517,0.5861111111111111,1e-05,34.40289831161499,,14.347510269396432,8.589911003084742,11.491931077478656,119.48967436829298,8627,13.78857709774594,7.834129127856198,11.346862085552944,117.53343719992608,8650,14,62
human_weighted_085,human_weighted,86,8b09eba9e6f9cd2dc0883cafd884d411,bc5863bebda548252832f6bbc7158fdf,2013,1083,-752.9000244140625,-37.40188894257638,-784.5479125976562,0.7686630224937541,0.5230998509687034,0.5614035087719298,0.5888888888888889,1e-05,37.1505618095398,,15.00299329366137,7.833709418661514,12.795421232363628,121.9825068673208,6375,14.60831000171973,7.063018315027134,12.787356778784892,121.7577142112159,6380,12,61
human_weighted_086,human_weighted,87,fe69bd4e37c6e31e18ca3888bb530228,fc79ff8c14a11880e7e5c8c1d93cdb64,2013,1083,-741.4000244140625,-36.83060230571597,-770.611328125,0.742435405448616,0.5250869349230005,0.5650969529085873,0.6,1e-05,36.23637318611145,,14.033785164439308,7.335921109845129,11.963753069658592,113.24367022620665,8722,13.550188402870043,6.378052992452314,11.955251807416852,113.0199236599783,8731,16,84
human_weighted_087,human_weighted,88,a65095e0ea94904d541f78c1579a2888,d36a4b9dcc12ed93b07783900217d66c,2013,1083,-740.7000122070312,-36.79582773010587,-772.466552734375,0.74413148905323,0.5201192250372578,0.5558633425669437,0.5694444444444444,1e-05,37.38778257369995,,7.8916123934436335,4.127158414715697,6.72637417842589,51.35881868175875,8911,7.842424696635036,4.018025156699025,6.734916403529068,51.23640384385362,8935,4,7
human_weighted_088,human_weighted,89,58283590d37a87e1f61747e92aef4394,e9dfe76785f1c1060e950e2af4b0d774,2013,1083,-745.5999755859375,-37.03924369527757,-780.857666015625,0.7729297495113785,0.5270740188772975,0.5687903970452447,0.5916666666666667,1e-05,36.06755876541138,,14.906094545796538,10.00883803917714,11.046031672675303,124.27926760877745,8781,14.354049637710382,9.341956572309812,10.89800846039913,122.31113899642423,8805,13,62
human_weighted_089,human_weighted,90,4e86469577b7371bf571621230809374,ddde7933640df90578ebbf9fef34facc,2013,1083,-745.5999755859375,-37.03924369527757,-776.5625610351562,0.7578733681471517,0.5235966219572777,0.5623268698060941,0.5722222222222222,1e-05,35.96011281013489,,17.491313896519916,10.54813497184324,13.952881797047098,142.90753239956302,5162,17.854472711774697,11.056205735932188,14.019361987631514,144.41728405962294,5180,15,95
human_weighted_090,human_weighted,91,daf6e2ee4139b7e35e9a4fea9d95ebb1,16f049087b5f16b8cf05a9d21081977a,2013,1083,-737.7999877929688,-36.65176293059954,-770.7522583007812,0.7489495848058009,0.5245901639344263,0.564173591874423,0.5861111111111111,1e-05,35.768622636795044,,16.199515109229356,9.947803267896642,12.785362721384756,145.45983282628094,8992,15.816005641529417,9.512431695753303,12.635651059067683,142.99146420977013,9024,17,112
human_weighted_091,human_weighted,92,6fc73b6782e96e244ee0bdd9db2f8b7f,da92ce148618165a911557b97c030315,2013,1083,-753.4000244140625,-37.42672749200509,-787.19775390625,0.7530801802295376,0.5325384997516145,0.5789473684210527,0.6305555555555555,1e-05,35.51942086219788,,12.02861498024155,9.79074487293586,6.987767395668776,78.7122845025333,10533,11.484238102126652,9.304449024591063,6.731638220754589,76.53628388454126,10565,11,38
human_weighted_092,human_weighted,93,bff93d6bbab0ec5a1e5dcdac34925d48,d241a30b3a97abd8300475f77fa2792b,2013,1083,-753.7999877929688,-37.44659651231837,-783.959228515625,0.7612796622301574,0.5245901639344263,0.564173591874423,0.5861111111111111,1e-05,36.02043581008911,,13.626813458526565,8.445277280361681,10.69426653358179,98.0369613460025,6014,13.079935872090331,7.677092199221363,10.58994701510116,96.753258856721,6028,11,45
human_weighted_093,human_weighted,94,5d7701e00edeb90c874a77d877b0a31e,783a0e263a424c068380c38c6dadd3cb,2013,1083,-751.7000122070312,-37.34227581753757,-782.8429565429688,0.7363539254359811,0.5211127670144063,0.5577100646352724,0.5666666666666667,1e-05,34.578031063079834,,17.1593734314701,10.790906820371248,13.341680049930268,118.7803660167965,4789,16.65750332675044,10.096270030225476,13.24906595037827,117.33043390551848,4800,14,91
human_weighted_094,human_weighted,95,c2fe4d4dcd4ae5922de9ae49855a2b84,a25c9e6f447021a40f40f94107e3a7e0,2013,1083,-738.7000122070312,-36.69647353239103,-773.2807006835938,0.7464350859825918,0.526080476900149,0.566943674976916,0.5944444444444444,1e-05,35.42120623588562,,16.574509420874623,11.71374354824054,11.726149181581937,111.73838658091154,7190,15.82763613227901,10.84245873379864,11.530618116202517,109.32291380695278,7216,18,117
human_weighted_095,human_weighted,96,fb71b2263a4c53dc14756bb2f3407edb,932a9cb30c8f32c9f276b6b26886ce5a,2013,1083,-742.9000244140625,-36.90511795400211,-775.3560791015625,0.7358925508850692,0.5230998509687034,0.5614035087719298,0.6,1e-05,35.97573232650757,,16.774569987832063,12.405576960319872,11.291052145759355,112.10001019977972,6298,16.721748594364076,12.32950153276852,11.296028860027562,112.27389542350102,6316,16,114
human_weighted_096,human_weighted,97,89eba9565a7e2f1a27de931c7cdb9a47,9314fb75dc53f3e708c9bc97756e2faf,2013,1083,-755.4000244140625,-37.526081689719945,-784.7617797851562,0.7504402973508265,0.5250869349230005,0.5650969529085873,0.5777777777777777,1e-05,37.22754216194153,,14.004666348174077,9.11331966362694,10.633817951809686,83.9259258497068,5539,14.083021257697563,9.42120812927063,10.467680026143638,81.84242957881452,5565,10,51
uniform_001,uniform,98,032bf647ee73b8bc6035b7446c4438bf,8c3bc2a3411521a4011b92c1cac40865,2013,1083,-714.0,-35.46944858420268,-745.3296508789062,0.6529751002051212,0.5007451564828614,0.5198522622345337,0.4722222222222222,1e-05,38.37640547752381,,16.53434647641414,12.329351618546308,11.016882593018694,97.7149169647546,8296,16.036759843743344,11.634309258699387,11.037233093436088,97.75416539321122,8314,23,185
uniform_002,uniform,99,aa00832c779391e68a72cd32d20acfab,0c13ac0ef602cf208ff956a0fcfdfebf,2013,1083,-694.9000244140625,-34.52061720884563,-729.2805786132812,0.6574493028849746,0.5081967213114754,0.5337026777469991,0.5055555555555555,1e-05,36.5034658908844,,16.47102746847496,10.731415527185352,12.495257766454516,116.17031680120544,8528,16.152629117945274,10.393085431837788,12.36491822166304,114.16492529218613,8581,22,183
uniform_003,uniform,100,a3649a5cfe978a3ee31082eaa105d31b,71f8afee9ef758175422afd87d907ca5,2013,1083,-700.0999755859375,-34.77893569726466,-734.379150390625,0.6770210162389171,0.5052160953800298,0.5281625115420129,0.4833333333333333,1e-05,37.30188822746277,,14.12899657781896,7.330604087506015,12.078525903778983,132.48687534461442,6474,14.003165281392988,7.192152852043477,12.015056190083044,131.6367037148539,6524,18,111
uniform_004,uniform,101,0aad6173d59672f5b90ea33b8c16910a,1f854ab76a5216dc74a66c19df73a844,2013,1083,-731.4000244140625,-36.3338313171417,-766.1456909179688,0.6803286006142795,0.5131644311972181,0.5429362880886427,0.5416666666666666,1e-05,36.65683269500733,,15.594381892432576,11.252721636233836,10.796342083523658,106.97558365937856,9214,14.98523449990685,10.5705508721822,10.621709244552244,104.92557642010252,9266,17,126
uniform_005,uniform,102,f22c793631cdb583beec79917b076647,14e211536734da4147d5edb1053bb49e,2013,1083,-724.0999755859375,-35.9711860698429,-756.7960205078125,0.6609313099143983,0.5126676602086438,0.5420129270544783,0.5194444444444445,1e-05,36.322913646698,,16.532632634903454,10.004407104631207,13.16205836202983,128.12557678277335,7279,16.889922976733164,10.534260270476564,13.202229308485666,128.913662563833,7343,19,162
uniform_006,uniform,103,be0532ec5295afc445e18dfbfb0d744b,ca9f8073d5b196382ea164dd1aaf23d1,2013,1083,-720.0999755859375,-35.77247767441319,-751.409423828125,0.6614780999474945,0.5116741182314953,0.5401662049861495,0.5222222222222223,1e-05,36.30617928504944,,16.88560509945088,11.856215484826018,12.02305343712542,122.54071971381563,7982,16.267101684907185,11.06320766628108,11.925771814010606,121.05630555686548,8002,20,173
uniform_007,uniform,104,51cc965b8bcfd401d9d62e263f9affcb,d07b7b93319d51c8f4891e81f68abfc8,2013,1083,-724.0999755859375,-35.9711860698429,-757.4929809570312,0.6658777034374957,0.511177347242921,0.5392428439519852,0.5444444444444444,1e-05,39.49366784095764,,8.978381780221214,4.762217156014824,7.611348576327742,73.4451463714986,8354,8.65733898310517,4.203674343054543,7.568265341935193,73.63619610982369,8379,8,20
uniform_008,uniform,105,075dab0471b5716fac8ae490acce353a,23c8195cdd5c9dd2f5ff79f51a738be7,2013,1083,-730.7000122070312,-36.29905674153161,-763.4539794921875,0.671327029884976,0.5226030799801291,0.5604801477377654,0.5611111111111111,1e-05,34.66535663604736,,18.55746973963409,11.031409170117335,14.922724109856288,145.76586410845448,5121,18.15553460264117,10.386682293811988,14.890945827418534,145.3571694250486,5141,19,162
uniform_009,uniform,106,e304c4bd99fc910e14b54de429afc3f4,19188fe55cf1a1c0a74018b1a168fd84,2013,1083,-708.5999755859375,-35.20119103755278,-743.3150024414062,0.6700848748779612,0.5156482861400894,0.5475530932594644,0.5305555555555556,1e-05,35.46072697639465,,6.435835466588142,4.89001218464416,4.184227406227516,27.815903949256608,9527,4.784389415840375,3.0057543525353707,3.722341044909786,25.64690377543957,9548,1,0
uniform_010,uniform,107,8a4c2b27d872f0b3e473f1b22293db45,6b6f3ef2fd8eea046334b8787f7b722b,2013,1083,-698.5,-34.69945355191257,-734.0706176757812,0.6652242961283095,0.5032290114257327,0.5244690674053555,0.4777777777777778,1e-05,34.614277839660645,,17.356108136311157,11.4089906767688,13.079350953955204,127.44220800349832,7457,17.39275723243626,11.512377929867418,13.03737544701254,127.1156081853942,7510,21,181
uniform_011,uniform,108,9104aa01138b6b6215195e4d3daf79da,7e91ec22a00e3f53af900d94ecc3ca2a,2013,1083,-705.7000122070312,-35.057129270095935,-738.0728149414062,0.6565759963189752,0.5047193243914555,0.5272391505078485,0.4944444444444444,1e-05,34.749309062957764,,8.637331221360117,5.172780820959505,6.917067963074801,66.87190275755529,9277,7.764653876665202,4.098294872949557,6.594985137114968,64.11304108522563,9297,6,16
uniform_012,uniform,109,288498d04804c60755b092eb57b2e322,f1cc86d85a2c706b0e2631ae6d4e5d4d,2013,1083,-718.0999755859375,-35.673123476698336,-745.70166015625,0.7055619727245738,0.5121708892200696,0.541089566020314,0.525,1e-05,34.78116488456726,,13.631409378694167,8.167011188216192,10.91399330681043,102.45818313428664,7769,13.08112284526251,7.240326457550893,10.894652251491888,102.1416180331089,7781,15,89
uniform_013,uniform,110,2219da8388d982bb87a8c55db2ee7d37,00597b19f88720cde7271e7b21709206,2013,1083,-725.2000122070312,-36.025832697815765,-758.0578002929688,0.666436893474857,0.5141579731743666,0.5447830101569714,0.5388888888888889,1e-05,34.61398458480835,,13.375227162480355,9.20723333070128,9.701729538694412,105.17327102660056,8821,12.833495583570338,8.620307802614557,9.50730783564422,102.94711243287476,8852,16,91
uniform_014,uniform,111,396e96a5134700e3d10c46232ee55739,6a6168a121672c334be6bdc18bf17926,2013,1083,-722.4000244140625,-35.88673742742486,-753.9829711914062,0.6644021419810455,0.5101838052657724,0.5373961218836565,0.5277777777777778,1e-05,34.54479241371155,,12.177910624814018,8.316085234751041,8.89630448862413,113.32671754150488,10797,11.740983970984932,7.68042895171842,8.880411911872702,113.13725112343764,10823,13,72
uniform_015,uniform,112,a9148f16db23629ba0286295e654fa52,622e20d456df7ec5480bd6a3a1916505,2013,1083,-705.5999755859375,-35.05215974098051,-739.439453125,0.6649616915760794,0.5012419274714357,0.5207756232686981,0.4694444444444444,1e-05,36.92625498771668,,13.845338990229456,9.467785427692984,10.102200297436813,73.02577898033451,6268,13.247275169756326,8.873614195032053,9.836120705896615,70.20453060774435,6279,17,114
uniform_016,uniform,113,86046630b29d67c5f26d27f4ec866dba,941b95ced4e1e74b4449d526f6d5d5b0,2013,1083,-730.5999755859375,-36.29408721241617,-764.3521728515625,0.6624344584068901,0.5136612021857924,0.543859649122807,0.5305555555555556,1e-05,36.047953605651855,,13.506201121580755,8.993384987246285,10.07653190377336,77.04746023597727,6150,13.011810270010498,8.490334313301128,9.860092786131991,74.30276338610929,6182,16,91
uniform_017,uniform,114,e63c210fde2c520739f69b80d61752e8,ee3dd0c6f7c242915455fc0032db76f8,2013,1083,-708.7000122070312,-35.206160566668224,-742.1549682617188,0.6726759593222823,0.5052160953800298,0.5281625115420129,0.4861111111111111,1e-05,36.69649863243103,,7.652580350929167,5.234879665425394,5.581937021853873,72.67753337543854,11391,7.177744556340654,4.881803860659688,5.261939564659221,70.52452747194366,11450,5,6
uniform_018,uniform,115,a04a3d2c28f9170deec5ba269f634462,24624ce5f9bf2e4b3d69cc4836cc7501,2013,1083,-698.0999755859375,-34.6795814995498,-729.7658081054688,0.6473524743153974,0.5002483854942872,0.5189289012003694,0.4694444444444444,1e-05,36.260040283203125,,14.55591183730036,8.423004739044199,11.871291445386204,110.81576050076274,6461,14.014618211071484,7.604387199693994,11.7721204087975,109.3302325296172,6481,19,153
uniform_019,uniform,116,2ea698c02b50114a05949525d7f84896,cbcc5172f5b959472b5a1d6a991694b9,2013,1083,-720.4000244140625,-35.78738322971001,-753.122802734375,0.6680112361330541,0.5076999503229012,0.5327793167128347,0.4972222222222222,1e-05,35.640772342681885,,20.152492883625804,11.77002736247875,16.35816081688557,185.01470081719253,6034,19.87773081326218,11.48752566982099,16.22223585914459,182.1889186238977,6045,20,181
uniform_020,uniform,117,3485c3ae023507299a07ccdb43885359,d2dd0ae597b014afe163569eb5ec66ac,2013,1083,-720.4000244140625,-35.78738322971001,-755.8193359375,0.6678228183516302,0.5151515151515151,0.5466297322253001,0.5361111111111111,1e-05,36.110909938812256,,16.93170611798716,11.724551350619436,12.215464284773288,124.55505438446107,7915,17.007427661034463,11.821009882299265,12.227686658068372,124.56233471304677,7939,20,162
uniform_021,uniform,118,467d2d5bba529ca8b3d72b7bc2421a5f,b501ce85466e59cb59c016ea844adbc8,2013,1083,-737.2000122070312,-36.62195788410488,-768.5537109375,0.6580628406041203,0.5126676602086438,0.5420129270544783,0.5277777777777778,1e-05,36.622891902923584,,18.68372381107045,12.50741456578726,13.879701593618416,125.07594634343786,5978,18.53931891648274,12.404907261847711,13.777685644258712,123.4102392110035,6031,19,157
uniform_022,uniform,119,113eaaa24bd4c6e1f39397c194bfc210,56ce60a7736b4a9f86dd9624b1af2549,2013,1083,-735.0,-36.51266766020864,-768.0548706054688,0.6553608210393475,0.5141579731743666,0.5447830101569714,0.5194444444444445,1e-05,35.696962118148804,,17.376967539923243,11.314731354635418,13.188474333901407,119.6089461959291,5397,16.958212574502596,10.893498602870835,12.996640408631343,116.94104925433204,5408,19,156
uniform_023,uniform,120,cff8f040dad2d64aee45c1a52609263e,b5745a0118535c02cd8e893fe7dcc6c4,2013,1083,-732.2000122070312,-36.37357238981775,-766.8553466796875,0.6619833332251767,0.5136612021857924,0.543859649122807,0.5444444444444444,1e-05,38.07001757621765,,16.522709375633088,9.779051554974853,13.31803573342471,142.5579452447182,4501,16.209777904930128,9.472872439874523,13.153767044654035,139.82799918674755,4522,18,145
uniform_024,uniform,121,e9c36fa6fdcc7910438f44d381b0ef4c,6b8653e655d4f598ac38671b91a0c545,2013,1083,-717.2999877929688,-35.63338240402229,-749.6294555664062,0.6604503245136861,0.5062096373571784,0.5300092336103417,0.4916666666666666,1e-05,35.48920941352844,,11.813243793330452,6.959235806930874,9.545772148139282,54.83290409240362,3953,12.116208483298497,7.482686465833755,9.529528386272997,54.48229669706507,3982,13,65
uniform_025,uniform,122,bea19e1fdaa23343ab64cab195f92f2a,31b89d9e2c6a7032f9b27c819eb62c30,2013,1083,-739.9000244140625,-36.75608665742983,-774.1676025390625,0.6862746981563509,0.518628912071535,0.5530932594644506,0.5666666666666667,1e-05,36.07107210159302,,19.632863832236488,12.120401139430596,15.444909144259448,166.8885508179519,6306,19.20433184833333,11.422575245863042,15.437977085535094,166.66237022404948,6314,18,142
uniform_026,uniform,123,4fa116899f1d64bc47254ca2da4e0285,338e5d0296af122af974c1523c43f193,2013,1083,-730.7000122070312,-36.29905674153161,-763.2149047851562,0.663469725758352,0.5136612021857924,0.543859649122807,0.5305555555555556,1e-05,36.643781661987305,,13.862309765288416,10.284745755552274,9.294494971350517,72.63195182624986,8202,13.15396903790019,9.516317249841377,9.081112676891983,70.30505118139263,8229,16,100
uniform_027,uniform,124,a075b26507e0b3e79cff470289b26a72,901e7ab1f6fe9c51d6b6ba7afc5f922e,2013,1083,-717.2000122070312,-35.62841590695635,-750.780517578125,0.6438448949142167,0.5106805762543467,0.5383194829178208,0.5111111111111111,1e-05,36.59075617790222,,11.289191618534105,7.558879051544388,8.385057834273063,56.22367430463055,4468,10.603892901365109,6.8026064502384,8.134315591787438,53.68038105885898,4493,11,58
uniform_028,uniform,125,4dfb7995fd3d3819d5ec19bc3e1e0906,3c0b105fdecf6e548cc93530aeaa1967,2013,1083,-702.0,-34.873323397913566,-736.1487426757812,0.6511360418874494,0.5052160953800298,0.5281625115420129,0.4916666666666666,1e-05,36.6557834148407,,15.006685737927995,9.410019873726585,11.689830743556652,112.23003046248324,7909,14.57904723003706,8.952602222414574,11.506499536473676,109.88253621012154,7940,20,161
uniform_029,uniform,126,8b62cddca6c5979fce5d632ee9600b4e,3ff584aba2f16a91bf45d72bc0ef2336,2013,1083,-723.7999877929688,-35.95628354659557,-756.29248046875,0.6794201653292834,0.5161450571286637,0.5484764542936288,0.5444444444444444,1e-05,36.36220264434815,,13.994687602282566,8.970581665259607,10.741505745117374,80.16398630227104,6523,14.10302992736311,9.090552017127544,10.782268646068776,80.47056184249413,6553,17,101
uniform_030,uniform,127,f1c292d00ed767e6f7ea0c5d3db06ac5,46749c72baa465a09ab9f7090d1bfdec,2013,1083,-711.2000122070312,-35.330353313811784,-748.2060546875,0.6557068787537876,0.5062096373571784,0.5300092336103417,0.5027777777777778,1e-05,37.35009694099426,,16.427022975228127,10.313088893055182,12.786214502839163,122.9664509946706,6113,16.400393057383248,10.366912458706777,12.708265755411906,121.76914218357432,6141,22,178
uniform_031,uniform,128,04038bb50e98dc123a6f3c4b2c634607,f6c26ab4408a05d64a4b21ca44a038ae,2013,1083,-707.5,-35.14654744162941,-739.0975952148438,0.6622037471265456,0.505712866368604,0.5290858725761773,0.4944444444444444,1e-05,38.8873279094696,,14.612545374955571,9.902178677102004,10.745852212918331,117.60449905208134,10329,14.32797692485351,9.647301920362922,10.593417220920571,115.43517547643567,10355,19,139
uniform_032,uniform,129,7d11b2f851277b55d175339e71ff8293,433ac94594f6e1ec1691d9bf3cabb2c3,2013,1083,-729.0,-36.214605067064085,-760.5230102539062,0.6812197489293511,0.5086934923000497,0.5346260387811634,0.5222222222222223,1e-05,36.31746363639832,,13.50532285675748,7.668901053545485,11.116730728779256,84.58478422736516,5975,13.38040166104094,7.572148942540468,11.031668459610742,83.70139798170385,6029,16,88
uniform_033,uniform,130,bbd9292b5b17941ec761e5d79b03dd26,d72583da4f20a901692cba411d1322e9,2013,1083,-730.0,-36.26428216592151,-764.4757690429688,0.6880325875452608,0.5151515151515151,0.5466297322253001,0.5305555555555556,1e-05,36.6518075466156,,13.237843520970811,8.510341979014534,10.139752486423516,78.82861249626967,7468,12.733452174210663,7.727221149997976,10.120813088479316,78.52396458252588,7487,15,86
uniform_034,uniform,131,91fc69e373422150e80ffd712f39aff1,eacdfa89972741832d1102d5421f7f0e,2013,1083,-736.4000244140625,-36.58221681142884,-764.0726318359375,0.6761757941984696,0.5141579731743666,0.5447830101569714,0.5333333333333333,1e-05,36.55634236335754,,10.42401558864915,6.304740741756154,8.301225522273237,60.13323153814508,6931,9.969540941683832,5.500450290121898,8.314853768636468,60.318091946972345,6946,9,38
uniform_035,uniform,132,9af36d82d22c59e27c672c515c594b86,58e07947e1d91d54ff55267107bfdf2d,2013,1083,-706.4000244140625,-35.091903845706035,-743.9800415039062,0.6510253151038109,0.505712866368604,0.5290858725761773,0.5166666666666667,1e-05,37.37048554420471,,15.593935822354116,10.693444515400277,11.34993739312049,94.58433363146742,7382,15.85611079884899,11.050757476418172,11.37088426037146,94.63843214740518,7425,20,170
uniform_036,uniform,133,4ba081aac215833f0e504a6cfa8a7ae5,538e797b68dfa5a6b43f2b48bc7dea5c,2013,1083,-726.4000244140625,-36.085445822854574,-759.1865844726562,0.6544408896026129,0.5042225534028812,0.5263157894736842,0.5083333333333333,1e-05,36.85843992233277,,21.389457378674724,13.277998115895576,16.769127973404462,200.35149783993893,5035,21.026667382261355,12.693443545296136,16.76297205648907,200.1266531255624,5040,20,188
uniform_037,uniform,134,4084cfd8cce7aa90e90fd805c9a7f58f,1332b6af8ec3c0579ecdec6c5f5c1027,2013,1083,-716.7000122070312,-35.603577357527634,-752.3861083984375,0.6404963981483252,0.5106805762543467,0.5383194829178208,0.5111111111111111,1e-05,36.82281494140625,,17.333407849218702,10.482497486354577,13.80450195102766,142.45136252509383,6987,17.104119568100614,10.108408511442438,13.797499177955418,142.23421629970653,7014,22,202
uniform_038,uniform,135,91ccad22ead96c37c4f900902e26aa05,264cadd09d4c68cc4f7a6cbec99cca5c,2013,1083,-716.5999755859375,-35.59860782841219,-745.8449096679688,0.6355917633131672,0.5091902632886239,0.5355493998153278,0.5055555555555555,1e-05,36.44360971450806,,14.304552677423244,8.542718214610307,11.47354316708408,96.24113070484964,6448,13.817492754026077,7.712935996722731,11.46445481992152,96.01530018315952,6454,18,136
uniform_039,uniform,136,9fea2f5907faf379aaee5a29276b76a0,8c41ea87da11da0ce2726027b7bdb8c6,2013,1083,-722.5999755859375,-35.89667042155676,-754.57861328125,0.6776927072533048,0.5141579731743666,0.5447830101569714,0.5416666666666666,1e-05,37.94972801208496,,8.2355091900903,5.767789401509916,5.878453626583411,61.28602615282762,11623,7.648225364387692,5.10204875768722,5.697758304688392,59.85757943539557,11656,5,10
uniform_040,uniform,137,ea3f7ceaf7720fe42eeb9dd222ab0a38,027a45431f135927499dd2d049b9a68d,2013,1083,-711.0,-35.3204172876304,-744.1901245117188,0.6591986398582411,0.5062096373571784,0.5300092336103417,0.4722222222222222,1e-05,37.40050911903381,,12.608120623536346,7.948239653059499,9.787246399022308,104.88025855870455,9460,12.371452084471663,7.696833974277166,9.68563748293271,103.99696103779024,9483,16,90
uniform_041,uniform,138,2c9c97a793c30795af20bfb952e5bfd6,2c4d39e031ace1c687be74e08a439a7f,2013,1083,-737.7999877929688,-36.65176293059954,-770.3821411132812,0.6555644206673519,0.5106805762543467,0.5383194829178208,0.5166666666666667,1e-05,37.59590744972229,,13.14142864800212,7.392387305689159,10.86507049370673,76.7818995076268,4577,14.023442407893558,8.700767442163455,10.997889928749784,78.57704972691499,4594,15,83
uniform_042,uniform,139,8beba861c655a06043a137d6add71be2,696f4cfb4e4834bdef2067ac96e17837,2013,1083,-720.2999877929688,-35.782413700594574,-751.3475341796875,0.6490574977395613,0.5101838052657724,0.5373961218836565,0.525,1e-05,36.84444642066956,,8.85319806705178,5.345685650447148,7.057107122685102,55.96652807399278,6921,8.49776361370635,4.767918967798316,7.034126466800312,55.70736756920178,6935,7,19
uniform_043,uniform,140,21a423a1d48498a41cc6301e3dc00ece,b511017a3e76b35958f3f06c0d2925d6,2013,1083,-722.0999755859375,-35.87183187212804,-753.3021850585938,0.6742715645823558,0.518628912071535,0.5530932594644506,0.5527777777777778,1e-05,36.84365105628967,,16.71677074187761,10.96610234388336,12.61725102468724,124.98211418878871,6937,16.063240284249535,10.144246742901466,12.454796122324526,122.50098631838864,6960,19,154
uniform_044,uniform,141,94fcca292844900cc9004b372d8cef46,08e2894c86f08c90b4ae76b8ae40e489,2013,1083,-707.0999755859375,-35.126675389266644,-744.4818115234375,0.6688099009017288,0.505712866368604,0.5290858725761773,0.4944444444444444,1e-05,36.38692808151245,,17.57511594669545,11.848172411309804,12.980967261790084,170.9506074582696,8833,18.303273668957768,12.704785315170868,13.175669132768228,173.67269206090077,8851,20,175
uniform_045,uniform,142,aedbd4ae18995af304cfd07a975b9553,de50bbb1ab4c24f40b3a72eeaedba3a4,2013,1083,-710.5999755859375,-35.300545235267634,-745.2462768554688,0.6525809123905142,0.5101838052657724,0.5373961218836565,0.5194444444444445,1e-05,37.206697940826416,,12.724951716827489,7.883165291249674,9.988999008230364,77.12970528682945,7038,13.472595061345928,8.903815563990502,10.11102794425192,78.44919926471266,7057,17,97
uniform_046,uniform,143,3e5e537019e4214f13165458c6077815,8e8767ba8a32d0cfb2ccf8896b74eb6e,2013,1083,-724.2000122070312,-35.97615559895833,-757.6058349609375,0.6707527937487863,0.5126676602086438,0.5420129270544783,0.5277777777777778,1e-05,37.73479676246643,,20.160762597686137,13.856787980231871,14.643967201245768,154.9294784125168,6888,19.88588811319067,13.575639947773182,14.53102013138661,153.0463562180421,6928,20,172
uniform_047,uniform,144,ae64cee6f3c30f6e6ad3d7fd804319de,f0a4e93e98e08abfbb60d4805f1ad33b,2013,1083,-713.2999877929688,-35.43467400859259,-747.3750610351562,0.645688689095245,0.5072031793343269,0.5318559556786704,0.5111111111111111,1e-05,37.54259657859802,,14.568560025015485,11.28625831279104,9.212128662770306,80.37482946588989,8497,14.12750692395,10.880755548532775,9.010860701360796,78.07936108331523,8527,18,143
uniform_048,uniform,145,0f3c300c58d6e044d8aa0e3838580b1d,63dad20f9a9e896997c9acc1fb9314e4,2013,1083,-717.7999877929688,-35.65822095345101,-753.3045043945312,0.6516180514020861,0.5176353700943865,0.5512465373961218,0.5555555555555556,1e-05,34.289620876312256,,15.906975953502686,10.933824722893108,11.553499942197783,118.00806231630122,8845,15.519661240821252,10.370285393137094,11.54630096155201,117.79730897899115,8864,21,171
uniform_049,uniform,146,d6c8c8091dd6c4b2e556d1e5f9b916df,c9bb526912229fb53b2d3661918855b0,2013,1083,-722.5,-35.891703924490805,-754.8629760742188,0.638087568216934,0.5091902632886239,0.5355493998153278,0.5083333333333333,1e-05,34.93071913719177,,17.773423620155317,10.800811411837042,14.11513584870601,131.1141400067063,5732,17.413218638648498,10.37161161921168,13.987489259249092,128.9946409487411,5756,20,190
uniform_050,uniform,147,8ac72dd861cfb32420d71f94df8bd0f9,4675939aafc03a75c82a733ffc2bb26a,2013,1083,-733.7000122070312,-36.44808803810389,-768.1393432617188,0.6530688126856016,0.5131644311972181,0.5429362880886427,0.525,1e-05,34.412911891937256,,15.380175758620323,11.301879350887328,10.431554510428388,104.58376767198295,9848,14.875820422965646,10.782049974841833,10.24877707808766,102.28964024461312,9886,17,133
uniform_051,uniform,148,ea45222cef6f8a8044945d236a5dfe8d,1a4d7f4281f11f8a27be3ca8a67199de,2013,1083,-728.7999877929688,-36.2046690408827,-759.5715942382812,0.6520603809058347,0.511177347242921,0.5392428439519852,0.5305555555555556,1e-05,34.341739892959595,,17.147731273167945,11.832907138888432,12.410761316664871,110.52945557260318,6437,17.059604878071436,11.737395483274351,12.379970349929344,109.79826705687084,6457,19,165
uniform_052,uniform,149,35fa4bea2a332c70b36bf6642dc46cc3,1e776cbface7b11091b71200542ffaa7,2013,1083,-707.2999877929688,-35.13661141544803,-742.327880859375,0.6493282415336413,0.511177347242921,0.5392428439519852,0.525,1e-05,34.853538274765015,,14.706154642129954,10.032383338597809,10.752779589746345,93.99635312068403,10082,14.169229934054025,9.457746992984738,10.550739250914162,91.24360336921018,10100,20,152
uniform_053,uniform,150,64441ea05a5b47377e6758042c06c4ae,8cd2c2f685a6761dfc1cb95050b34ba0,2013,1083,-726.4000244140625,-36.085445822854574,-759.3806762695312,0.6700214188851189,0.5146547441629409,0.5457063711911357,0.5222222222222223,1e-05,35.13472414016724,,15.552001676172068,10.360877937093134,11.59814487356989,96.19069027766,7000,15.025848546274176,9.65624446241572,11.512300700452345,95.04091037713806,7030,18,136
uniform_054,uniform,151,04a35904f93ba5b152c2e0f38e7e6697,e687491c06075e110c1b8ec453f8517e,2013,1083,-732.5,-36.38847491306508,-763.76708984375,0.6504863898251361,0.5141579731743666,0.5447830101569714,0.5388888888888889,1e-05,35.79451060295105,,13.843365311221458,8.844913485245414,10.649237934164743,90.0623404698772,6337,13.39684671235028,8.392896158009068,10.441972798043825,87.36230870808231,6369,16,103
uniform_055,uniform,152,9b857ebdcf3da957c068f24a3bd696e7,cea26c59feecbe407790f38515c890ab,2013,1083,-693.5,-34.451068057625434,-727.2010498046875,0.6399043450809092,0.5062096373571784,0.5300092336103417,0.4916666666666666,1e-05,37.16216206550598,,16.912818637451522,10.860377039192173,12.96517045124803,128.0174813449621,8015,17.011840190220685,11.062469523208424,12.923794903421076,127.38455939864888,8036,24,218
uniform_056,uniform,153,e4a9e856226bf194a26dfc1bee9a7ac8,77c74bd2e1c71a108dd540f637437a6d,2013,1083,-736.2999877929688,-36.5772472823134,-766.4347534179688,0.6748697591432739,0.5081967213114754,0.5337026777469991,0.5083333333333333,1e-05,35.564372539520264,,12.432006633918292,8.247163763036957,9.302638271557084,65.32825327397495,6813,12.105686202710084,7.9298697510663265,9.14684667902598,64.15239424435185,6853,15,74
uniform_057,uniform,154,ee732142fc9930d185a834a597a46b88,7313b950daef18a7c1412c951068c566,2013,1083,-714.5,-35.4942871336314,-746.3461303710938,0.6545694626332059,0.5042225534028812,0.5263157894736842,0.4972222222222222,1e-05,36.14028573036194,,16.498885714108454,10.447480026033617,12.769627673226836,121.73706938456598,6813,16.215523731986913,10.063037682435972,12.715285388244515,120.80264067745702,6840,22,181
uniform_058,uniform,155,21341d90a8ab944956cb5bcc777016e7,0188f62d7fd8fc45b7bcbd0f5e960344,2013,1083,-735.9000244140625,-36.55737826200012,-768.14794921875,0.6675655887089486,0.5126676602086438,0.5420129270544783,0.5083333333333333,1e-05,36.38087725639343,,12.409537442068933,8.46542511054494,9.073764225715031,115.85259287593637,9551,12.516892016461869,8.629448262025289,9.066708798941075,115.74583842264474,9569,15,74
uniform_059,uniform,156,b341730bf7ac8a7aaecdfc6368c2d9bf,e0f7605ad0aeca38be14c659bb27e6e1,2013,1083,-731.7999877929688,-36.35370033745498,-763.8631591796875,0.6775372099277629,0.5101838052657724,0.5373961218836565,0.5055555555555555,1e-05,36.5520224571228,,13.646140965450464,9.270556569790502,10.013687838916264,97.90504604821037,7940,13.140420073221271,8.65926191151665,9.88371503274318,96.73531572360572,7964,15,87
uniform_060,uniform,157,4c40407af61b84634ca550859b65af2a,c0543fa290333a88c6eaa15ca195b07a,2013,1083,-720.2000122070312,-35.77744720352863,-754.2468872070312,0.683482410224354,0.5067064083457526,0.530932594644506,0.5055555555555555,1e-05,36.30798864364624,,14.724749961436316,8.03007263523745,12.3424549786349,110.85140287500415,5292,14.216746327149574,7.203366178931522,12.256728430651728,109.9057620565809,5309,18,118
uniform_061,uniform,158,acd2751d0553339b975345f186d8251b,bb0059ebb5e9f3f01a5b24b4180a508e,2013,1083,-726.0999755859375,-36.07054026755775,-759.82763671875,0.649786923088486,0.5067064083457526,0.530932594644506,0.4833333333333333,1e-05,35.275474548339844,,20.027608763154017,13.186393100051982,15.07395600965006,150.6803877165712,5411,19.43482344438914,12.423821008732466,14.945267941979344,148.73829369916984,5425,20,189
uniform_062,uniform,159,b9bf6b33ed5b7d12a11d6db10a516451,4b83aa5aba178a55dfb868b4eddf37a9,2013,1083,-701.0999755859375,-34.82861279612208,-736.018798828125,0.6533724309840717,0.5032290114257327,0.5244690674053555,0.4861111111111111,1e-05,35.61254167556763,,18.29814168558444,11.927260980751637,13.876686731448626,121.98149890782224,6041,18.041786349904545,11.623369240017729,13.79867175512961,120.75738237044698,6050,23,214
uniform_063,uniform,160,15b04a3b2bc2167afbdbd1edcdb32980,31620bad4f1ea1e12e3d506b4351f3b0,2013,1083,-728.7000122070312,-36.19970254381676,-762.8998413085938,0.6682042651921675,0.5161450571286637,0.5484764542936288,0.525,1e-05,36.06923699378967,,15.636859735428242,9.78445137778006,12.197372406437172,118.82906655720036,7073,15.142221104240909,9.090294220556643,12.110054126775534,117.58026253248865,7077,18,138
uniform_064,uniform,161,f3fe6b298f1e5f14e002e2887edc9ad1,e8e9482b7374c01dc484d82ce6e4a0f2,2013,1083,-718.0999755859375,-35.673123476698336,-752.70703125,0.6679783396454153,0.511177347242921,0.5392428439519852,0.5194444444444445,1e-05,35.46040320396423,,15.650302577891535,10.71731284184186,11.404875108025076,118.77104265787602,6367,15.168904838428018,10.086467875342215,11.329556028237578,117.851441035069,6383,20,150
uniform_065,uniform,162,097d688157179e5b812f737a568ef136,792fcedbefdda21433642c6c68a77b52,2013,1083,-724.9000244140625,-36.01093017456843,-755.9785766601562,0.6762847167015813,0.5171385991058122,0.5503231763619575,0.5361111111111111,1e-05,35.197333097457886,,17.65921049603799,11.300231818548111,13.570279149319331,128.12325385612166,7559,17.661636105722092,11.342527043199892,13.538111766610044,127.36881792261649,7587,19,159
uniform_066,uniform,163,3a4d743cec2cbba793747b2346887f42,9c5eaf4be58e78396ecd7b1c9d78fe25,2013,1083,-729.0999755859375,-36.21957156413004,-755.6544799804688,0.6621556172312939,0.5062096373571784,0.5300092336103417,0.4888888888888889,1e-05,35.459492444992065,,12.953919611360458,7.14535348818779,10.80499684527634,76.28282876999037,4730,12.090040736999484,5.860591942388226,10.574618059633227,73.59780835050333,4744,16,87
uniform_067,uniform,164,2531c7154cf6ea96456c30d908730664,da8f7a25d738d8db92959454ba362b05,2013,1083,-744.5,-36.9846000993542,-773.1536254882812,0.6969070755084159,0.511177347242921,0.5392428439519852,0.5222222222222223,1e-05,36.96011757850647,,16.49325870498081,9.517820646977851,13.469917328676791,133.5246675407734,5212,16.050024619194865,8.737911353775864,13.462993554567133,133.3441333533874,5228,15,113
uniform_068,uniform,165,d6714d9d1af7f3ecd2e4577986d7b090,e1804187ff0f5b98e5cc9dd3c5367116,2013,1083,-720.0,-35.767511177347245,-752.6094360351562,0.6639517343038557,0.5161450571286637,0.5484764542936288,0.5472222222222223,1e-05,36.06606960296631,,17.378059761035843,10.827548215919384,13.592687765488993,162.6103359922754,8919,16.786107951237042,10.050991956327112,13.44436613769616,160.20754086174566,8962,21,176
uniform_069,uniform,166,4ac83594eaa9f75a434d1b576faff80a,c553d685e2558cc341f22f8af128c2e6,2013,1083,-726.4000244140625,-36.085445822854574,-757.9721069335938,0.6838741919999041,0.5146547441629409,0.5457063711911357,0.5361111111111111,1e-05,34.69593453407288,,8.698066866798381,4.614752486056794,7.3729523741665695,70.10620127841412,9996,8.530469077363234,4.308202802969741,7.362628015072744,69.88481778495407,10026,6,13
uniform_070,uniform,167,af521ff8cd65c43778dbf15654c73f75,c6dc964e8380c439cacc40ecc96e58a5,2013,1083,-710.7999877929688,-35.31048126144902,-745.4556274414062,0.6539493103997538,0.5072031793343269,0.5318559556786704,0.4972222222222222,1e-05,35.062063694000244,,11.540375474273796,6.589717226763358,9.473958674098084,69.73207479518442,6006,10.83633626488327,5.528354426469358,9.3200579923604,68.08781187108889,6035,12,61
uniform_071,uniform,168,f14fdd71b3f629b3f6c97ddc7c5ec231,fa0c783443cd8fc0bcc843563d807a88,2013,1083,-731.7999877929688,-36.35370033745498,-763.6283569335938,0.6563134818261124,0.5116741182314953,0.5401662049861495,0.5222222222222223,1e-05,39.14111590385437,,15.991466160403714,10.608767192893342,11.965828371087689,96.01340559684104,5522,15.50120043758075,9.91641029894812,11.914361996723503,95.30707262987288,5558,18,141
uniform_072,uniform,169,2380c1ac3b1939e62f011be9f1fa0839,5908e06d95d5777f249bbd86e6f2184b,2013,1083,-713.9000244140625,-35.46448208713674,-744.7941284179688,0.6489452843037239,0.5151515151515151,0.5466297322253001,0.5444444444444444,1e-05,36.93303918838501,,12.816299206717268,8.622289753019034,9.482280568042937,101.19036637385308,11704,12.226711469922884,7.733372679732961,9.4703442580037,100.95834302495678,11718,16,98
uniform_073,uniform,170,e16db8140d461a8d67b3697c45fe30f0,a7ab4b4b72e777b37437aebc72489af3,2013,1083,-725.5999755859375,-36.04570171812904,-756.750732421875,0.642557849110117,0.5086934923000497,0.5346260387811634,0.5027777777777778,1e-05,37.59526062011719,,13.193753872417073,8.935297084305699,9.707502627407244,85.14665042598335,5614,12.63042022833716,8.196395691166986,9.609714502429703,84.14894137870306,5629,17,96
uniform_074,uniform,171,a845b31c01e19e3afd8c7bf6e11bb4c2,815ab1b1f188800746ddb4efa023413c,2013,1083,-749.4000244140625,-37.22801909657539,-781.879638671875,0.7038336035055146,0.5196224540486836,0.5549399815327793,0.5555555555555556,1e-05,36.60506534576416,,12.558726110781068,7.379122893221504,10.16219202988944,81.80013425655306,6206,11.996112083643157,6.432976594821943,10.125389733427667,81.30041955576235,6241,13,57
uniform_075,uniform,172,3b6b37a9ab8e581d86995f3d2bc98af4,ac1a350b0eb2a38551c6f1e5737c557b,2013,1083,-718.7999877929688,-35.70789805230844,-754.420654296875,0.6726191707552678,0.5042225534028812,0.5263157894736842,0.4833333333333333,1e-05,37.730502128601074,,15.042429370147044,8.354233422119458,12.509255185046174,104.07259974908357,4140,15.17455975991304,8.716063746620312,12.421654345215986,102.67777341942656,4157,19,134
uniform_076,uniform,173,8f3168e505bb8f99685a86e2a40e09bc,334307cc4eaba979eff914f56dc99b04,2013,1083,-755.5,-37.531048186785895,-786.6082763671875,0.6630758184703881,0.5181321410829608,0.5521698984302862,0.5583333333333333,1e-05,37.659783601760864,,11.161057504575426,7.544376242038683,8.225058768118421,59.62734095764517,6781,10.135348572785896,6.255055342099603,7.974934066131475,57.21365288777724,6801,10,29
uniform_077,uniform,174,e89ebaa2aedf89ff7a0f1a47b84138e9,5e735ed62cde95c5dddbee3edcafef86,2013,1083,-736.5,-36.58718330849479,-769.3298950195312,0.6567816526507174,0.5206159960258321,0.556786703601108,0.5805555555555556,1e-05,37.05974388122559,,10.032621716550937,7.09857633014792,7.089690585101239,70.23739555128395,11303,8.955263264593825,5.806567348432761,6.817662045474107,68.16018969684319,11331,9,34
uniform_078,uniform,175,e132122a9452de0912e9d5eca415f204,5626fbace56d9afb68de02126c3d728d,2013,1083,-709.2000122070312,-35.23099911609693,-743.02587890625,0.6682665358687517,0.5126676602086438,0.5420129270544783,0.5305555555555556,1e-05,36.74386048316956,,14.008073039837535,10.09860658683801,9.707948047537917,101.93402815820173,9665,13.618886007332616,9.688922236938588,9.570728392723153,100.38619738351554,9709,18,113
uniform_079,uniform,176,6f1ad48fa949cad1e694af87d570f8cc,09e18105226993d67255e48e35662f36,2013,1083,-733.9000244140625,-36.45802406428527,-768.5811157226562,0.6699918216925731,0.5121708892200696,0.541089566020314,0.5305555555555556,1e-05,37.71375489234924,,18.88090452121208,12.705037974629692,13.966766469098854,161.97717354844008,7573,18.62703530582677,12.479863393723871,13.828212247377015,159.59331417530393,7601,19,159
uniform_080,uniform,177,4a8cdee8469bedd4e5a3b807497f9330,9f75e06c46e92ca2a29c0f874481becb,2013,1083,-722.5999755859375,-35.89667042155676,-753.945068359375,0.6657629743284393,0.5106805762543467,0.5383194829178208,0.5083333333333333,1e-05,36.1307692527771,,12.9782686622214,7.993900428621803,10.224138761092702,72.98382318349468,5673,12.272718287012312,6.805776743216519,10.212786939609558,72.75592228544065,5692,16,91
uniform_081,uniform,178,861444c49352830fb4a96790562296c8,557aa7695594aa1e6c96a194d45a58f4,2013,1083,-728.0999755859375,-36.1698944652726,-763.6031494140625,0.6422533464935829,0.5176353700943865,0.5512465373961218,0.5611111111111111,1e-05,37.26523733139038,,19.65620404687116,13.386682348599711,14.393161335506631,156.2747465668608,6889,19.182019561350028,12.69543718997888,14.379699197386442,155.96003170585846,6901,20,187
uniform_082,uniform,179,2a1d8c7f1f1be023a362b6d3c0135266,e44286382acfc19f0c08da7a6d746e1c,2013,1083,-718.9000244140625,-35.712867581423865,-752.9971923828125,0.6502557430744643,0.5076999503229012,0.5327793167128347,0.5,1e-05,37.53489661216736,,15.141047981528995,11.23997254142603,10.144671076331264,86.86863631213964,8712,14.72137083193628,10.827787574572731,9.973854591446209,84.79729490676436,8729,19,151
uniform_083,uniform,180,6d8489ef888eabc1d678614841445d34,8b3fd09e8e27f3f87e18d4d3214e37a3,2013,1083,-715.0,-35.51912568306011,-752.069091796875,0.663358912726718,0.505712866368604,0.5290858725761773,0.4944444444444444,1e-05,37.3031849861145,,16.335476256423387,11.755113016601292,11.343064069778634,120.86828019344284,10458,15.635844032884442,10.954212079595813,11.157278177760254,118.22678444881969,10489,21,168
uniform_084,uniform,181,dad99b042d819405064679b42199eff1,7d6820fcf2e439f38b8a33f6e6be53b1,2013,1083,-704.5999755859375,-35.00248264212307,-735.4530029296875,0.6591752671158221,0.5072031793343269,0.5318559556786704,0.4888888888888889,1e-05,37.69102072715759,,13.94422495725576,10.502584114867307,9.172629752077173,101.54675607287118,10443,13.2712129582515,9.80727570055419,8.94105344557239,98.9298142365842,10472,18,124
uniform_085,uniform,182,f95df66afbf3407f23de3f9615c9c35e,206b4508da54d9a11d67e2f4b5c927f8,2013,1083,-710.4000244140625,-35.29061224113575,-743.9594116210938,0.643621169439583,0.5072031793343269,0.5318559556786704,0.4944444444444444,1e-05,37.6456983089447,,14.59167299708584,10.16421552744008,10.469271396120648,98.6438179490051,9021,14.040007723660654,9.304982334966226,10.513758634590072,98.87316652446953,9032,19,148
uniform_086,uniform,183,f502196036aa3541e9f87a3d358f733c,b3101e948bf212abc7fff0b1a0a58813,2013,1083,-721.2999877929688,-35.832090799452,-754.8244018554688,0.6747183788291234,0.5136612021857924,0.543859649122807,0.5222222222222223,1e-05,38.32758617401123,,13.284392987237746,8.786751563853334,9.963337492752736,75.89301841284941,6318,12.818614910662086,8.306956272762173,9.762754002343064,73.44631073855635,6345,16,92
uniform_087,uniform,184,69bda53bcbddbcf5a82eb341cd2a4ead,b99a5721976bb502e9fe171abd794b19,2013,1083,-708.7000122070312,-35.206160566668224,-738.7269897460938,0.6347324427054748,0.5067064083457526,0.530932594644506,0.5111111111111111,1e-05,38.93418717384338,,17.97698112533228,11.372562069504694,13.92252428102807,153.97977537867064,7331,17.428859252074957,10.62682263953672,13.814332246491997,152.1990935570484,7363,24,225
uniform_088,uniform,185,b34aa2f3b6463fadb0d4db141de420ee,02bfba7fd62da1219ecfd1327e7c7d75,2013,1083,-724.0,-35.96621957277695,-754.3364868164062,0.6568871761762918,0.5047193243914555,0.5272391505078485,0.5111111111111111,1e-05,37.465447425842285,,15.819844815495523,9.188275117407464,12.878008011846845,119.20164072308036,5501,15.315604712419123,8.332400963738127,12.85063585534081,118.72853328776456,5514,19,152
uniform_089,uniform,186,a0b53e15b539a140f71de245e752c58f,38bdc880482eefab3af30f3f20c3c4d0,2013,1083,-737.2000122070312,-36.62195788410488,-766.7844848632812,0.6520117663790944,0.5136612021857924,0.543859649122807,0.5305555555555556,1e-05,37.33830428123474,,10.531409971142908,7.3616334411278865,7.531065599153672,61.39436072036369,9827,9.810249767894414,6.413650174403859,7.423347758851242,60.46443652090875,9837,9,39
uniform_090,uniform,187,34f1891a9a426d8b9aeac9040e4897ac,50592fc86b6f7dbb21e5601ebdd0eac7,2013,1083,-733.7000122070312,-36.44808803810389,-765.4371948242188,0.6753043439834759,0.505712866368604,0.5290858725761773,0.5,1e-05,36.1427481174469,,13.780232590981518,10.240904407131014,9.220557856526565,129.0513701236623,10525,13.194666300057625,9.540485303065802,9.11473307079597,127.93315781268848,10550,15,94
uniform_091,uniform,188,0dab29b7ff2c8167128c5c340140d4b9,eab6f1a8bc06ac20040baaba5669f8ab,2013,1083,-724.0999755859375,-35.9711860698429,-755.4434204101562,0.6724843733170203,0.5146547441629409,0.5457063711911357,0.5305555555555556,1e-05,36.53585410118103,,8.94110779138282,5.225315133845937,7.2553077322142,62.77622892524778,8865,9.507159203345202,6.122176965678572,7.273584076551674,62.688860280472,8883,7,18
uniform_092,uniform,189,23f7268fa84534e5f642db8b781e2240,38f6474d8bacc6e093ab8f15288bb382,2013,1083,-704.7999877929688,-35.012418668304456,-736.1434326171875,0.6395160699385125,0.503725782414307,0.5253924284395198,0.4861111111111111,1e-05,35.904784202575684,,12.18852734108023,6.9749260353135405,9.995529277940497,99.54903785154784,7682,11.427680095482163,5.74037435385806,9.881294178509608,98.50735296560742,7700,14,85
uniform_093,uniform,190,3739d36c7b457fdba7174f0426a23415,797c8ee6b69891452b4c7845441f2cd6,2013,1083,-718.9000244140625,-35.712867581423865,-751.2174682617188,0.638623335078431,0.5096870342771982,0.5364727608494921,0.5111111111111111,1e-05,35.35683751106262,,16.3006104807917,10.656356527577206,12.33498956641873,132.55461147881306,7633,15.895843206185525,10.119691172546068,12.2584534835324,131.44059911878867,7642,20,180
uniform_094,uniform,191,22b005b37ee951100d3bd8a8bf520f75,0e73570773060ce1a4d94d6e2b3799c2,2013,1083,-719.5,-35.74267262791853,-753.3460693359375,0.6555007723070936,0.511177347242921,0.5392428439519852,0.5138888888888888,1e-05,34.96510052680969,,15.168687404584366,8.44967710942734,12.597302660665736,116.67074081284954,6919,14.692845433002253,7.587467332973048,12.582132028760547,116.35983981777372,6927,19,150
uniform_095,uniform,192,1e195c3a3975b5ce4189038bda7ade8a,4d7e87169c82bfc5497104e001ea422c,2013,1083,-721.2999877929688,-35.832090799452,-754.4364013671875,0.6599402203260983,0.5096870342771982,0.5364727608494921,0.5055555555555555,1e-05,37.515483379364014,,14.678769350623568,10.798811976429617,9.942430766493985,115.679446980982,9774,14.115796739529967,10.16406833424424,9.795276029216245,114.0217957719542,9814,18,135
uniform_096,uniform,193,b829df47f625f982b5656a4da27dc614,1ecb4285ebb64eba38244f21942acd84,2013,1083,-737.2000122070312,-36.62195788410488,-765.6141357421875,0.6581020982775715,0.5126676602086438,0.5420129270544783,0.5138888888888888,1e-05,35.49459409713745,,7.280626181569861,5.197074287488204,5.098817161468875,30.37002905656118,8135,6.0497059160743385,3.655661190225013,4.820278304545028,28.72319323764168,8150,5,6
composition_shuffle_001,composition_shuffle,194,39e847ae7e6f42244b01190b6172c6fd,6e1fc5f845e40866e28be8ba389eb7a4,2013,1083,-758.7000122070312,-37.69001550953956,-792.2891235351562,0.8110396713611927,0.5409836065573771,0.5946445060018467,0.6611111111111111,1e-05,35.75180387496948,,11.799238905608831,8.584968807420164,8.094464116126277,84.05862038908163,11746,11.011515539993916,7.603261320811275,7.965167404077749,83.16921076752715,11762,8,18
composition_shuffle_002,composition_shuffle,195,f001f45e91fbc338659c10b29eb00c6f,75468f5b852f66d803a36fe8382e8d58,2013,1083,-767.4000244140625,-38.122206876009066,-798.93603515625,0.8110396713611927,0.5409836065573771,0.5946445060018467,0.6611111111111111,1e-05,36.61763620376587,,16.272823444115403,9.247774635096144,13.389676887133025,108.88547802092673,3994,17.04487990233181,10.276481662327337,13.59859755742352,111.77996433852512,4008,11,28
composition_shuffle_003,composition_shuffle,196,b1149537fd776fd409ab2f9bcc48384f,8c6d4c046d6061a654ee3192a12243ac,2013,1083,-768.5,-38.17685047193244,-802.3969116210938,0.8110396713611927,0.5409836065573771,0.5946445060018467,0.6611111111111111,1e-05,35.07049345970154,,9.291147566148664,4.701843862715743,8.013618869561526,51.66194945500138,6166,8.628500251852447,3.815753071132477,7.738930487887899,48.95040933805012,6194,3,3
composition_shuffle_004,composition_shuffle,197,d44f732c648d0aba5042a32e0ef4c143,effa43aea2b43400889979d387574736,2013,1083,-775.7999877929688,-38.53949268718176,-808.1950073242188,0.8110396713611927,0.5409836065573771,0.5946445060018467,0.6611111111111111,1e-05,35.69666028022766,,12.641956591728706,8.003125110726408,9.78616650835317,87.69254848693072,7113,11.775681327530137,6.808333617054065,9.607979188488777,85.72484810050719,7146,5,9
composition_shuffle_005,composition_shuffle,198,5d6b91b8d5494c2e71ffe1840e21eae8,50e8fcd850c2b837c3c59b5c718f665b,2013,1083,-755.0999755859375,-37.51117613442312,-787.3694458007812,0.8110396713611927,0.5409836065573771,0.5946445060018467,0.6611111111111111,1e-05,35.81372618675232,,6.50635166255562,4.233372709998981,4.940765877379353,34.2995189668718,9549,5.5046120215434025,2.5553533001012543,4.875543356322633,33.93408816945703,9572,1,0
composition_shuffle_006,composition_shuffle,199,f0e1ca83177fb1b0c033d96b6e1e2a9c,01764a14aae2ad6ff672855f66c40d08,2013,1083,-775.9000244140625,-38.54446221629719,-808.173828125,0.8110396713611927,0.5409836065573771,0.5946445060018467,0.6611111111111111,1e-05,35.33676743507385,,11.052502330428595,8.01056244812502,7.615030993293383,46.91059004704948,7865,10.664624387126716,7.530878537223933,7.551164266262373,46.377213480111095,7891,3,3
composition_shuffle_007,composition_shuffle,200,a13fef4aaf62a14546dd7f01dc2083f9,baf1c4a8e6462a7d8533bd8c86727daa,2013,1083,-765.2000122070312,-38.01291665211283,-795.8468017578125,0.8110396713611927,0.5409836065573771,0.5946445060018467,0.6611111111111111,1e-05,35.9770233631134,,9.005158919831478,4.872567570910721,7.57304248227419,37.952374745639645,4873,8.38511475321504,4.039110273338628,7.348179204700638,35.899225787699834,4889,3,3
composition_shuffle_008,composition_shuffle,201,5051b22545aee311ae0a5319cc4be038,c14fabf2029684586fff62fad883a3c4,2013,1083,-759.7000122070312,-37.73969260839698,-791.3485717773438,0.8110396713611927,0.5409836065573771,0.5946445060018467,0.6611111111111111,1e-05,38.26421761512756,,15.334637589693518,10.020696833840509,11.607615817707796,110.56446525327463,9017,14.87959736480172,9.489429074545384,11.460940344395263,108.49101977988175,9039,10,39
composition_shuffle_009,composition_shuffle,202,40a422c940736cb612543753c72909f4,285fa0606736b45ff2500031324dd500,2013,1083,-783.5999755859375,-38.92697345185979,-816.8416748046875,0.8110396713611927,0.5409836065573771,0.5946445060018467,0.6611111111111111,1e-05,37.02119374275208,,14.699293877514537,10.608929336711045,10.174470935936082,77.37913035498241,6682,15.101667862955706,11.06539158029487,10.277036606812713,78.86163926990412,6699,1,0
composition_shuffle_010,composition_shuffle,203,8e1e9ddf637e2c14731fe7803cd73875,59345c2c817aff1c9a014cff9083b1a0,2013,1083,-753.9000244140625,-37.45156604143381,-786.8845825195312,0.8110396713611927,0.5409836065573771,0.5946445060018467,0.6611111111111111,1e-05,36.61236333847046,,6.920650864809546,4.18658657829894,5.510707868776596,35.46333394641715,7949,6.176114738216763,3.359849671737787,5.182258527219749,33.48252916539877,7981,2,1
composition_shuffle_011,composition_shuffle,204,a556ee86bc661b6959546fe9be10ef0d,660ee0c550037d45f90e910c0447062f,2013,1083,-783.2000122070312,-38.90710443154651,-813.7136840820312,0.8110396713611927,0.5409836065573771,0.5946445060018467,0.6611111111111111,1e-05,36.097434759140015,,11.171568297252277,5.840265696426044,9.523404581100255,78.09047485798601,7197,11.68288521935204,6.737578305346769,9.54436198118423,77.9466764057388,7229,1,0
composition_shuffle_012,composition_shuffle,205,590c9563bd0f3f55a684589c09b4b8f8,61e3d843a94ef41ffc7099280f3f7ff2,2013,1083,-769.5999755859375,-38.23149406785581,-800.4889526367188,0.8110396713611927,0.5409836065573771,0.5946445060018467,0.6611111111111111,1e-05,36.48776268959045,,14.485731389567515,8.328631736865715,11.852017013250313,82.56746127750921,4102,13.848944111809798,7.178357136574824,11.84332900124862,82.3469555084057,4110,8,16
composition_shuffle_013,composition_shuffle,206,98f9356d0f0b318bfa51617c022332d0,cef10b8eddd61c234947376b6e83f882,2013,1083,-755.9000244140625,-37.55092023914866,-784.8003540039062,0.8110396713611927,0.5409836065573771,0.5946445060018467,0.6611111111111111,1e-05,36.21978831291199,,10.868029529873183,6.275685082331075,8.872983861678257,66.56050866648638,8715,10.938206361423855,6.3903183445497325,8.877397696420077,66.92293239604442,8754,8,17
composition_shuffle_014,composition_shuffle,207,a681c2c08b403c8c56e36ac1bb479e02,db736dc0384a7dfcc0e62dda6b6c083b,2013,1083,-759.4000244140625,-37.72479008514965,-794.1015625,0.8110396713611927,0.5409836065573771,0.5946445060018467,0.6611111111111111,1e-05,36.10781621932984,,13.88483916818146,9.729322728470208,9.90601019439911,74.70461013608292,5611,14.349716406630852,10.33551305311732,9.9544729081741,75.59898425926167,5645,9,28
composition_shuffle_015,composition_shuffle,208,a8472463a6624eb87d46126564b13bbc,7fa8b281127062eebea966e461bb8c96,2013,1083,-778.7999877929688,-38.68852398375404,-805.697021484375,0.8110396713611927,0.5409836065573771,0.5946445060018467,0.6611111111111111,1e-05,37.97706389427185,,12.68666168977606,7.224225588116928,10.42889972541822,86.73957057731877,4179,12.105187740019302,6.562531785285656,10.1719588471557,83.93247966507079,4183,5,7
composition_shuffle_016,composition_shuffle,209,ba436e66e83ce34fa5e8f182c6d3c9f0,3fe1eb5f3fa4d279c526d4ef656e2c07,2013,1083,-757.0,-37.60556383507203,-789.261962890625,0.8110396713611927,0.5409836065573771,0.5946445060018467,0.6611111111111111,1e-05,39.089869022369385,,13.708311521430456,7.094023490842117,11.729988724630692,100.73684324324132,5522,13.734581468048312,7.282509322484763,11.644903866944484,99.39413486404736,5566,9,28
composition_shuffle_017,composition_shuffle,210,b2dea813a5dfba76915cc7757ca7af10,fc8a0b65f6f4d5acc7b6fc731a042583,2013,1083,-765.2999877929688,-38.01788314917878,-798.9766845703125,0.8110396713611927,0.5409836065573771,0.5946445060018467,0.6611111111111111,1e-05,37.43908452987671,,13.669243774233523,9.958475816615993,9.363598921851384,58.33576781206921,4826,13.024999368256024,9.273613577530032,9.146075647933404,55.814241369527736,4847,6,17
composition_shuffle_018,composition_shuffle,211,01d9ec75a9ecd546685733c717b633f5,13262153899ca2300d9d84d0d0ba2f84,2013,1083,-760.0,-37.75459513164432,-792.4069213867188,0.8110396713611927,0.5409836065573771,0.5946445060018467,0.6611111111111111,1e-05,37.288673639297485,,9.52867185653463,5.9782547845095655,7.419976892214935,77.68853453515203,8564,9.01952303918458,5.282068264912719,7.311056742987524,77.1269855158298,8603,6,9
composition_shuffle_019,composition_shuffle,212,dc9679f78c2a370ee2dbb2e5023aed48,0b2e33fb2cfb9dda68a2612257c3b782,2013,1083,-763.9000244140625,-37.94833703000807,-795.6028442382812,0.8110396713611927,0.5409836065573771,0.5946445060018467,0.6611111111111111,1e-05,36.30458188056946,,14.49120073617062,8.032364441509007,12.06134404843729,100.4956722183906,5384,13.88006274136981,6.89782316013775,12.044757255994396,100.24670977222104,5397,9,24
composition_shuffle_020,composition_shuffle,213,3df05584dc087a9095f0fb8d8ba586b3,18ddb6e74189613c7cb3e6aa9ebec5bb,2013,1083,-774.4000244140625,-38.46994656801105,-808.2322387695312,0.8110396713611927,0.5409836065573771,0.5946445060018467,0.6611111111111111,1e-05,36.97331786155701,,15.295805125129158,8.588383279772907,12.6570662898495,102.75182969873912,4584,15.32536174082056,8.692154748906736,12.621931639335743,102.31217087476487,4599,8,17
composition_shuffle_021,composition_shuffle,214,055c2d7071a4f181ae5b34b2341c8cb7,7afafd1bb96b0ce66ae1aaf4b8f636d3,2013,1083,-769.0,-38.20168902136116,-799.8639526367188,0.8110396713611927,0.5409836065573771,0.5946445060018467,0.6611111111111111,1e-05,37.49550938606262,,14.371605389777995,6.874477210951478,12.620800472062172,123.9139959408958,4763,13.922614133753362,5.901330376079993,12.61005488131374,123.66762535688122,4774,7,15
composition_shuffle_022,composition_shuffle,215,6646608519f70e3760538b84da4d70ec,f2f477005133e1c8ff232c738ca4f480,2013,1083,-767.7999877929688,-38.14207589632234,-799.202880859375,0.8110396713611927,0.5409836065573771,0.5946445060018467,0.6611111111111111,1e-05,36.96199560165405,,15.148423418824052,8.683473062080443,12.41257538370262,105.55044051418918,5139,14.33695210787268,7.417347937808091,12.26911346890756,103.39132922954286,5166,9,24
composition_shuffle_023,composition_shuffle,216,bd97bbbbf0826299c29527699a4cc7a7,afd80dfda3d7227cac0d934abd5f14bf,2013,1083,-759.7999877929688,-37.74465910546293,-789.6002197265625,0.8110396713611927,0.5409836065573771,0.5946445060018467,0.6611111111111111,1e-05,35.105249643325806,,10.376360773892085,6.217848641276207,8.307058515753091,61.70365132925235,8468,10.113318678621567,5.820577387273252,8.270434908402288,61.36231433288958,8494,7,11
composition_shuffle_024,composition_shuffle,217,5ce1f5fb179853acfe6b396de57afbbe,ca5713abad530c776b27d35a26bbec78,2013,1083,-769.9000244140625,-38.24639962315264,-800.1053466796875,0.8110396713611927,0.5409836065573771,0.5946445060018467,0.6611111111111111,1e-05,35.562251567840576,,13.675382764567903,7.85677402252438,11.193176301498472,75.73262429988063,4170,12.898828368639412,6.771614395136816,10.978388395716047,72.90339025737921,4181,6,13
composition_shuffle_025,composition_shuffle,218,0ac2bc30ba1d85631fda8dd5889e5775,d4de4cda13ae85328a629bb8c834758f,2013,1083,-756.7000122070312,-37.590661311824704,-789.6152954101562,0.8110396713611927,0.5409836065573771,0.5946445060018467,0.6611111111111111,1e-05,37.37761926651001,,10.316219656044254,5.607540310557425,8.659092311393115,66.6698469277735,7756,9.747189571116325,4.687101735003426,8.546272980721284,65.5947555669427,7779,7,13
composition_shuffle_026,composition_shuffle,219,1f06efeb88dc9ede0e8f515c73c44818,a199edc1a8c2e2e8820880e44b5b7633,2013,1083,-762.9000244140625,-37.89865993115065,-796.8248291015625,0.8110396713611927,0.5409836065573771,0.5946445060018467,0.6611111111111111,1e-05,35.629836320877075,,11.789855096296815,8.386002772276308,8.287076727957217,59.10048453944455,8372,10.793687052622651,7.048036796145124,8.174891895929772,58.094636962118784,8413,4,13
composition_shuffle_027,composition_shuffle,220,7245599b49ad651c62f26011ee8e6664,38a4d1bc0cd4456a884ab660438c0c37,2013,1083,-781.5999755859375,-38.827619254144935,-809.2399291992188,0.8110396713611927,0.5409836065573771,0.5946445060018467,0.6611111111111111,1e-05,34.98251485824585,,11.306563197669076,6.8674905362911,8.981978906501448,70.22634823696808,7467,10.575381645317792,5.609044642410487,8.965339655783861,69.95675528610627,7480,2,1
composition_shuffle_028,composition_shuffle,221,40a5cad2afbe76a612cfe08a3e31e3cd,2028f39d74d2d0faacaecd2dcb92f51c,2013,1083,-779.7000122070312,-38.73323458554552,-811.5597534179688,0.8110396713611927,0.5409836065573771,0.5946445060018467,0.6611111111111111,1e-05,35.2497181892395,,12.970853881920227,6.234712001528637,11.374155647085184,97.70660342694556,6262,12.474448782523718,5.173640864576605,11.351004917283335,97.43665736329784,6269,4,5
composition_shuffle_029,composition_shuffle,222,bd393c47d686592b91e49a0f12cd8817,b23fe83dc5e26d6ca79fde6d32f362cd,2013,1083,-779.0999755859375,-38.70342650700137,-809.1253662109375,0.8110396713611927,0.5409836065573771,0.5946445060018467,0.6611111111111111,1e-05,36.36121916770935,,7.69449218729007,4.810676031213773,6.005214912305239,47.13988475537644,9133,7.244144230789004,4.162712335037731,5.928697298074707,46.582784668292334,9159,1,0
composition_shuffle_030,composition_shuffle,223,802511490dbfe855a18c3cd76361713a,f3bc6364982318932a19df26aa260a11,2013,1083,-756.2999877929688,-37.57078925946193,-788.6691284179688,0.8110396713611927,0.5409836065573771,0.5946445060018467,0.6611111111111111,1e-05,35.02110743522644,,7.741081447879273,4.718441304657421,6.136827652558235,57.27269542449904,7935,7.408922055626075,4.208778755121712,6.097401693900332,57.39290072046515,7979,2,1
composition_shuffle_031,composition_shuffle,224,2b2c24b447ae919996653ffc332f4ab0,6129d1f3cad7215dc465bf1acb2c3c0f,2013,1083,-750.5,-37.28266269249876,-786.1185913085938,0.8110396713611927,0.5409836065573771,0.5946445060018467,0.6611111111111111,1e-05,37.537205934524536,,9.938176050088543,7.54685224424389,6.466248093454541,59.88759779325847,6681,10.073152494807983,7.659517872652226,6.542185196261064,60.809656296885805,6711,8,16
composition_shuffle_032,composition_shuffle,225,9606f6611bf4d3d884772f8505759ad0,df444a5073195a967ebbf06a60c00835,2013,1083,-751.0999755859375,-37.31246773899342,-781.5839233398438,0.8110396713611927,0.5409836065573771,0.5946445060018467,0.6611111111111111,1e-05,39.27488136291504,,12.40904358926343,7.052408457313808,10.210185980257585,109.305934061088,6292,11.859171318585757,6.265601315605517,10.068872057854811,107.86265331135291,6316,12,33
composition_shuffle_033,composition_shuffle,226,899fafa5deb7d0f2103976b6cc92e7e1,e0edfaf0ccdfd3cd3bc7d3f56b6287b8,2013,1083,-776.0999755859375,-38.554395210429085,-805.102294921875,0.8110396713611927,0.5409836065573771,0.5946445060018467,0.6611111111111111,1e-05,39.13768887519837,,10.170206673559276,5.593537995736573,8.493846977263065,54.99673365877061,6872,10.482886821052391,6.099878498309966,8.525397258125258,55.09486024561102,6893,2,2
composition_shuffle_034,composition_shuffle,227,6168fb326486339dec5716a201b48ec7,dc69ca9d854c63d4cc3ba35522c3df1a,2013,1083,-766.0,-38.05265772478887,-795.7096557617188,0.8110396713611927,0.5409836065573771,0.5946445060018467,0.6611111111111111,1e-05,38.08404016494751,,12.54460261602286,7.234169927316655,10.248601868383558,78.44682903415742,5592,12.000133907659585,6.446151612451425,10.12177569357527,76.9339876732738,5617,5,12
composition_shuffle_035,composition_shuffle,228,3e8e075bd2bcffa5f21b8bc8e0cd0889,a7f9dd56a9fd4300f24a824739e577e4,2013,1083,-775.2999877929688,-38.51465413775304,-805.6764526367188,0.8110396713611927,0.5409836065573771,0.5946445060018467,0.6611111111111111,1e-05,37.92156004905701,,13.754831110522906,7.864487196804898,11.284733936176812,112.46074841809968,9199,13.589710854736811,7.583705301094442,11.276863705015838,112.24863337930856,9212,6,13
composition_shuffle_036,composition_shuffle,229,e0a06cf023661e9509748c0cd5898d9a,71cd0890ed5a548f7f15832dd50db627,2013,1083,-768.0,-38.152011922503725,-800.1384887695312,0.8110396713611927,0.5409836065573771,0.5946445060018467,0.6611111111111111,1e-05,37.87953782081604,,16.133085611420675,9.965846604935594,12.686936304416545,113.25536817961164,4453,16.869846952673832,10.84829771352507,12.919217194759334,116.2431594295822,4463,10,26
composition_shuffle_037,composition_shuffle,230,2f3cb2f321156039976df1d269a4be84,ab716f387211de5c83fc3dcf86bda57e,2013,1083,-766.7000122070312,-38.08743230039897,-796.03125,0.8110396713611927,0.5409836065573771,0.5946445060018467,0.6611111111111111,1e-05,38.622923851013184,,8.342105622286615,6.14338390301797,5.643541479738202,52.59665881532601,10503,7.72479376029621,5.278580374344121,5.639949279089339,52.41181629330276,10521,2,2
composition_shuffle_038,composition_shuffle,231,8cb47715d5165cb96872a00b362d719d,2c674c646838695b52b3e666c5b7d561,2013,1083,-769.7000122070312,-38.23646359697125,-795.5942993164062,0.8110396713611927,0.5409836065573771,0.5946445060018467,0.6611111111111111,1e-05,40.400634765625,,15.461891713212545,10.348775628033994,11.487947525634,81.4034038902937,4737,14.79128832881348,9.333833555605445,11.474395913613389,81.12839195670676,4751,9,21
composition_shuffle_039,composition_shuffle,232,54f736a772cc2e4598b8f238cb43298a,7dd73fff60b64c4335a25f7fc0d8972f,2013,1083,-763.5,-37.928464977645305,-792.4774780273438,0.8110396713611927,0.5409836065573771,0.5946445060018467,0.6611111111111111,1e-05,37.62031316757202,,8.746159728251955,4.02833974407431,7.763233147240115,51.396621619066536,7137,8.521828809041983,3.5623869018840013,7.74150927222226,51.11089475458266,7154,3,3
composition_shuffle_040,composition_shuffle,233,663e415a46e34ec273ac5b628af3c11f,f91481115dffa512d8ca5e86744f5c67,2013,1083,-757.7999877929688,-37.64530490774807,-788.5477294921875,0.8110396713611927,0.5409836065573771,0.5946445060018467,0.6611111111111111,1e-05,37.92472624778748,,8.943918149325231,6.675866612821142,5.952014518602019,71.33641715441172,11252,8.110444557580198,5.696460911458845,5.773183177918723,70.37767128819178,11279,4,4
composition_shuffle_041,composition_shuffle,234,01629c6d4133d42c59e933ace702869d,bba16d74b51f18cf2c78d30679d71c67,2013,1083,-767.0999755859375,-38.107301320712246,-797.287841796875,0.8110396713611927,0.5409836065573771,0.5946445060018467,0.6611111111111111,1e-05,36.687763690948486,,15.63040637279656,9.334484659389956,12.537025146436171,87.51801116402021,4074,15.051650817607042,8.342615906990785,12.528086532411686,87.28552845513059,4083,10,27
composition_shuffle_042,composition_shuffle,235,c923de58523f8b52a82215666011a18c,2928bc7977a635eb5ef700a52d37939c,2013,1083,-749.7999877929688,-37.24788811688866,-779.0689086914062,0.8110396713611927,0.5409836065573771,0.5946445060018467,0.6611111111111111,1e-05,37.59592318534851,,6.968848397838104,4.201414925383851,5.559942501214605,38.897749549557375,10483,5.951156853010517,2.9497472528167767,5.168680589244602,36.31140631942708,10519,3,2
composition_shuffle_043,composition_shuffle,236,15e1a3673f05526554e5cf0b031a28c2,f11e84514dc29059051bd700969efb92,2013,1083,-772.2999877929688,-38.365622841180766,-801.3516845703125,0.8110396713611927,0.5409836065573771,0.5946445060018467,0.6611111111111111,1e-05,38.18080186843872,,15.117932709369136,7.936240874837513,12.867321795213313,106.68516462947991,4098,15.81764082684531,8.912104013690497,13.067982375877516,109.32249541914916,4109,8,17
composition_shuffle_044,composition_shuffle,237,134f3945891573b1e38d4f7ff5bc2ed6,828dd9a5d14fc0cfceb4c14c1d737bfd,2013,1083,-755.5999755859375,-37.53601468385184,-788.0217895507812,0.8110396713611927,0.5409836065573771,0.5946445060018467,0.6611111111111111,1e-05,38.64175987243652,,10.592097970761474,8.305572030201269,6.573432335800506,43.97258778377272,8826,9.85331079538732,7.615573371511571,6.252261659081468,41.37974310379832,8854,8,17
composition_shuffle_045,composition_shuffle,238,0811ed86e820a27f096044642eec2a57,3736bb7327d7c2789c0914743bfca0a9,2013,1083,-754.5999755859375,-37.48633758499441,-785.5675659179688,0.8110396713611927,0.5409836065573771,0.5946445060018467,0.6611111111111111,1e-05,38.2799060344696,,11.387892161916326,7.614051552949854,8.46819383578678,87.79892324836419,9591,10.32178661193956,6.242917579184744,8.219808937069088,85.28734807595265,9634,10,24
composition_shuffle_046,composition_shuffle,239,f2059b612f5e5a2df1ce1c412c12efa1,257eabbb26728d4b080a5cc2b78dd88f,2013,1083,-756.7999877929688,-37.59562780889065,-788.9630126953125,0.8110396713611927,0.5409836065573771,0.5946445060018467,0.6611111111111111,1e-05,39.29970765113831,,9.39442074408736,7.557673875011438,5.580027483436663,54.71645706727941,9794,8.394011046210851,6.504828950362167,5.305338987325882,52.98730700960368,9813,6,10
composition_shuffle_047,composition_shuffle,240,de49173eb5730f31bd5ccf82f41aa366,189210288f202b930954d04daa82880e,2013,1083,-755.5,-37.531048186785895,-789.076171875,0.8110396713611927,0.5409836065573771,0.5946445060018467,0.6611111111111111,1e-05,37.43057584762573,,10.9059472384875,6.690756839832426,8.612401411854227,60.71164964549644,6965,9.90348775627595,5.32170879203446,8.352154528712385,57.898085313049705,6971,9,19
composition_shuffle_048,composition_shuffle,241,740254e3f072ce9214f57263e9984139,47a76f4684e51eb6926cb7ab2688f224,2013,1083,-770.9000244140625,-38.296076722010056,-800.294189453125,0.8110396713611927,0.5409836065573771,0.5946445060018467,0.6611111111111111,1e-05,36.93211364746094,,14.426948615171732,8.07273559950387,11.956913744161094,91.39453390026664,5819,13.911744520090284,7.125547306697915,11.948356002909865,91.1706121921934,5829,7,14
composition_shuffle_049,composition_shuffle,242,9b95a9955a9f2539028b95bcc3f28c3d,d13d357df2aa37ca98bb8518e4279df2,2013,1083,-759.7000122070312,-37.73969260839698,-794.6218872070312,0.8110396713611927,0.5409836065573771,0.5946445060018467,0.6611111111111111,1e-05,35.91423463821411,,13.76413890771608,8.040597034673155,11.171406321359404,85.92022584581537,5148,13.223612903408164,7.093895357352991,11.159775395504544,85.68493132002095,5157,8,27
composition_shuffle_050,composition_shuffle,243,fe4f4d37fe93f6a8f1c3d1c5a3f42671,9fd150eadb15caa34e41d05c3268657c,2013,1083,-765.0,-38.00298062593144,-796.8381958007812,0.8110396713611927,0.5409836065573771,0.5946445060018467,0.6611111111111111,1e-05,37.07622981071472,,14.87840666937998,9.436174568226797,11.503286249476732,90.28762348632245,5457,14.36031525682354,8.862270166521952,11.299505377269126,87.63910630187183,5490,9,27
composition_shuffle_051,composition_shuffle,244,195cfb340f9ded90fa3c6fb372ff714e,09174e94b99a1135c00ed1d6ac3961a0,2013,1083,-768.9000244140625,-38.1967225242952,-798.1598510742188,0.8110396713611927,0.5409836065573771,0.5946445060018467,0.6611111111111111,1e-05,36.628671169281006,,9.242028159988893,6.511678357056056,6.558439561685035,46.62866779770138,7080,7.998751477504332,5.022748200687792,6.225112505920297,43.898884754032224,7095,2,2
composition_shuffle_052,composition_shuffle,245,6238fbcf6d14450d66e2ea3ea1edbd8a,fbcaebfc00cec892e5cb402931d27b8a,2013,1083,-779.7999877929688,-38.73820108261146,-809.1864624023438,0.8110396713611927,0.5409836065573771,0.5946445060018467,0.6611111111111111,1e-05,36.64700841903687,,11.57625892600582,7.309462333613052,8.976721624035216,65.60346875499363,6013,10.8066722555979,6.036890889408264,8.963264674731464,65.3619144455115,6027,3,3
composition_shuffle_053,composition_shuffle,246,8eff3a7234fa4bd557b2540367abfbe1,70805276238142d3d595848f95cdf50c,2013,1083,-762.0,-37.85394932935917,-793.0916137695312,0.8110396713611927,0.5409836065573771,0.5946445060018467,0.6611111111111111,1e-05,35.86627006530762,,9.065448915860244,5.648945059024588,7.090259781291047,59.24313621093188,9541,8.364213583121419,4.868997093051979,6.800951122594856,56.72801566214639,9586,4,5
composition_shuffle_054,composition_shuffle,247,d9d0e052424fbc58f3688aedeae8cbbb,2dd3f4f664a758eb7262810bac5cb65c,2013,1083,-756.2999877929688,-37.57078925946193,-788.0729370117188,0.8110396713611927,0.5409836065573771,0.5946445060018467,0.6611111111111111,1e-05,36.81504654884338,,9.81709459724634,5.215602966155048,8.317020622237145,75.55045481339766,6078,10.167680303771686,5.873202992923666,8.299831887672132,74.96833154694195,6096,7,13
composition_shuffle_055,composition_shuffle,248,b8bf2779c7a7de4678045d78fa1170b9,852caa9d7a8c877962316c5a88f92f00,2013,1083,-781.0999755859375,-38.80278070471622,-810.9426879882812,0.8110396713611927,0.5409836065573771,0.5946445060018467,0.6611111111111111,1e-05,37.84649968147278,,7.79014639606695,4.620809117758873,6.271722567954624,49.046065105402704,9919,6.99858089717561,3.752779410561507,5.907349767025565,46.27521513670763,9943,1,0
composition_shuffle_056,composition_shuffle,249,94394673cdedb83080d561f24cbebbb2,356b110cbed7b2516d535d5a16db071b,2013,1083,-780.9000244140625,-38.792847710584326,-810.1654663085938,0.8110396713611927,0.5409836065573771,0.5946445060018467,0.6611111111111111,1e-05,37.228126525878906,,11.598963889904306,8.054410038271634,8.346402953050683,61.99222652910976,6516,10.830402275477706,7.041436599390032,8.228960084083724,60.85294222787252,6529,3,3
composition_shuffle_057,composition_shuffle,250,8ca0cb23acc72a6df60d724a597fea3a,bc07759b783c820353e45bd61c7ae58c,2013,1083,-780.0,-38.74813710879285,-808.6903076171875,0.8110396713611927,0.5409836065573771,0.5946445060018467,0.6611111111111111,1e-05,37.40345311164856,,14.602456199208351,8.600685031515443,11.800845056116303,85.1962592260943,4995,14.13627160137796,7.795972789718071,11.792242494534296,84.99505618155126,5003,4,5
composition_shuffle_058,composition_shuffle,251,7bba53060a1a5f226c7a142b5d5a7bb6,d94bcf35aeeadb0459c2f4faeb89b0ca,2013,1083,-760.5,-37.77943368107303,-792.5299682617188,0.8110396713611927,0.5409836065573771,0.5946445060018467,0.6611111111111111,1e-05,37.19126009941101,,9.262843474998196,5.798119976832628,7.22371607807028,75.82806193546367,7641,8.243516430158756,4.283938181232267,7.0429707363922605,74.51426591226664,7671,5,7
composition_shuffle_059,composition_shuffle,252,95c28a021d3bf3e34b8b0ac44d0470ab,806e4f389c569925f1c34a7b1869b6a7,2013,1083,-753.0999755859375,-37.41182193670827,-783.5974731445312,0.8110396713611927,0.5409836065573771,0.5946445060018467,0.6611111111111111,1e-05,36.46952438354492,,12.757050149554766,10.31715371774182,7.503243810695572,53.36533777628301,7298,13.677287869142656,11.183387138688978,7.874011402176329,56.28497943751972,7311,11,34
composition_shuffle_060,composition_shuffle,253,a316b29afaf5246cff8525b2de9d96e5,962852b56329c44ad317b33b20d7425e,2013,1083,-753.0,-37.40685543964232,-788.25927734375,0.8110396713611927,0.5409836065573771,0.5946445060018467,0.6611111111111111,1e-05,37.50325965881348,,12.00300218537809,7.709601758799645,9.199679460878222,90.20568441590147,7455,11.45091596241198,7.137169919976357,8.95456765631966,87.42121903688712,7487,11,31
composition_shuffle_061,composition_shuffle,254,d5df097a1786f28a27ad6292df2e7aaf,eced4a62ba1def9b3bf4907a168d0511,2013,1083,-762.4000244140625,-37.87382138172193,-793.8174438476562,0.8110396713611927,0.5409836065573771,0.5946445060018467,0.6611111111111111,1e-05,37.559147119522095,,18.646663281746715,12.422973410603856,13.905674495768652,116.74865500657415,4131,17.934081333969655,11.490798022211289,13.769271371651586,114.41585490853868,4141,12,40
composition_shuffle_062,composition_shuffle,255,cb716901812aa185be75008aab0129b4,83a01fad76343604053744aee4ea7953,2013,1083,-781.9000244140625,-38.84252480944176,-813.4712524414062,0.8110396713611927,0.5409836065573771,0.5946445060018467,0.6611111111111111,1e-05,38.902273416519165,,13.04954586610136,8.52676092020883,9.878511807002235,67.90714488327649,6967,13.372092245151032,9.025601399840504,9.866679805488042,67.40281154813238,6984,2,1
composition_shuffle_063,composition_shuffle,256,f582d0a7274b9f5414b33232183feecf,76d65596c98c16a3e1b4087dd5615644,2013,1083,-751.5999755859375,-37.33730628842213,-788.0775146484375,0.8110396713611927,0.5409836065573771,0.5946445060018467,0.6611111111111111,1e-05,33.05361485481262,,10.249269884228877,6.220425756518626,8.145786430259555,67.78549664111324,8319,9.501644808562824,5.226678480715642,7.934928237061309,65.79633982407631,8338,8,17
composition_shuffle_064,composition_shuffle,257,6528bd0e5b23e6ce10a53ca294a0429e,f9d5a082ae3d210ebf047474b3398549,2013,1083,-774.5999755859375,-38.47987956214294,-802.8899536132812,0.8110396713611927,0.5409836065573771,0.5946445060018467,0.6611111111111111,1e-05,32.42539072036743,,14.827979436178191,9.939110369450889,11.003774771577124,77.28693154532084,4320,14.305721632077972,9.15367349968973,10.993813390975015,77.0584010729026,4330,7,16
cai_max,bounding_control,10001,c3fe893368e48403114ff14c032cd951,a041bb2e7ac1f0ba43e373bc1b169e7b,2013,1083,-821.7999877929688,-40.82463923462338,100000.0,1.0,0.5856929955290611,0.6777469990766389,0.9416666666666668,1e-05,16.42471408843994,,17.361094811980497,17.361094811980497,0.0,0.0,0,17.372956993465184,17.372956993465184,0.0,0.0,0,1,0
cai_min,bounding_control,10002,d9cd61548f4cfdd867164eebc19f0ba7,11820665a50e8e3c4a20da6ab55ae216,2013,1083,-667.5,-33.15946348733234,-701.2054443359375,0.3998976902543131,0.4793840039741679,0.4801477377654663,0.2888888888888888,1e-05,32.97990274429321,,11.616052254071231,7.587182611420498,8.79587005305739,106.7570440283107,11111,12.22481856359106,8.362773520279935,8.916849665729783,108.30939218345156,11146,13,71
gc3_high,bounding_control,10003,6a796dd4a6d810e1adc1750cdca519da,f4b12b5601c3667a7f5636ce71cab5cd,2013,1083,-876.2000122070312,-43.52707462528719,100000.0,0.9990231440501594,0.5961251862891207,0.6971375807940905,1.0,1e-05,13.834623098373411,,17.361094811980497,17.361094811980497,0.0,0.0,0,17.372956993465184,17.372956993465184,0.0,0.0,0,1,0
gc3_low,bounding_control,10004,d55887a889156bde9355933fb9a27ce4,8f08dbc3ef9a4f46b58987563709affb,2013,1083,-601.0,-29.85593641331346,-633.383056640625,0.6664809204229023,0.4227521112767014,0.3748845798707294,0.0305555555555555,1e-05,31.98918557167053,,16.812397263468043,11.844930308576387,11.931233286196203,102.52081161177102,7370,15.906078883642984,10.751217774603472,11.7224000023768,99.88535198630234,7400,21,172
