candidate_id,mfe,mfe_dot_bracket
original,-779.4000244140625,(((((((........)))......((((((((((((((((((((...............................................((((....))))......(((((((........)))))))...((((((((((.((((...(((((...)))))...))))....((.(((((..((((((......(((.((((.(((.........))).)))).))).......))))))..))))).)).))))))))))((((((((.......((((((....((((((((((((((...(((.((....)).)))....)))))...((((((((((.(((((((.(((((....((.(((..((((((((((.(((..((((((.......((((((.......))))))...(((((((((((((((((((......(((((....)))))))))))))).)))..)))))))((((((((...((((.(((((..............))))).))))...))))))))))))))..))).)))))))))).....))).))))))).))))))).......((((((((((.....((((((((......((((((((((((((((((......))))).))))))).............))))))((((((((.(......).))).)))))..........((((((.(((((((.((((((((((((.((((.......)))).))))))))))(((....)))......)).))))))).))))))((((((((((.(((((.((((.(((((((((((((.(.((((((((.(((((.......(((((((((.((.(...........).)).))))).))))........))))).).)))))))).)))))))))))).).)).)).)))).).))))))).))).))))))))....))))...)).))))...(((((.((((((.(((((((((((((((((((((((.....(((..(((((((((((...(((((((....))))))).)).))))...))))))))(.(((..(.(((((...))))).)..))).)....)))))))))))))).....))).)))))).)))))).)))))))))))))))))))))).))..((.((((((....((.((((((...)))))).)).)))))).))....))))))..))))))))...(((((((((((...((((((.(((((((((((((((.((((((...))))))..((((((((..((((....))))(((((((((........(((((.(.........).)))))))))))))).((((((..((((((..((((((...))))))(((((.(((...((((....))))))).))))).((.....))((((((.(.........).)))))).(((((((.(.((((((.(((.(((((((....(((((.((.....))))))).(((((((.((....((((((((........((.(((((((...(((((.(((.(((((((..((((.(.(((((((((((((...((.(..((((.((((((........)))))).))))..).))...)))))....)))))))).).)))).))))))).))).)))))....).)))))).))))))))))...)).))))))).))))))..).)))....((((.......)))))))))).).))))))).(((.(((...))).))).((((.....)))))))))))))))).......)))))).)).(((........))).)))))).(((.....)))...((.....))...))))).)))).))))))...))).........(((....))).......))))))))............))))))))))))))))))))....))))((.(......).))
human_weighted_001,-739.0999755859375,(((((((........)))......((((((((((((((((((((...............................................((((....))))......(((((((........)))))))(((((((((((((.((((...(((((...)))))...))))....((.(((((..((((((......(((.((((.(((.........))).)))).))).......))))))..))))).)).))))))))))).))...(((((.(((((((.(((((...))))))))))....)))))))..((((((....((((......((((.((((((((..(((((..........)))))..(((((((.(((..((((((.......((((((.......))))))...(((((((((((((((((((......(((((....)))))))))))))).)))..)))))))((((((((...((((.(((((..............))))).))))...))))))))))))))..))).)))))))(((((((..(((((((......(((((.((....))))))).....))))(((((((......((((((((((((((((((......))))).))))))).............))))))((((((((.(......).))).)))))..........................(((((((((((.((((.......)))).)))))))))))(((((((((((.(((((.(.((.((.((((........)))).)).))).)))))))))))))).))..)))))))........))).)))))))(((.(((((...))))).))).....))))))).).))))......))))..))))))..((((((((......((((((...((...(((..(((((((((..((....(((((((.((..((((....((((((((((((((((.((((((((((.(((((((((...(.(((...((((((((....((((.(((((..((((((.(((.(......).)))....))))))))))).))))))))))))))).)...))))))))).)))...))))))).)))(((.((((((((((.((((.(((.((((....((((.((((((((............(((((.....((..((..(((((((..........((((((.....((........)).....))))))))))))).....))..))......))))).((((.((((((.....(((((..(((((((.((((.((((...)))).)))).(((..(((....)))..)))......))))))))))))......))).))).))))...((((((.((((......)))).))))))((((..............))))..))).))))).))))(((((((.(((...(((((...........))))))))..)))))))(((((((((((((.((.((((.((...(((((((.......((((.(((....))).)))))))))))..)))).)).))))).))..)).))))))(((((....((((((.(((((((((((....((...(((((((....)))))))..((((.....)))).(((((((((((..((((((.(((((....)))))..))).)))....)))))))))))...(.(((.......))).).....))...)))))))))))..))))))...)))))))))))).)))))))))))))).))).....(((.((........))..)))((.((..(.(((.....))))..)).))..)))))))))))))...))))))))))))))).))))))....))).))).))...))))))....)))))))).))))))))))))))))))))....))))((.(......).))
human_weighted_002,-739.5999755859375,(((((((........)))......((((((((((((((((((((...............................................((((....))))......(((((((........)))))))..((((((((((((((((...(((((...)))))...))))..((((((((((((((((.((..((((...((((....((((.(..(((((((.(((((((.....((((......(((((((((.....)))))))))(((......))).(((((((((((((.((((((...(((.((....)).)))....)))))..((.((((.((((((((..(((((..........)))))(((((((((.(((..((((((.......((((((.......))))))...(((((((((((((((((((......(((((....)))))))))))))).)))..)))))))((((((((...((((.(((((..............))))).))))...))))))))))))))..))).)))))))))((.(((((..((((((((((((.((.(((((....((((.(.....).))))..((........)).((((((((((((......))))).))))))).((((((((.((....((((((((((..(((......))))))).)))))).....)).)))))))).....(((((((((((.((((.......)))).)))))))))))(((.(((((((...(((.(...(((((((((((....)))))))))))).)))..))))))))))......)))))))..)))))...)))))))..)))))..))((((.....))))..))))))).).)))).))....).))))).))))))))((((......)))).))))..))))))))))))))..).))))..))))..(((.(.((((((((((.(((((((.(.(((.(((..((((.(((.(((...............)))))))))).....)))))).)))))).)).))))))))))..).)))((((((((((((((((((.(((((.(((.((.........)).)))..))))).))))))(((((.((((...((((((.(((((((((((((((((((((....))))....))))..(..(((.(((.(((((((((..((....))....))))))))).))))))..)...)))))))))(((.....))).................)))).)))))).)))).)))))..))))))))))))(((((.....)))))...........))))..)).))).)))))))))).))).((((((((........(((..(((.....))).)))))))))))(((((((((((((.(((...(((((((.(...((........))....).))))))).))).))))((((..((((((.((.((......)).)))))))).)))).(((...((((((((............((((((....(((((........((......)))))))....))))))....(((...((((((.....(((((((...)))))))((((.((...((((((..(((.(((((((........)))))).......(((((((..(((...((((((.((....)))))))).....(((((.((((((...((((((((((.......)))))....)))))....))))))))))).((.((.((((.(.....).)))).)).))........)).)..)))))))..)))).))))))...)).))))))))))..))).....((((...)))))))))))).))).)))))))))....)))))))).......)))).((((....)))).....))))))))))))))))))))....))))((.(......).))
human_weighted_003,-750.2000122070312,(((((((........)))......((((((((((((((((((((...............................................((((....))))......(((((((........)))))))(((((..((((((.((((...(((((...)))))...))))....(((((((((((((.....((((((..((((((.((((.((((.((....(((((..............(((((((((((((.....)))))))))(((......)))..((.((((((.((((..((((..((((......((((((...........((((((.(((((.((((.(((((..........)))))(((((((((.(((..((((((.......((((((.......))))))...(((((((((((((((((((......(((((....)))))))))))))).)))..)))))))((((((((...((((.(((((..............))))).))))...))))))))))))))..))).)))))))))(((((((((.((((................(((((((..(((((.(.((((..(((((((((...(((((((..(((.(.((((.(((((.((((((..((((((((.((....((((((((((..(((......))))))).)))))).....)).))))))))..)))))).)))))((((((((....(((((..(((((.((((.((.....(((...)))..)).))))..)))))..)))))))))))))(((((((.(((((((((((((((((..((((..((..(((.((((((((.(((...((((.....)))).....)))..))))))))))).)).))))..))))....))))))))))))))))))))...)))).))))...)))))))..))))).....))))..)))).).)))))..)))))))..)))))))))))))......))))...))))).)))))))))))).....)))).(((((((((.((.........((((((((((.((((..((((((((.((((....)))))))..))))).)))).))..))))))))))))))))))).....(((((((..(((((..((((.(((......))).).......((((.....))))((((((((((((((.((......(((((((..............)))))))......)).))))).).)))).)))).........)))..)))))..))))))).))))..)))).)))))).))...((((((..(((((..............))))).)))))))))).................((((...)))))))))..)).)))))))))))))).(((((.(...((...))...).))))).....)))))).))))))))))))).((((...............)))).(((.....)))))))))...))))).((((((................))))))(((((((........(((((.((.(((((((((.((((((.(((.((.(((((((....((((((..((((((....))))))((((......))))..)))))).))))))).)))))))))))))))).....))))((((..(((((....)))))((((((((((..(((..(((((((((.(((((..........(((.(..(((((((.(((......))))))))))..).))))))))...(((((.(((((((...........(.((.((((......)))).)))))))))))))))((((..((.....))......)))))))))))))...)))....)))).)))))))))).))))))).)))))))............))))))))))))))))))))....))))((.(......).))
human_weighted_004,-743.2999877929688,(((((((........)))......((((((((((((((((((((...............................................((((....))))......(((((((........)))))))(((((((((((((.((((...(((((...)))))...))))....((.(((((..((((((......(((.((((.(((.........))).)))).))).......))))))..))))).)).))))))))))).))...(((((.(((((((.(((((...))))))))))....))))))).((((.((.....((((((.((((.(((((((((((((.(((((....((.(((..((((((((((.(((..((((((.......((((((.......))))))...(((((((((((((((((((......(((((....)))))))))))))).)))..)))))))((((((((...((((.(((((..............))))).))))...))))))))))))))..))).)))))))))).....))).))))))).))))))((...(((.(((((((((((((((((((..((........)).((((((((((((......))))).))))))).(((...((((((..((.(((((((((..((..((..((((((((((..........................((((((((((.((((.......)))).))))))))))(((....)))..))))))))))..))..)).)))).))))).))....)))))).)))((.(((.........)))))(((((..(..((((((((((.....(((((((((......).)))).))))......))))))))))..).)))))))))))..)))))))).).....))))..)))..))))))))).)))).)))))).)).))))(((..((((.((.(((.((((.((((((((......)))........((..(((((((.((((((((((((..........((.(((..((((..((((((.(((((.(((.(((((((...((((.(((((((((.(.((((......)))).))))))).)))))))...)).)))))))).)))..(((((((...(..((((((((.(((....(((((((.(..((..(((.(((...((((.(((((((....)))))))...))))..))))))...))..).)))))))((((((......((((((...))))))....((.((..((((......))))..)).))......((((((..((.((.....)))))))))).)))))).)))))))))))..).)))))))..(((.(..((((((........(((((...)))))))))))..).))).(((((((..((((((.(((((.(((.....((((....((((...((.((.(((....))))).)))))).....))))))).))))).))))))((.(((..............))).)).....)))))))....))..)))))).))))..)))))........)))))...))))))).)))))))..))((((((((((.....((....))....))))))))))))))).)))).))))).))))..)))(((.(((((.((((.(((........))).((((...))))((((((...((((((....((((((..((((((....(((....)))....))))))...))))))......(((((.((.((..........(((.((........))..)))((.((..(.(((.....))))..)).))..((((...)))))).)).)))))))))))))))))...)))).))..))))))..((.((((....)))).))..))))))))))))))))))))....))))((.(......).))
human_weighted_005,-746.2999877929688,(((((((........)))......((((((((((((((((((((...............................................((((....))))......(((((((........)))))))..(((((((((((((......(((((...))))).(((((((.((((((((((..((((((......(((.((((.(((.........))).)))).))).......))))))..)))))((((((.....))))))............(((((.(((((...))))))))))...((((.(.(((((((.......(((((............((((((((((((..........)))))...((((((.(((..((((((.......((((((.......))))))...(((((((((((((((((((......(((((....)))))))))))))).)))..)))))))((((((((...((((.(((((..............))))).))))...))))))))))))))..))).))))))(((.((((((((.((.....(((((((.((((..((((((((.(.....).))))........((((((((((.((((((((..((((((((((((((((....((((((.(((....(((((...((((.....)))).)))))..))).))))))..))))))))))....(((((((((((.((((.......)))).)))))))))))((((((.((..(((((...))))).....)).)))).)).(((((((.(((((..(((((((((.((((.((((.....)))).)).......)).)))...))))))))))).)))))))))))))..))).))).))..)))))))).)).((((((((.(((((.....(((....)))......)))))..)))))))).......)))).)))).)))))))...((.(((((((.........(((.....))).......))))))).)))))))))))).)))....(.((((.((((((.....((((((((..((.((((((((.((((..((.(((......))).))....)))).)))))))).))..)).)))))))))))))))).).)))))))..((((((..((((((((((.((....((((..((((..(((...(((.(((...((((((....))))))..))).)))..(((((.....(((.......)))))))).............((((((((...))))).)))))).)))).))))...)))))).....)))))).)))))))))))........))))))).).)))).....))))).))))))).((((((.............)))))).((((((((((((((((((..............)))))..((.......))((((((.(((.(((((((......(((((...)))))..(((.((((.....)))).)))))))))).((((((....((((.......((........)).......))))))))))(((.....((((((((...)))).))))...)))...((((....)))).((.(((((((((.....(((((((.((.(...).)))))))))))))))))).))....(((((....((((((((((.....(.(((.(((((((.....((((((...((.(.......).))...)))))))))))))(((((..((((......((((...)))).....))))..))))).................((((......))))...))).)....)))))))))))))))..((((...)))).))).))))))))))))))))))).))))))))).......)))).((((....)))).....))))))))))))))))))))....))))((.(......).))
human_weighted_006,-745.5,(((((((........)))......((((((((((((((((((((...............................................((((....))))......(((((((........)))))))....(((((((((.((((...(((((...)))))...))))....((.(((((..((((((......(((.((((.(((.........))).)))).))).......))))))..))))).)).)))))))))(((((((((.((...((((.(((((.((((.(((((((((.((((.((((.((((.((((....(((....(((...(((((((....(((((..........)))))...((((((.(((..((((((.......((((((.......))))))...(((((((((((((((((((......(((((....)))))))))))))).)))..)))))))((((((((...((((.(((((..............))))).))))...))))))))))))))..))).))))))((((.((..((((((..(((..((((.((..(((((((((((((((..(((..((((((((..(((((..((((..((((((..(((((.((((((((((....((((((.(((....(((((...((((.....)))).)))))..))).))))))..)))))))))).....((((((((((.((((.......)))).))))))))))(((....)))..(((((((....(((.(((((.((.((((((((.(........))))))))).)).))))).)))............)))))))........((((.(((....))).)))))))))..))))...))..))))..)))))((((((.........))))))(((((..(((...((((.(((...))).))))....)))..)))))))))))))))).))))))).(((((..((.....(((((((..(((.((((.((((...((((......))))...))))..)))).)))))))))).....))..))))))))))))))))))).)))..)))))))))))))))))))...))))))...))))))))(((((((((((((...(((.((((((.((....))..))))).).))).......)))))))))))))((.(((((....((((((((......(((((((..............((((((.(((((((((...............))).))))).).))))))((.((((...))))..)))))))))))))))))..............(((.......)))...)))))...)).....((((((...))))))..)))).)))).))))))))).)))).))))).))))....))..)))))))))..((((((((((..((((.(((((((.......(((((.........)))))..(((((..((((.(((......)))..))))(((((..............)))))...........(((((((...((((((.....((..(((..((((((..(((......)))..))))))..)))..))..))))))..)))))))....))))).(((((((..(((((((((((((((((......(((.......))))))))))).))))))))).........((((((.((((.((((((((((((((((((.((....((((......))))(((..((((....))))....))))).)).))))))))).))))...((((.........))))..((..(.(((.....))))..)).....)))))))..))))))..))))))).)))))))...))))..))...........))))))))............))))))))))))))))))))....))))((.(......).))
human_weighted_007,-743.7999877929688,(((((((........)))......((((((((((((((((((((...............................................((((....))))......(((((((........)))))))((((...))))(((..((((((((....(((((....)))))...(((((((((((((..((..((((((.((((.(((.........))).)))).))........(((((.(((((((((((((.....)))))))))(((......))).((.(((((((((.((((......((((((((((((((((.....((((((.(((....(((((((((((.(((((....((.(((..((((((((((.(((..((((((.......((((((.......))))))...(((((((((((((((((((......(((((....)))))))))))))).)))..)))))))((((((((...((((.(((((..............))))).))))...))))))))))))))..))).)))))))))).....))).))))))).))))))...(((((.((((((...(((((((((...((........)).((((((((((((......))))).)))))))((((..(((((...((((.((((.((((....((((.((((((((((..........................((((((((((.((((.......)))).))))))))))(((....)))..))))))))))..))))..)))))))).))).)...)))))...))))..)))))))))(((((((((...((..........((((.(((...))).))))((((..((.((((......)))).)).))))..(((((....))))).))...)))).)))))...))))))))))))))))....))).))))))..(((........))).))))))))).((((((((.....)))))))).........((((....((((.((((.(((((((.((....)))))).))).)))).))))...))))(((.(((.(((.((((((((((((..((((((.......(((.((.(((((..((((((((((((((.(((.....)))))))).)))))))))..))))).)).))))))))))))))))).)...)))))).)))..)))..((((....))))..))))))).....))))..)))).))))).)))))).........)))))...((((...)))).(((....(((....)))....)))((((((..(((....))))))))).))))..))...)))))))))))))...))))).)))..))).....((((((..........)).))))((((.((..((((((.(((((.(((((((..............))))))).((((((((((((..(.((((.((((...(((((((...(((....))).)))))))...))))))))......)..)))))))....))))).(((..((((...(.((((.(((((((((...((((..((((.........((((((......(((((...)))))..(((..((((((((((.((.((((.(((.((((......(((.(((.((((.(((..(((((((((.(.(((..(((((...(((...((((((((((((....))))))..(((((((.......))))))).)))))))))...))))).))).).))).))))))))).)).)).)))..)))......))))..)).).)))))).)).))))))))..)))..)))))).))))..).)))...))))).)))).)))).)...))))..)))))))).)))))).)))))).((.((((....)))).))..))))))))))))))))))))....))))((.(......).))
human_weighted_008,-761.7999877929688,(((((((........)))......((((((((((((((((((((...............................................((((....))))......(((((((........)))))))(((((((((((((.((((...(((((...)))))...))))....((.(((((..((((((......(((.((((.(((.........))).)))).))).......))))))..))))).)).))))))))))).))......((((((((.(((((...((((((((((((...(((.((....)).)))....)))))..............(((((((.(((((....((.(((..((((((((((.(((..((((((.......((((((.......))))))...(((((((((((((((((((......(((((....)))))))))))))).)))..)))))))((((((((...((((.(((((..............))))).))))...))))))))))))))..))).)))))))))).....))).))))))).)))))))(((..(((...((((((......(((((((((....((((((((((((((((((......))))).))))))).............))))))((((((((.(......).))).)))))..........((((((.(((((((.((((((((((((.((((.......)))).))))))))))(((....)))......)).))))))).))))))(((((((((((.(..(((.((.(((((((((((((.........((((((.......((.((((((...((((((((....)))).)))))))))).)).....((((.....)))))))))).))))))))))))))))))..))))...))))).)))))))..)))))......))))))...)))..)))))))))).)))))...))))))))(((((((.((((.(.((..(((((((((..(((....((((((((....)))..)))))..))).))))))))).(((((.(((((...))))).))))).)).).)))).)))))))..(((((((((((((.....))))))..(((.(((.(((((((((((((((.((((((((((((.((....)).))))....))))))))(((((((..((((....)))).....(((((.............)))))..))))))).......((((......(((((...)))))))))..(((((.(((....))))))))..(((....))).....(((((....))))).)))))....)))))))).(((((((.((((..((((((...))))))..))))..)))))))..(((((((((..(((((...)))))......((((....))))....(.((((.(((((((((...((((..(((...((((((((((((((.(((((..(((((..(((((((....((((.(((((((..............)))))))...)))).....)))))))))))).))))).))))(((((((........)).)))))...((((((.....(((.((((.(((((.((((((((....((((((((((((.......)).)))))))))).(((((((((.((.....((.((((.......)))).))....)).)))))))))..)).))))))..))))).)))).)))))))))((((.((..(((((....(.((....((((........))))..)).)....)))))..)).))))..))))))))))....)))..).)))...))))).)))).)))).)))))))))))).)))))).......)))))))((.((((....)))).))..))))))))))))))))))))....))))((.(......).))
human_weighted_009,-756.2999877929688,(((((((........)))......((((((((((((((((((((...............................................((((....))))......(((((((........)))))))..((((((((((((((((...(((((...)))))...))))....((((((((((((((((......(((.((((.(((.........))).)))).))).......))))))....(((((((((.....))))))))).........(((((((((...(((.(((((((((((((.(((..((((((((...........((((((..((((((.((.(((((..........)))))..(((((((.(((..((((((.......((((((.......))))))...(((((((((((((((((((......(((((....)))))))))))))).)))..)))))))((((((((...((((.(((((..............))))).))))...))))))))))))))..))).)))))))((((((....))))))(((((.(((.(((((.((...((((((((((...((.(((((......((((((((((.............(((((.((((((..((((((((.((....((((((((((..(((......))))))).)))))).....)).))))))))..)))))).))))).......((((((((((..(((((.(((((((.....(((...)))..)))))))..)))))..)))))))))).((((......))))((((((....((.((((.(((((((((...((.(((.(((..((((.(((.(((((.(((.(((((.(((.(((...((....))))).))).))))).))).....))))))))..))))......))).))))))))))))))..((((((((((.(.(((((((((((....))))))........((.(((((....))))).))))))).).))))))))))..)))).)).)))))).)))))))))).((((..((((.......))))..)))))))))))........(((......))))))))).))))..)).))))).)))..))))))).))).))).))))))))))))))...................(((((.((...(((((((((((..((((....)))).....)))).............(((((..((...))..))))).))))).))...)).)))))))).))))))))))))))))....)))))))))..(((((((....(......)..)))))))...))))))))))....(((((((.(((.....(((((((...)))).)))))))))))))((((.((((((.((((((((...((((.(((((((....(((......)))((((((((((..(((....(((((.......(((((((........)))))))....)))))))))))))....)))))....(((((..(((((.......(((.((......)).)))..............(((..((((...)))).)))((((((.(((.((((.(.(((.....))).).)))).))).)).)))).))))).)))))))))))).))))....(((.(((((((((((..((((((((((..(((((((.(((((.((((....)))).))))).(((((.(((.((((.....((((((((...........))))))..)))))).)))))).))....))))))).))).........)))))))..))....))))))))))))..))))))...((((......)))))))))))).))))....)))))))).......)))).((((....)))).....))))))))))))))))))))....))))((.(......).))
human_weighted_010,-748.4000244140625,(((((((........)))......((((((((((((((((((((...............................................((((....))))..(((((((((((........))))))((((((((((((((.((((...(((((...)))))...))))....((.(((((..((((((......(((.((((.(((.........))).)))).))).......))))))..))))).)).))))))))))).))).....(((((((...........(((((((((((...(((.((....)).)))....)))).....)))..)))).......(((((..........)))))..(((((((.(((..((((((.......((((((.......))))))...(((((((((((((((((((......(((((....)))))))))))))).)))..)))))))((((((((...((((.(((((..............))))).))))...))))))))))))))..))).)))))))((((((....))))))))))))))))))....((.(((((((..(((((((((((((((....((((((((((((((((((......))))).))))))).............))))))((((((((.(......).))).)))))(((((.................(((..((((((((((.((((.......)))).)))))))))))))((((((((...))).))))).)))))..)))))).)))))(((((((......)))))))((((..(((((((((......)))))..))))........))))((.(((.((((....)))).))).)).))))....))).)))).))...((((((.((((((((((((........(((..((((..((((......(((((.(((((....(((((...((((.(((((((((((((((((((((((((.(.(((..((((((((.((((((((..(((((......)))))((((((((.((....))...)))))))).(((((...)))))..))))))))))).)))))))).)..)))).)))))))))))))))))).(((((..((...(((((......((((..((((((((((.((...(((.((.(.......))).))))))))))))))).....(((((.........)))))((((((..(((((...........))))).(((((((...)))).)))(((((((...((........))...))))))).....))))))..))))......)))))..)).)).)))....))).))))....(((((...........))))).......((((....))))(((((((((((((((..(((((((..(((((.......((((.....)))).......((((((.(((((..(((.((((.......)))).))).((((....))))(((((((........)))))))..)))))...)).))))...))))).)))))))....((.(((.........))).)).(((((((((((.........)))))..))))))......(((((((.((((((((((((((((((.(((...((((((((..((((((((.((.(((((((((((.((((..(((.....(((((..........)))))..)))...))))...)))).))))))))).))))).((.(((.((....)).))).)).....)))..))))))))))).))).....(((......)))...))))).)))).....)))))).))))))).))))))))))))))).)))))..)))))))))))))).))))..)))))))..))))))))...)))))).))))))))))))))))))))....))))((.(......).))
human_weighted_011,-750.0999755859375,(((((((........)))......((((((((((((((((((((...............................................((((....))))......(((((((........))))))).((((..((((((((....(((((((((((.((..(((((((...((((((((((((((....(((((((.((((((.(((.(((..(....)..))).........((((......(((((((((.....))))))))).))))..((((((((((((.(((((((.((((.(((((..(.((((...((....(((........)))....))(((((((.(((((....((.(((..((((((((((.(((..((((((.......((((((.......))))))...(((((((((((((((((((......(((((....)))))))))))))).)))..)))))))((((((((...((((.(((((..............))))).))))...))))))))))))))..))).)))))))))).....))).))))))).))))))).((((((((((((((..(((((((((...(((....((((((((((((((((((......))))).))))))).............))))))..))).((..((.((((.((((((((((..........................((((((((((.((((.......)))).))))))))))(((....)))..))))))))))..)))))).))(((((((.(((......))).)))))))))))))))).(((((((.((((((......(((((((.((.(((((((.((....)).))).)))).)).)....)))))).((((.....))))..(.(((((....))))).).....))))))...)))))))...((((..(((((....))))).)))).)))))))))))))).(((((((..((((((.........))))))..))))))).....((((((........)))))))))))))))).)))))))))))...))))))))))))...((((((((.....)).)))))))))..)))))).))))))).(((((...))))).((((......))))((((((((((((((((...(((.(((((.....))))).)))....))))))))))...))))))......(((((....)))))))).)))))))))))............))))))).))))))).))))))))))))))...)))).....(((((.(((.(((((((..(........)..)))))))....((......))...((((.(((........((((...)))).........))).))))(((((((((((((((....(((((......((....))....)))))...((((((((((((((((((((((.(((((....(((((...))))))))))))))).))).))...)))))))....))))).....((((...((((.....((((.......))))))))...))))............(((.....))).))))..(((((((...(((((((((((((((((..(((...)))..))))))))..)))))(.((((((.((((((((.((.((.((.(((....((((....))))..))).)).)).)).((.(((((((((...(((((((((..((....))..))))).....(((((.(((.......))).)))))..((((..((...))..))))..)))).)).)))))).).))...)))))))).))))))).....((((...))))))))))))))))))))))))))....))).)))))........((.((((....)))).))..))))))))))))))))))))....))))((.(......).))
human_weighted_012,-742.7999877929688,(((((((........)))......((((((((((((((((((((...............................................((((....))))......(((((((........)))))))((((...))))...((((...(((((...)))))...))))....((((((((((((((.((..(((((((((((....(((((........(((.(((........((((......(((((((((.....))))))))).))))...((((((((...((((((.(((((((...((((....((((((((...(((........))).((((((((((((((((..........)))))(((((((((.(((..((((((.......((((((.......))))))...(((((((((((((((((((......(((((....)))))))))))))).)))..)))))))((((((((...((((.(((((..............))))).))))...))))))))))))))..))).)))))))))(((..(((((((.(((((((((((..(((((((((.(((((..((((((((...((........)).((((((((((((......))))).))))))).((((((((.((....((((((((((..(((......))))))).)))))).....)).))))))))......((((((((((.((((.......)))).))))))))))(.(((((.(((.((((...(((((((..((...(((((.(..(((((((((.((((...((((((((.....(((((.((((((((.....((((((((.....(((.......)))......)))))))).....))))).)))...)))))....)).)))))))))))))))))))....).)))))..))..)))))))..........)))).))).))))).)(((((((....))))).))..)))).......))))...))).)).)))))))))....))))))))....((((((((.((....))...)))))))).(((((......))))).))).))))))).))).))))))))...)))))))))))))))...)).)))))))))..)).))))))))))).))).(((((.(.(.((((.(((.....))))))).).).))))).))))).))))))).............))))..)).))).)))))))))))....((((((.........)))))).((((.((.((((.((((((.(.((((((..((((....(((((((..(((((((......)))....)))).)))))))..))))..((((........)))).((((...)))).)))))).)..)))))).)))).))))))...(((((((....(((((((((........((((((((...............)))).))))((((...)))))))))).)))...)))))))((((((((.(...(((((((..............))))))).((.(((((((.(((((((((((((.((.....(((((((...))).)))))))))).)))).))))).(((.(.(((((.(((((((((((...)).))))))))).))))).)..)))..((((((((..((((((((((........((((........((((((........((((((((.......))))))))(((((..(((((((((((((........).))))))......)))).))..)))))...........((((......))))..)))))))))))))))))))).....)))))))).((((.........)))).)))))))..))........).))))))))((.((((....)))).))..))))))))))))))))))))....))))((.(......).))
human_weighted_013,-741.5,(((((((........)))......((((((((((((((((((((...............................................((((....))))......(((((((........)))))))...((((((((((.((((...(((((...)))))...))))....((.(((((..((((((......(((.((((.(((.........))).)))).))).......))))))..))))).)).))))))))))((((((.....)))))).(((((((((((.(((.((((((((((((.(.(((((((......((((...((((((((((((((.((.(((((..........)))))..(((((((.(((..((((((.......((((((.......))))))...(((((((((((((((((((......(((((....)))))))))))))).)))..)))))))((((((((...((((.(((((..............))))).))))...))))))))))))))..))).)))))))((((((....))))))..((((((..(.(((.((((((.....((((((((((...(((((((((....((((((((((((......))))).))))))).........(((((((((((((...((.....(((((((((((((((((((.................(((..((((((((((.((((.......)))).)))))))))))))..((((((...))).)))...))))))))))).((.((((((.((((((......((((((.......)).))))....))))))....)))))).))...((((((.(.............).))))))...(((.(((((((((((...)))..)))))))).)))((((..((((((......)))))).)))).))))))))..))))))))))))))))))).))))).....))))))))))((((.(((....)))))))...))))))))))..)))))).........((.(((((((.(((((((.((((((((((((((((....)))))...((((((.....))))))..)))).)))))))....))))))).))))).)).)))).)))))))))))))))))).((((((.(((.......)))....((((..((((((((......................))))))))....))))...(((((.(((((((....((((((((.(((.(((.............))).)))))))))))(((.(....).)))..)))))))..)))))....))))))...))).)))).).)))).........(((...((...))..))).......)))).))))))).)))))))))))(((((((((((.((((...(((((.....((((.....))))....)).))).)))).)))))).....((((...)))).(((((.....(((((..((...((((.(((.......)))...))))...)).))))).....)))))....))))).(((..(((.(((....(.(((((((((..(((((...(((.((((...((((((.(....(.((((...(((((((.(.(((((.....))))).).))))))).(((((((..(((((((((......((((((((((....))).)))))))...((((((((...(((......)))(((..(((((((...........((.(((.(.((((....((((....))))....))))..).))).)).....)))))))..)))))))))))))))))))).....))))))).((((......)))))))))..))))))))))))))..)))))...))))).)))).)))).)))))).))))))))))))))))))))....))))((.(......).))
human_weighted_014,-744.9000244140625,(((((((........)))......((((((((((((((((((((...............................................((((....)))).((((((((((((........)))))))...((((((((((.((((...(((((...)))))...))))....((.(((((..((((((......(((.((((.(((.........))).)))).))).......))))))..))))).)).))))))))))((((((.....))))))..)))))(((((((.(((.((((((...))))))..((((((...((((...((.((((.((((((((((((((.(((...((.(((..((((((((((.(((..((((((.......((((((.......))))))...(((((((((((((((((((......(((((....)))))))))))))).)))..)))))))((((((((...((((.(((((..............))))).))))...))))))))))))))..))).)))))))))).....))).))...))).))))))..(((((((((((((((...((((.(((.((........)).((((((((((((......))))).))))))).((((((((.((....((((((((((..(((......))))))).)))))).....)).))))))))......((((((((((.((((.......)))).))))))))))(((....)))....))).))))......)))))))......(((((...((((((..(((.((((....)).))...)))..))))))...)))))........))))))))..........))))))).).)))).))..))))..))))))........((((((....)))))).))))))))))(((((((..(..((....(((((((((.....(((...((((..((((((.........)))))).(((((((((...(((((((.(((.((((((((.....)))))))).))).(.(((((((.((((.((....))..).))).).)))))).)))).))))....)))))))))((((...((((((((..(((((....)))))....((..(((.(((((((((.(((.(((.(((((.......((((.((((..((((((((.(((((((((....)))))))))....(((((.............))))).(((((.....(((((.(((....))))))))......)))))...))))))))(((((((.(((((((......(((....)))......(((......)))((((((.(((((((..((((((((.....((((.((((........))))))))(((.((.(..(((((((((.....((((((.......))))))))).....(((((...........)))))..........((((((((...)))).))))..(((((((...))))))).......))))))..).)).)))..((((((................)))))).)))))))).....)))).)))..))))))....(((((((((...(((((((((((((((((((.(((...))).)))))))))))))(((((((((((((.((....)))))))))))))))......))))))......)))))))))....((((((((((......))).))))))).(((....)))....))))))).)).))))).....)))).))))(((........)))......((((......))))....)))))))).))).)))..)))))).)))))..))))))))))))))))..))).)))))))))...)).)..)))))))((.((((....)))).))..))))))))))))))))))))....))))((.(......).))
human_weighted_015,-758.7999877929688,(((((((........)))......((((((((((((((((((((...............................................((((....))))......(((((((........)))))))...((((((((((.((((...(((((...)))))...))))....((.(((((..((((((......(((.((((.(((.........))).)))).))).......))))))..))))).)).))))))))))((((((.....))))))...((((((...)))))).(((.((((((.(.((((((((((..........((((((.((((((((((((.(((((....((.(((..((((((((((.(((..((((((.......((((((.......))))))...(((((((((((((((((((......(((((....)))))))))))))).)))..)))))))((((((((...((((.(((((..............))))).))))...))))))))))))))..))).)))))))))).....))).))))))).)))))))(((.((((...(((((.(((((((((...(((....((((((((((((((((((......))))).))))))).............))))))..)))(((.(......).)))(((((((((((.................(((..((((((((((.((((.......)))).)))))))))))))..((((((...))).)))...)))))))))))...))))))))).....((((...((((((((((((((((.(((((((.(((...(((((((((.....(((.(....).))).....)))))))))...)))(((((((.((....)))))))))(((((...))))).....))))))))))..))))).))))))))..)))))))))...)))).)))(((((((.....)))))))..((((((.(((.(((.......))).)))))))))....((((((((((((.((....((.((((((((.(((....)))...(((((....))))).)))))))).))....)))))))))))))))))))))))))(((....))))))).((((.(..(((((((...)))))))..))))).......(((((((((((((((((.(((((..((((...))))..)))).....(((........)))....((((((((.(((...(((((...........))))))))..)))))))).).))))))))))).(((((.................)))))....))))))...)))))).).)))))))))..(((((((((......((((((((.(((...)))......(((((((.((((.(.((((.............(((((....)))))......(((((((((((...((((((.(((..(((((((...))))..)))..))))))))))))).((((((((.((......)).)).)))))).((.......))((((((.(((((((((...((((((.(((...))).))((..(.(((..((((..((((..((((((((....)))).))))..))))))))..))).)..))...(((((((.....))).))))..(((((((((.(..(((..((..((((((.(((....(((((....(((....))).)))))....))).))))))....))..)))))))))))))..((((.((.(((((((.((((((.......((.(((((............)))).).))))))))))))))).)).)))).))))...))))).)))).))))))...))))))).)))).).)))).)))))))))))))))...))))))).)).))))))))))))))))))))....))))((.(......).))
human_weighted_016,-767.5,(((((((........)))......((((((((((((((((((((...............................................((((....))))......(((((((........)))))))(((((((((((((.((((...(((((...)))))...))))....((.(((((..((((((......(((.((((.(((.........))).)))).))).......))))))..))))).)).))))))))))).))......(((((((...........(((((((((((...(((.((....)).)))....)))).....)))..)))).......(((((..........)))))..(((((((.(((..((((((.......((((((.......))))))...(((((((((((((((((((......(((((....)))))))))))))).)))..)))))))((((((((...((((.(((((..............))))).))))...))))))))))))))..))).)))))))((((((....)))))))))))))...(((((.((((((((((((......((....))....(((((((((((((((((((......))))).((((((..((((((((.((....((((((((((..(((......))))))).)))))).....)).))))))))..))))))((((((((.((((.......)))).)))))))).((((....)))).(((((...)))))..((((((((.((((((((((.......)))))))))).)))))))).((((((....)))))).....))))))))))..))))(((((.(((.(((..............))))))))))))))))))....((((((((((........))))...))))))))))))))))((((....((((((.(((.(((...(((((.(((((((((((((.....))))))))..((((((.(((((......(((((((((((......((((..(((.((((((((..(((((((.(((((((((((((....))))).(((((((((...))).))))))(((((((.((((((((.(((....)))))))))))...((((..((((.((((((((..(((((.....(((((((.....)))))))))))))))).)))).).......)))..)))).(((....))).....(((((..((...))..)))))...........(((.(((((.((((((((((((((((....)))))))..(((..((((((..........)))))).)))..)).)))))))))))))))))).))))(((((((((((...))))..))))))).)))))))).))))))).................)))))).))...))))))).....)))))))))))((.((((.((((......(((((.((((..................)))).)))))......)))).)))).))..))))).))))))....((((((.(((.(((((...((((.(((((...))))).((((((......(((((.....))))).((((.((((.((((((..((((((((((((((((((((((((((((..((((((((.....((((...((.(((....))))).))))..)))))))).))))))))))))))).........))))).((((((((((.((...((((...(((((......)))))...)))).)).)))))......))))).)).)))))).....)))))).)))).))))))))))........))))...)))))..))).))))))............))))).)))))...))).)))))))))......))))...))))))))))))))))))))....))))((.(......).))
human_weighted_017,-781.2000122070312,(((((((........)))......((((((((((((((((((((..........................................((((((((((.......(((((((((((((........)))))))...((((((((((.((((...(((((...)))))...))))....((.(((((..((((((......(((.((((.(((.........))).)))).))).......))))))..))))).)).))))))))))((((((.....))))))..))))))..(((..((((((((..((((((.(((((((((............(((.......((((((((.(((((....((.(((..((((((((((.(((..((((((.......((((((.......))))))...(((((((((((((((((((......(((((....)))))))))))))).)))..)))))))((((((((...((((.(((((..............))))).))))...))))))))))))))..))).)))))))))).....))).))))))).))))))).).......)))....((((((((((..(((.....((((((((((((((((((......))))).))))))).............))))))((((((((.(......).))).)))))......................(((..((((((((((.((((.......)))).)))))))))))))((((((((...))).))))).((((((((.((......)).))).))))).....))))))))))))).............((((.(((((((......((((((((.........)))))))).)))))))))))...))))))))).))))))...))))))))...)))..(((.((((...))))))).))))))))))(((((((((....(((.(((((...(((((...(((((((..((.((((((.((......)).))))))..((((((((((...((((((((.(((((((((((.((((..((((....((((((...))))))(((...(((((((...(((((...)))))...))))))))))))))..))))))))).........)))))).))))))))(((((.(((((..((((((((....).))))))).)))))..)))))((((....))))..............(((((..(((((((..((...))..)))))..(((((...((.((((((.(((((...(((((((((((((..((((.........((((((....((....))..))))))...((((((((.((((......................))))..)))))))))))).))))))))).))))...)))))..)))))))).)))))......((((....)))).(((...(((((((((((((.(((.(((.((((...))))...))).))))))))..))))))))...))).............((.....))...))..))))))))))))))).))...))))))).....)))))..((((((.....(((((((...)))))))(((((((((.(((((((((((((((((((........))))))(((.((((((.((((((((...((((((.((.((...((((((((((.....))))))))))...)).)))))))).(((.((((((((.(.(((....))).).))).((((........)))))))))))))))))))).)))...))).)))..))).))))..)))))).)))))))))))))))..........((((...)))).....))))).)))....)))))))))..(((((......)).)))((((....)))).....))))))))))))))))))))....))))((.(......).))
human_weighted_018,-751.0,(((((((........)))......((((((((((((((((((((...............................................((((....))))......(((((((........)))))))((((...))))...((((...(((((...)))))...))))..(((((((((((.((((((......(((.((((.(((.........))).)))).))).......))))))....(((((((((.....))))))))).(((((.((.((((((((.((((((...((((((((((((((..(((.((((.....((((((((((..(((((((.....(((((..........)))))..(((((((.(((..((((((.......((((((.......))))))...(((((((((((((((((((......(((((....)))))))))))))).)))..)))))))((((((((...((((.(((((..............))))).))))...))))))))))))))..))).)))))))((((((....)))))).(((((((........))...((((.(.....).))))..((........)).((((((((((((......))))).)))))))......)))))..((((((((((.(((..........((((((((((..........................((((((((((.((((.......)))).))))))))))(((....)))..)))))))))).....(((((((.........)))))))(((((((.(((((((.(.((((((((((..(...((((((........)))))))..))))))(((((....))))).......)))).).)))))))(((((...))))).....)))))))))).))))))))))...)))))))..))))))))))..))))...)))(((((((..(((((((..((..((((......)))).))...))))))))))))))((.(((((((((((.((....)))))(((((.....((((((((((((.....)))))))(((((((.((((((...............)))))))))))))(((((.(((((((.(((.....)))))).)))).)))))(((((((((((((((.......)))).)))))))))))...)))))))))).....((((((.....((.....))..))))))...)))))))).))......))))))..........((((...)))).)))))))).))))))))))))))......(((((((..(.(((((...(((....)))))))).....(((...((((((((((((....((((...))))....)))).))))).))).)))((((((((.(((....))).).)).)))))..)..)))))))..((((......))))....))...))))).((((((...))))))((((........)))).(((((((..((.......))...)))))))....((((....)))))))))))).)))..(((..(((((((.....(((((((((....((((...(((..((....(((((......(((((.(((((((((((((((...)))))).))))))))).)))))(((((((.((((((.(((......)))..)))).........((.(((..(((.((((.....(((..(((((((((((((.....(((((((((((......)).)))))......))))(((((.......))))).....((((......))))..)))))).....)))))))..)))....)))))))..))).)).))))))))).)))))....)).)))..)))).....)))))))))..)))))))))).))))))))))))))))))))....))))((.(......).))
human_weighted_019,-741.0,(((((((........)))......((((((((((((((((((((...............................................((((....)))).....((((..((((((((((((((((((((((((((((((.((((...(((((...)))))...))))....((.(((((..((((((......(((.((((.(((.........))).)))).))).......))))))..))))).)).))))))))))).))).....(((((((..(((..((((((((((..(((...(((..(((((...........((((((.(((((((((..(((((((.(((((....((.(((..((((((((((.(((..((((((.......((((((.......))))))...(((((((((((((((((((......(((((....)))))))))))))).)))..)))))))((((((((...((((.(((((..............))))).))))...))))))))))))))..))).)))))))))).....))).))))))).)))))))........((((((((.....((((...(((((...((((((((((((((((((......))))).))))))).............)))))).(((..(((((.(((...((((((((((..........................((((((((((.((((.......)))).))))))))))(((....)))..))))))))))..((.((((((((.(((((((((.........))))))))).)))))))).))................(((((..(((.((((((......))))).).)))...)))))...))))))))..)))(((((((....)))))))....))))).))))..)))).))))))))))).)).)))))).))))).)))...)))..))))))).))).)))..)))))))...((((((...(((.((..(((..(((((.......))))).)))....)).)))..))))))((((((((((((((((.((((((((..((((...)))).))))).))).)))..)))))))))(((((((...)))))))))))..))))))))))........((((.(((((.(((.(((((((((.....)))))))))(((....)))(((....(((((((..(((((..............))))).)))))))....)))((((((((.....(((..(((.....))).))).(((((.....((((((((........))))....))))....)))))((.(((((.......))))).)).)))))))).....))).))))).))))...(((((((((....))))).))))(((((((..((((((...((.....)).)))))).....(((((((.((((((((((((.(((((...))))).(((........))).))))).)))..)))).((((...(((((((.......(((..(((....)))..))))))))))..))))..............((((...))))........((((((((...(((..(((((.(((((((((((.((.((((..((((.((((....)))))))).........))).).)).)))..)))))))))))))..))).))))))))(((((..((((((((.(......).))))((.((....))..))(((((((((.(((.(((((((.(((..(((......)))..)))...)))).)))..(((......)))((.((..(.(((.....))))..)).))))).)))))))))...))))..)))))))))))).)))))))....))))))))))((.((((....)))).))..))))))))))))))))))))....))))((.(......).))
human_weighted_020,-742.7999877929688,(((((((........)))......((((((((((((((((((((...............................................((((....))))......(((((((........)))))))...((((((((((.((((...(((((...)))))...))))....((.(((((..((((((......(((.((((.(((.........))).)))).))).......))))))..))))).)).))))))))))((((((((.((.((..((((((((((((.((((((((((...(((.((....)).)))....))))....((((((.(((((..(((((((.....((((.((((((..(((((((.(((..((((((.......((((((.......))))))...(((((((((((((((((((......(((((....)))))))))))))).)))..)))))))((((((((...((((.(((((..............))))).))))...))))))))))))))..))).)))))))((((((....))))))((((((((..(((((.(((((((..((((((((((((...((........)).((((((((((((......))))).))))))).((((((((.((....((((((((((..(((......))))))).)))))).....)).)))))))).(((..((((((((((.((((.......)))).))))))))))))).((..(((((((..(((((....))))).(((((((((((..(((((((((((.(((.(((((.(((((.((((....(((((.....((((((.((...(((.((....)).)))...)).)))))).....))))))))).))))).))....)))...))).))))))))..)))....)))))))))))(((((((((..((........)).))))))))).)))))))..)))))))))))..(((((....))))).)))..)))))))))))).))))))))(((....))).....(.((((.((((((.(((((((.(((((((((......)))))......))))...)))))))...)))))).)))).)..))))))...))))...)))))))....)))))))))))...............(((((((((((((((.(((((...((((......((((((........))))))))))..))))).)).(((((.((.....))))))).....))))))))))..)))....)))))).))))))))))))..))..))..))))))))...(((((((((......(((((((((((((((((....(((.(((...)))..)))..((((((.(((((....)))))))))))))))))))......(((........)))..(((......)))((((((((.....................(.(((.(((((((...........(((((((((((((((.(..((((((((.(((((..........))....(((.((......)).))).............))).)))).....))))..).)))))))))))))))))))))).))).)(((((((((((..((((.(.((((((.......(((((..((((((((((.((.((((((...((((....)))).)))..))).))(((..((((...))))..)))...)))))))))))))))))))))).)))).)))))).))))).....((.(((((................(((.((.....))..)))((.((..(.(((.....))))..)).))..((((...))))...))))).))..))))))))..))))...))))).......)))))))))............))))))))))))))))))))....))))((.(......).))
human_weighted_021,-770.4000244140625,(((((((........)))......((((((((((((((((((((..................................................((((((((.(((((((((((((........)))))))...((((((((((.((((...(((((...)))))...))))....((.(((((..((((((......(((.((((.(((.........))).)))).))).......))))))..))))).)).))))))))))((((((.....))))))..)))))).(((((((((((((...(((.((....)).)))....)))))...........(((.((((((.(((((....((.(((..((((((((((.(((..((((((.......((((((.......))))))...(((((((((((((((((((......(((((....)))))))))))))).)))..)))))))((((((((...((((.(((((..............))))).))))...))))))))))))))..))).)))))))))).....))).))))))).))))))))).......(((((((.((((((((((((((((...((((((((((((((((((......))))).))))))).............))))))......((((.....))))(((((((((..........................((((((((((.((((.......)))).))))))))))(((....)))..)))))))))........)))).))).)))))))))...........)))))))...((((((((((...((.((((.((.(((...(((((..(((((.(((((.....))))).)))))))))).))).))))))))))))))))))..)))))))).)))))))).((.((((.((((..((.(((..((...))..)))(((....))).((((((.((((((.(((((((((((((.(((...)))((((.((((.(((..(((....)))...))))))).)))).)))))))).))))).......((((.(((((((.(((((((...((((((((......))))))))...)))))....(((((((((((((..(((((((((((((((((((((((((((((((((...(..(((((((((((((((......(((((((.((...((....((.(((....))).))....)))).))))))).....))))).)))((((((((((..((((((...))))))..)))).))))))((....))(((..(((.......))).))).)))))))(((......))).)...)))))))))).((((((......(((((...)))))......((((....))))((..((((((...((.(((........))).))...))))))..))(((.((......)).)))...))))))....((.(((((((........)).))))).))(((((....)))))..((((((.....((.....))..)))))))))))).....))))))))..............((((...))))))).)))))).....(((((((((.((((((....(((((((((((((...((((((.(.(((((((((((((....(((.((((((((((.((.(((((.......))))).)))))))))))).)))....)))...))))).)))))))))))).))))))))))))).))))))..((((((((((.....))))).............))))).((((.........))))...))))))))).)))))))..)))))).((((...)))))).))))))))))))))))).))))))))..)))).)))).))((.((((....)))).))..))))))))))))))))))))....))))((.(......).))
human_weighted_022,-746.7999877929688,(((((((........)))......((((((((((((((((((((...............................................((((....)))).....((((.(((((.((((((..(((((((((((((((((.((((...(((((...)))))...))))....((.(((((..((((((......(((.((((.(((.........))).)))).))).......))))))..))))).)).))))))))))((((((.....))))))(((((((((((((((((.(((...((((((..(((((((((((.(((((....((((((((((((((.((((((.(((...((.(((..((((((((((.(((..((((((.......((((((.......))))))...(((((((((((((((((((......(((((....)))))))))))))).)))..)))))))((((((((...((((.(((((..............))))).))))...))))))))))))))..))).)))))))))).....))).))...))).))))))...(((((((((((((((..(((..(((((((((((((((((((((((((((((......))))).))))))).............)))))).((((((((.((..(((.((((((((((..........................((((((((((.((((.......)))).))))))))))(((....)))..))))))))))..)))..))..........((((((..((.(((.(.((((.............)))).).))).))..)))))).))))))))(((((((((((((.((((((((.((....)).))......)))))).))))..))))..)))))....)))).)))))))...))).))))....))))...)))))))....)))))..)))))))))..((..((((.....))))..)))))))....)))))))))))..))))))))..(((((((.(((....))))).)))))..(((....)))..((((.....))))(((((.((....)).)))))....).))))))).))))))))))...(((........)))..))))))).)))).)))))))..))))........((((((.....(((..(..((((((.(((....)))))))))..).))).((((((((((....(((.((......)).)))..((((..(((...((((...))))...)))...))))..((((.((((..((.((..(((....)))..))))..(..((((((.....((((((((.......(((...((((....((((...))))....)))).)))...(((((((((((((((.((((((...(((..(((((((......)))....(((((...........)))))..........((((((((...)))).))))((((((...))))))(((((((((...((((...((((((((.(((.((((((.(((.((......)).)))....(((((.....((((..((..((((((.(.(.((((((((...(((..(((.(((.....((.(((((((.((((..(((((((.((..((((...))))))))))))))))))))))))))))).))).)))....)))))))).).))))))).))..))))......)))))..))))))..)))((.(((((((......)).)))))...)))))))))).........))))((((.((.....))..))))....)))))))))))))..)).)...))))))....))))).)))))).)))))))))))).))))))..))))).)))).))))))))))......))))))))))))))))))))))))))....))))((.(......).))
human_weighted_023,-746.7000122070312,(((((((........)))......((((((((((((((((((((...............................................((((....))))......(((((((........))))))).((((((((((...((((...(((((...)))))...)))).(((((.........(((((......(((.((((.(((.........))).)))).))).......))))))))))(((((((((.....))))))))).((((.(((((..(((..(((((((((((((((...(((.((....)).)))...(((........)))...(((.((((((.(((((....((.(((..((((((((((.(((..((((((.......((((((.......))))))...(((((((((((((((((((......(((((....)))))))))))))).)))..)))))))((((((((...((((.(((((..............))))).))))...))))))))))))))..))).)))))))))).....))).))))))).))))))))).(((((..(((...(((((((((((..((........)).((((((((((((......))))).)))))))......(((((((.((((.(((((.((..((..((...(((((((((..........................((((((((((.((((.......)))).))))))))))(((....)))..)))))))))...))..)).))))))).))).).)))))))........)))))))))))....))).....)))))....)).)))))))....))))))..)))...))))).))))....))))))))))((((....))))(((((((((((((((.(((....(((..(((((((((((..(((((((((((((.((((((((((.(......).)))))...))))).)))))).)).))))).((((.((((((((..((((....)))).)))..)))))))))....((((((.(.(((((....)))...)).).))))))((......))(((......)))...((((((((((((((.((.(((((...(((((((.((((......)))))))))))((((((.................))))))..(((.(((((((..((((((............(((((((((((...(((((((((((.(((((.(......).)))))....(((....))).(((((........)))))((((((((((((....(((((((..(........)..)))))))..((((....((((...((((((.........))))))............(((((((.((...((.((((..((((((....)))))).)))).))...))..(((((.(((((...........))))).))))).)))))))..)))).....))))))))))))))))))))))))))).....)))))).....(((...((((((.((.(((((((((((((((.(((.(((.(((.....(((((.(((.(((...((.((....)).))))))))...))))).....))))))))).))))))).)..))).)))))).))))))...))))))))(((((((....((((((....)))))).......)))))))..(.((((((((.................)).)))))).)......))))))..)))))))))).(((((.((((((.......((.(((((.((.....))..)))).).))))))))))))).))))).))..))))))))))))))..)))))))...................))))..)))...))).)))))))))..)))))).))))))))))))))))))))....))))((.(......).))
human_weighted_024,-765.2000122070312,(((((((........)))......((((((((((((((((((((...............................................((((....))))......(((((((........))))))).......((((((((....(((((.(((((.((..(((((((.((((((((((..((((((......(((.((((.(((.........))).)))).))).......))))))..))))).........(((.(((((((.....))))))).))).((((((((.((((......((((((.((((((.(((...((((....((((((((.(((((...(((((..........)))))(((((((((.(((..((((((.......((((((.......))))))...(((((((((((((((((((......(((((....)))))))))))))).)))..)))))))((((((((...((((.(((((..............))))).))))...))))))))))))))..))).))))))))).....(((((.(.(.(..(((((((((((.(((((((.(((.((((((((((((((((...((((((((((((((((((......))))).))))))).............))))))((((((((.(......).))).)))))...........................((((((((((.((((.......)))).))))))))))(((....)))..(((((...)))))....)))).))).)))))))))...(((((((((((((.(((((.....(.((((((((...(((((((((........(((....)))(((((....))))))))))))))...)))))..)))).....))))).)))))))..)))))).......))).)))))))))))))))))).).)).))))).)))))...))))))))..(((((((.......))))))))))).....)))..))))))(((((((.......)))).))).(((.(((((((.((.(((((((((((((((((((..((((((((.....(((...(((((((...((.((((((((.(((((((((((((((.((......)).)))).)))))))).))).(((..(.....((((((((((((.(((........)))..))))...))))))))...)..))).)))..))))).))...))))))))))(((((((((((((((((((.((((.......)))).))))).)))))).))).....)))))....((((((..((.((.....))))))))))))))))))...)))))))).....((((((...))))))....)))))...(((((.....))))).)))))).)))))...)))).))))))))).....))))..)))).))))((((((....((((((..((((((.((((...))))...)))))).))))))))))))(((((((((.....((((....((((....).)))...)))).....)))))))..))))))).))))))).)))))))..)))))))))))))....((((((.((((((.((((((((((.....(((((((...((((.((((..((((((((((.((((......)))).)))))).......)))).))))..)))))))))))...((((((..(((.......)))..))))))))))))))))...((((((.((.(((....((.((((((.((((((((.(.....((.(.((........)).).))...).)))))))))))))).))))).)))))))).(((((......)))))))))))))))))(((....(((((......)).)))....)))..........))))))))))))))))))))....))))((.(......).))
human_weighted_025,-738.0999755859375,(((((((........)))......((((((((((((((((((((...............................................((((....))))......(((((((........)))))))..((((((((((((((((...(((((...)))))...))))((((((((((((..((((((......(((.((((.(((.........))).)))).))).......))))))..))(((((((((.....))))))))).........((((...((((((((((((..((((..((((((((((.(((((.....(((((..((((((((((((((((((.(((((....((.(((..((((((((((.(((..((((((.......((((((.......))))))...(((((((((((((((((((......(((((....)))))))))))))).)))..)))))))((((((((...((((.(((((..............))))).))))...))))))))))))))..))).)))))))))).....))).))))))).))))))).....((.((((((((...((((((((((((((...((((((((((((((((((......))))).))))))).............))))))((((((((.(......).))).)))))(((((.................(((..((((((((((.((((.......)))).)))))))))))))..((((((...))).)))...))))).))))))).)))))))...(((((...)))))(((((((..((((((........))))))..))))).)).(((((....(((((((..((.((((.(((.....((((((.(((.((((((.(((((.(((..(((..((((.(..(((.(((....))).)))....).))))..))).))).))))).(((((.(.((((((((((((.(((..(((..((((......))))..))).))).)))).)).))))))).)))))((....))...)))))).)))(((....))).)))))).....))).))))))..))))))).))))).)))).)))).))..(((((((....)))).)))))))))))))).....)))))..(((.....))).......(((.....)))))))).)))(((.......((((((((.(((.((((((((..((..(((..(((((......(((...((((((.........))))))))).........))))))))))..))))))))..))))))))))).......)))..(((((((..(((.((((.(((((.(((...(..(((((........)))))..).)))...))))).)))).)))..)))).)))..............)))))))............(((((((((..(((...((((((.........)))))))))..).)))))).)).))))..))))))))))))..)))).((((..........)))).))))))))))(((((((......((.(((.........))).))((((........)))).....(((((..((((((.((.(((.(((((..(.((((.((((.((((..((((((.(((((((..((((.((((((((((((.((.(....((((..(((.......)))..))))).)).))))))))).(((.(((((...((((((.(..((((...))))..).)).))))....)))))))))))))))))))))).)....((((.........))))..))))).....)))))))).)))).).)))))..))))).)))))).))))).))))))).....)))))))).......)))).((((....)))).....))))))))))))))))))))....))))((.(......).))
human_weighted_026,-730.0999755859375,(((((((........)))......((((((((((((((((((((...............................................((((....))))......(((((((........)))))))((((...))))...((((...(((((...)))))...))))(((((..(((((..((((((......(((.((((.(((.........))).)))).))).......))))))..)))))((((((.....))))))........((((((((((((((((((((.((..(((..(((((((((((((((((.......((((((((....(((((..((((((((..........)))))(((((((((.(((..((((((.......((((((.......))))))...(((((((((((((((((((......(((((....)))))))))))))).)))..)))))))((((((((...((((.(((((..............))))).))))...))))))))))))))..))).)))))))))((((....)))).(((((((..((((((..(....((((.(.....).)))).........((((((((((((((((((......))))).))))))).............)))))).(((((((.....((((.((((((((((..........................((((((((((.((((.......)))).))))))))))(((....)))..))))))))))..))))(((((......)))))(((((((((((((((((..((....))..)))...............((((((((....((((((......))))))..))))))))......))))))).))))))))))))))...)..)))))).)))))))....)))....)))))....))))))))....(((((.....))))))))))))).....)))))))))......)))..))..))).))))))))))))).)))).))))).....(((((((..(((..(((((((((((((((((((((...)))))).))))(((..((((...((((((((((((....((.((((....)))).))...))))).)))))))))))))))))))))))))..))).....(((((((((((((((..(((.((..((((((((....))))))))...)).)))..))).......))))))))))))....((((...(((((((.....(((((((.....(((((.(((...........))).)))))..))))).)).)))))))...))))(((((.(((((..((...))..))))).)))))......((((((((((....((((...(((.(((.(((((.((.((.(((....))).))...((((....).))).....((((((.(((((((((((((.(((.((.....(((((((...)))).)))))))).))..)))))))...((((...((((((....((.....)).))))))...((((..((((((......((((((.((((..(((((....(((((((..((........))..)))))))))))))))).)).))))((((((((.....)))).))))...(((((..(((((((((((((((..(((....)))..)))).......((((..(......)..))))..........)))))))))))...)))))((((.(.(((..(((....)))..))).)))))))))))..)))).....)))).((.....)).....((.((..(.(((.....))))..)).))..((((...)))))))).)))))).)).)))))...))).)))..)))).....)))))))))).....)))))))))))))))))))))))))))....))))((.(......).))
human_weighted_027,-747.5999755859375,(((((((........)))......((((((((((((((((((((...............................................((((....))))......(((((((........)))))))(((((((((((((.((((...(((((...)))))...))))....((.(((((..((((((......(((.((((.(((.........))).)))).))).......))))))..))))).)).))))))))))).))........((((((.(((..(((.(((...(((((...(((.((....)).)))....)))))...)))..(((((((((((.(((((..........)))))(((((((((.(((..((((((.......((((((.......))))))...(((((((((((((((((((......(((((....)))))))))))))).)))..)))))))((((((((...((((.(((((..............))))).))))...))))))))))))))..))).)))))))))((((....)))).(((((..(((((((((((((((.(((.((.(.((((.....((........)).((((((((((((......))))).))))))))))).).))..(((((((..(.((.(((....((((.((((((((((..........................((((((((((.((((.......)))).))))))))))(((....)))..))))))))))..))))(((((((((((((((((.((((((....((.(((((.(((((..((((((((((((((.....(((((((.(..(((((((.......))))))).).)))))))...(((((.(((...((((.....))))(((((((((.(((((...(((((((((((..((((((.(((((...(((((..(((((...(((((((((((((.(((((.((((((((.((((((((.(((((....((((((((((...)))))))))).....((.(((.((((((((..((((((((((((((.(((((((.(((.((........)).))))).....))))).))))))))).).)))).)).))))))))).))))))))))).))))))))).))).)))))..............(((((.((((((((.((((((.((.......(((((.........))))))))))))).))....)))))))))))...((((((((.((((.......)))).))))).)))))))))))))))).)))))...)))))......))))).))))))...((....)).)))))))))))....)))))....)).)))))))...))).)))))...))))))))))).)))(((((...(.((((...........)))).)....)))))))))).))))).))))))))..)))))..))))))))).)))((..(((((....)))))..))(((((......)))))....)))))..)..))))))).))).)))))).....)))).))))))))))..((.((((((........))))))))..)))..)))))))).....((((......)))).))).))).)))))).((((.((((......(((((((.(((....))).((.((((....)))).)).....(((((((.(((((((......)))..(((((..((....))..))))).((((((.(((.((((..((....((((.(((.(((........((.((.((((.........)))).))))))).)))))))))..)))).))).))))))((((......)))))))).)))))))....)))))))..)))).))))((.((((....)))).))..))))))))))))))))))))....))))((.(......).))
human_weighted_028,-740.0,(((((((........)))......((((((((((((((((((((..........................................(((((.(((((((((..(((((((((((((........))))))((((((((((((((.((((...(((((...)))))...))))....((.(((((..((((((......(((.((((.(((.........))).)))).))).......))))))..))))).)).))))))))))).))).(((((((((((...........(((((((((((...(((.((....)).)))....)))).....)))..)))).(((((((.(((((....((.(((..((((((((((.(((..((((((.......((((((.......))))))...(((((((((((((((((((......(((((....)))))))))))))).)))..)))))))((((((((...((((.(((((..............))))).))))...))))))))))))))..))).)))))))))).....))).))))))).))))))).((((((((.((((.(.....).))))..(((....((((((((((((((((((......))))).))))))).............))))))..))).((((.....))))(((((((((..........................((((((((((.((((.......)))).))))))))))(((....)))..)))))))))......)))))))).))))).)))))))))).)))..)))..)))))).))))).((((..((.......((((((.(((..(((.((....)).)))...))))))))).......))))))....((((.....)))).....((((.(((...((((..(((((..((((((.(((((....(((((((((.(((((((.(((((((((((......)))))(((((((.((((.((((((((((.(((((.(((((((..........(((.(((((((.((.(((((((((..((((.((((((((.(((((...((((..(((((.(........).)))))..))))..(((((((((.(......).))))))))).(((.((((((.......)))))).))).....((((....((.((((((((..((((.....(((.....((((((.......))))))))).....))))...)))))))).))....))))......(((((((...)))).)))((((...(((((((..((..(((((..((((((....(((((.............))))))))))).(((........))).....)))))..))))))))).))))......(((.((..(((((((((((....))))))..((((((((..((((..((((.((((((.(((.((.(((((.((.((((.....(((.((.((..(((((.((((((((.((..(((.((((.....))))))))).)))).))))((((.....(((((..((...))..)))))..))))........((((((........)))))).....)))))....)).)).)))...)))).)).))))).)).))).))))))))))..))))..)))..))))).)))))..)).)))..))))).))).....)))))))))....(.((((((((.......))))...)))).)......))))))))))).)).)))))))).))))))).))))).))))))......))))..)))).)))))))...)))))).))))....)))))).))))))((((...))))......))))))))))))))))..))))....)))...)))).((.((((....)))).))..))))))))))))))))))))....))))((.(......).))
human_weighted_029,-750.9000244140625,(((((((........)))......((((((((((((((((((((...............................................((((....))))......(((((((........)))))))((((...))))...((((...(((((...)))))...))))....((((((((((((((((......(((.((((.(((.........))).)))).))).......))))(((((((((((((((.....))))))))............)))))))...((((((((((((...(((.((....)).)))....)))))...((((((((.((((....(((((..........)))))..(((((((.(((..((((((.......((((((.......))))))...(((((((((((((((((((......(((((....)))))))))))))).)))..)))))))((((((((...((((.(((((..............))))).))))...))))))))))))))..))).)))))))((((((....))))))..((((((..(((((.(((((..((((((((((((((..........((((((((((((((((((......))))).))))))).............))))))..(((.(((....((((.((((((((((..........................((((((((((.((((.......)))).))))))))))(((....)))..))))))))))..))))..))))))..)))))))(.(((((((.((((((((((((...(((((((((((((((((..((((((((.((((((....))))))((((....))))).))))))).))).)))...)).)))))))))))))))))))))))))))).)(((....((((((.((((...(((((.(((..(((((.((..((((((......(((((..(((..(((((.(((((.........)))))))))))))..))))))))))))).))))).)))..)))))...)).)).)))))))))))))))))))).)..)))))..))))))......)))).))))))))..)))))))((((((..(((((((((((..((((((((((((.....)))))))...)))))))))(((.((((((...(((((((...))))))).)))))).))).....)))))))...))))))))))))))))))(((((................(((.((((((.(((((....(((((....)))))))))))).)))).))).(((((((....((((((..((........)).)))).))....)))))))....((((((((((....((((...(((.(((((((((.((..(((((....)))....((((..(((((...((....(((.......)))...)).....)))))...))))...((((((.(((....(((((((.(((((((..((.((..(((((.....(((((((.(....((((..(((((..((...))..)))))....))))(((.(((..((((.((((((((..((((((........))))))...))))))))))))..))).))).(((.....)))).)))))))....)))))....)).))..))).)).)).)))))))...)))))))))(((..(((((((((.....((.(((.((((((((((..(((((((..((((..((....)).))))..)))))))..(((((.((((.....((....))....)))).)))))))))))(((.....)))..))))))).)).....)))))))))))).)).)).)))))))..)).)))..)))).....)))).)))))).....))))).))))))))))))))))))))....))))((.(......).))
human_weighted_030,-743.5,(((((((........)))......((((((((((((((((((((...............................................((((....))))......(((((((........)))))))..((((((((((((((((...(((((...)))))...))))....((((((((((((......((((((..((((((..((.(((..(((((((.(((((.(((((((..((..((((((((((((.....)))))))))......((((((((((...(((((((.((((((...(((.((....)).)))....)))))(((((((...(((((.....(((((..........)))))..(((((((.(((..((((((.......((((((.......))))))...(((((((((((((((((((......(((((....)))))))))))))).)))..)))))))((((((((...((((.(((((..............))))).))))...))))))))))))))..))).)))))))((((((....))))))(.((((((..(((((.((.((((.(((((...(((((..((((..(((..(((((((...(((((......)))))....(((((.....(((.((((((((((((((((..(((......))))))).))))))...((((((.............((((((((((.((((.......)))).))))))))))((((((((((.((..((((.((((..(((...........(((((((((((((.(((.((.((.........)).))))).)))))))...)))))).......((((((.((((.......)))).))))))..((((((.....))))))((((((((.....)))))))))))....)))).))))..))))).))))))))))))).))))))))))))))))))))))))))))..)))))..(((((.....)))))...))))).)))).))))))).)))))).)((((((((..((....))..)))).......))))...)))))....)))))))((((((........)))))).).))))).))..))))))).))).)))))..))))))).))))).(((.((((....)))).)))......))))))).))).))...))))))...(((((....(((....))).....))))).))))))..))))))))))))((((.....(((.(((..((((((...((((((..(((((..((((((.......(((((((...((.(((....))).)).))))).)).(((((.......))))).)))))))).)))..))))))...))))))..))))))....)))).((((((((.((.(((....(((((.......((((.(((....))).)))))))))((.((.(((((((.((((....((((...))))....))))..))))))).))))((((((((((((((((((..(........)..))))))......((((..(((((.((((((((....(((((.....(((.(.(((.((.(((....))))).))).)..)))..))))).....)))))))).)))))..))))(((((((((((..((((..((((((((((((.......((((.((..(((...((((.........))))...)))..)))))))))))))).))))..))))..)))((((((((.(((((((((...(((........))).....))))).)))).(((........)))....))))))))))))))))..((.....))..))))))))))))....))).))...)))))))))))))))).......)))).((((....)))).....))))))))))))))))))))....))))((.(......).))
human_weighted_031,-746.7000122070312,(((((((........)))......((((((((((((((((((((...............................................((((....))))......(((((((........)))))))...((((((((((.((((...(((((...)))))...))))....((.(((((..((((((......(((.((((.(((.........))).)))).))).......))))))..))))).)).))))))))))((((((.....))))))....((((((((((...(((((...(((.((....)).)))....)))))...))....((((((((((((((((((.(((((.((((....(((((((.(((..((((((.......((((((.......))))))...(((((((((((((((((((......(((((....)))))))))))))).)))..)))))))((((((((...((((.(((((..............))))).))))...))))))))))))))..))).)))))))((((((....))))))(((((((((((((((.(((((((((.(.....).))))............))))....).))))).)))))(((((.((((((..((((((((.((....((((((((((..(((......))))))).)))))).....)).))))))))..)))))).))))))))))((((((((((((.((((((.(((((((.....(((...)))..)))))))..)))))).))))))))))))..(((((.(((((((.((......)).))))).)).))))).....)))).)))))..)))))))).((.((((((.((((((.((...((((.(.(((((....)))).).).))))...)).))))))))))))))))).))))))).((((.(((((..(((....)))...))))).)))).))))))))(((.((((((.((((((((.(((((((((...((((((((((.(((((((..(((.(((((....)))))....))).(((((((...)))))))(((((.((((((.((((((((((.(((......))).)).)))))))).)))))).)))))))))))).)(((((..((.((.(((((((((..(...........)..))))))))).)).)).....((.(((.......(((....))).......))))).)))))((((((.((.((((......(((((((.(((.((.(((.(((((.(((.((.((((((.((((((...((((.(((((((..(........)..)))))))..)))).....))))))))..)))).))....)))))))).(.((((...((((......)))))))).)(((((((...(((....))).((.....)).))))))).(((.((......)).)))...))))).))).))))))).....))))...)).))))))((((..(((((((((((...)))))............((((....))))((((((....((.(((.(.((((((...((((((.(((.(((((....(((....)))....)))))(((.(((((((...((((((.((((((((((((((((.((.((..(((.((((..((.......))..)))).)))((((..(((((...)))))..)))).)).)).))).)))))))))))))..(((.....(((((((((((...(((....))))))))..)))))).....)))))))))...)))))))))).)))...)))))).))))))...).)))))...))))))((((...))))..)))))).)))))))))))))..))))))...)))...)).)))))).)))))).)))....))))))))))))))))))))....))))((.(......).))
human_weighted_032,-774.4000244140625,(((((((........)))......((((((((((((((((((((...............................................((((....))))......(((((((........)))))))(((((((((((((.((((...(((((...)))))...))))....((.(((((..((((((......(((.((((.(((.........))).)))).))).......))))))..))))).)).))))))))))).)).....(((.(((((((((.....(((((.((((((.(((........(((.(((.....((((((((((...((((((.(((..(((((..(((.((((((..(((((((((.(((..((((((.......((((((.......))))))...(((((((((((((((((((......(((((....)))))))))))))).)))..)))))))((((((((...((((.(((((..............))))).))))...))))))))))))))..))).)))))))))((((....))))(((((((((((((((((.(((((((((.(.....).))))............))))....).))))).)))))(((((.((((((..((((((((.((....((((((((((..(((......))))))).)))))).....)).))))))))..)))))).))))))))))))((((((((((..(((((.(((((((.....(((...)))..)))))))..)))))..))))))))))(((((........))))).......(((((.((......)).))))).)))))).))))))))..)))...((((((((......)))))).))...(((..(((((.(((((((((......)).))))).)).)))))..)))))))))...))))))))))..))))))))).))))))..)))))))))))))))))((((.(((.((...(((((....))))))))))))))..(((((((.((((((((....((((((....(((((....)))))(((.((((((((.((((((.((((.(..(((((...........)))))..))))))))))).)))).(((((((.(((..((.(((((........))))))).)))..))))..)))..((((((.(((((((....(((........(((..((((((((.(((...(((.(((((...........))))).)))(((..((((((...(((((......(..((((((((((((....)))))...((((((....(((.............)))....)))))).....)))))))..).....)))))...))))))..)))..(((((((..(((..((((...((((..(((....)))...))))....))))..))).))))))).(((((.((.((((((((.....(((..((((........(.(((((.(((((((...(((((((...................)))))))))))))).)))))))))).)))..))))))))..........((((((((((.(((.(((((((........)))))).).))).)))..))))))))).))))).)))))))))))..))).....((.((....((((((((((...(((((((((.....((.(((((((((...(((.((....)).)))..)))))).)))))..)))))))))(((((((....((((((((..((((....))))......)))))))).((((.........)))).....))))))))))))))))))).))..((((...)))).)))....))))))).)))))).)))).)))..)))))))))))))).........)))))))))))))))))))))))))))....))))((.(......).))
human_weighted_033,-769.9000244140625,(((((((........)))......((((((((((((((((((((...............................................((((....))))...((.....))((.((((.(((((((((((((((((((((.((((...(((((...)))))...))))....((.(((((..((((((......(((.((((.(((.........))).)))).))).......))))))..))))).)).))))))))))).)))..((.((.(((((((.....((((((((((((.(((.(((((..(((.(((((..((((((.....((((.(((..(((((((((((..........)))))..(((((((.(((..((((((.......((((((.......))))))...(((((((((((((((((((......(((((....)))))))))))))).)))..)))))))((((((((...((((.(((((..............))))).))))...))))))))))))))..))).)))))))((((((....))))))..((......))((..(((((.(((((((((((.(((.........(((((.(((((((((((((......))))).))))))).(((((.((((....((.((((.((((..(.......((((((((((..........................((((((((((.((((.......)))).))))))))))(((....)))..)))))))))).......)..)))).)))).)))))))))))..).)))))(((.(((((((.(((((.((((..(((....(((((.((....)).)))))..))).)))).)))))))))))).)))..((((((....)))))))))))))))))).))(((((.......)))))))))).)).))))))..))).))))....))))))..)).))).)))..)))))))))))))..((((((((((((((..(((.((((((....)))..))).))))))))))).....)))))).(((....)))..))))))))))))))..))))....(((......)))((((((.((.((.(((....))).)).))))))))..))))))).))))))(((((((.(((((.(((.......((.((.(((((.((((((((((...)))))))...((((((...(........)...)))))).(.(((..((...))..))).).(((((.....(((.((((..........)))))))...)))))((((((((((.......(((((.(((((..((((((((((...((((.((((..(((..(.(((((..((((((((((.((.((((...(((((....))))))))))).)))(((((.((........)))))))...((((.....(((.((......)).))).....))))..)))))))))))).)..)))..)))))))).)))))))))(((((....((((((....((.....)).))))))(((((.......)))))..(((((.(((((.(((.((((.((((((((((...(((....)))..((.((((((.((((((((.(((.(((((((((...))).))).))).))).)))))).)).))))))..))(((.(......)))).((((.....)))).(((((((..(((((((((..((....))..)))))))))..))))))).(((((((....).))))))...))))))))))))))))).)))))..(((.((.....))..)))..)))))))))).)..))))).)).))).......))))))))))))).))))).))))........)))))))))))))))..((.((((....)))).))..))))))))))))))))))))....))))((.(......).))
human_weighted_034,-739.7000122070312,(((((((........)))......((((((((((((((((((((...............................................((((....))))......(((((((........)))))))..(((((((((((.((((...(((((...)))))...))))....((.(((((..((((((......(((.((((.(((.........))).)))).))).......))))))..))))).)).)))))))))))(((((((((.((((.....(((((((((((.((.((......((((..((((((.((............(((((.(((((((....(((((..........)))))(((((((((.(((..((((((.......((((((.......))))))...(((((((((((((((((((......(((((....)))))))))))))).)))..)))))))((((((((...((((.(((((..............))))).))))...))))))))))))))..))).)))))))))((((.((((((.((((........(((.(((((((((((((((((((.((((.........((((((((((((((((((......))))).))))))).((((((((.((....((((((((((..(((......))))))).)))))).....)).)))))))).(((..((((((((((.((((.......)))).)))))))))))))((((((((...))).)))))....((((((((.((((((((.((....))..)))))))).))))))))..(((((((((..(((.(((((((((.(...(((.(......).))).....).))))))))))))....))))...))))).((((((((.((.(((((...(((.(((..(((((...((((((((((((...((((....)))).)).)))))))))).))))).))).)))))))).)).))))))))....((((((....))))))))))))...)))).))))))((((.((....))...)))))))).))))))))).)))....)))).)))))))))).))))))).))))).)).)))))).))))....)).)))))).(((((((((((.((((..(((.((((........))))..))))))).)..(((((.((((..((.(((....))).))...))))...).))))..((....))..)))))).))))(((.........)))))))))).........)))))))))))))((((((((........))))....))))((((((((((.....((((((((((.((((..(((.(((((((...))))).............)))))..)))).((((((((....(((..((((((.((((.(((.....((((....))))(((.....)))..((.(((.........))).))(((.....)))..))).)))).))))))(((((((((.........(((((.((...((.((((....(((((...........))))).....(((((((((((.(.(((.(((...(((((((...)))).)))))).))).).))))))))))).)))).)).)).)))))((((.((((....)))).))))...(((((....)))))....((((....)))).((((((((((((((.(..(((...(((((((((((((...(.(((...((..(..((((...(((((....(((......)))...)).)))..))))..)..))...))).)...)))))..).)))).))))))..).))))))))))).)))).)))))))).)))))))))))..)))))...)))))......))))))))))............))))))))))))))))))))....))))((.(......).))
human_weighted_035,-751.5999755859375,(((((((........)))......((((((((((((((((((((..................................................((((((((..((((((((((((........))))))((((((((((((((.((((...(((((...)))))...))))....((.(((((..((((((......(((.((((.(((.........))).)))).))).......))))))..))))).)).))))))))))).))).(((......))).((((((((((((((((((((...(((.((....)).)))....)))))((((.(...(((((..(((((((((((...(((((..((((((((((((.(((..((((((.......((((((.......))))))...(((((((((((((((((((......(((((....)))))))))))))).)))..)))))))((((((((...((((.(((((..............))))).))))...))))))))))))))..))).)))))))((((((....)))))))))))))))).......((((.((.(((((....((....))....(((((..((((((((((((......))))).))))))).((((((((.((....((((((((((..(((......))))))).)))))).....)).))))))))......((((((((((.((((.......)))).))))))))))(((....)))..(((((...)))))...)))))(((((((((((((.((((((((.(.(((((.........))))))))).))))))))))).)))))))))))).)).))))..))))).))))))))).))...).)))))))))))))).)))))))))))......))))))))((((.((((.(((((((...(((....(((((((((.(..(((.((.((....((((((((((((((((((.(.((((....))))...((((((((((((.((..((((((...)))).))..))..))))))))))))......).)))).))))))..(((((..(((.((((......)))))))...)))))(((..((((((((((((.(((((((.(((..(((((((..(((((.....))))).....)))))))...(((((((...(((((...))))).......(((.((.(((((((.......(((((((.(((.....((((...(((((..((((....((((...))))....))))...)))))))))))).)))))))..(((((((.......(((..(((....)))..))))))))))....((.((.((((((((.((((.(((((.((((...((((((((....))))))))..(((((...(.((((...........)))).)....)))))..)))))))))))).....).)))))))))).))(((.....)))..((.((((((((((((((((((..........(((.((((((((.((.(((..((.(((.((......)).)))(((((..((((((.((((...))))...)))))).)))))..(((((.((.(......).)).)))))))..))).)))))))))).)))(((((.....)))))(((((((..((((.((((((((............))))..)))).))))..)))))))....))))...))))))))..)))))).))....))))))).)).))))))))))((((....))))...........................))).))))))).......))))))))))))...)))....))))))))..)))).)))..).)))))))))....))).))))))).)))).........))))...))))))))))))))))))))....))))((.(......).))
human_weighted_036,-753.0999755859375,(((((((........)))......((((((((((((((((((((...............................................((((....))))......(((((((........)))))))((((...))))...((((...(((((...)))))...)))).((.((((((((((((((((......(((.((((.(((.........))).)))).))).......))))).....(((((((((.....))))))))).((.((((.((((((.......(((...(((((...(((.((....)).)))....)))))...)))...(((((((....(((((..........)))))..(((((((.(((..((((((.......((((((.......))))))...(((((((((((((((((((......(((((....)))))))))))))).)))..)))))))((((((((...((((.(((((..............))))).))))...))))))))))))))..))).)))))))((((((((.(((((((((((((((((.((.(((((((.((.((((((.(.(((.........(((((((((((...(((((........((((((((((....((((((.(((....(((((...((((.....)))).)))))..))).))))))..))))))))))(((..((((((((((.((((.......)))).)))))))))))))..((((((...))).)))..(((.((((((.((.((((((.((((((((((((((((((((..(((((....((((((((.((((...((((((.((..(((((.......)))))...)).))))))....))))(((((((((..((((.((....)).))))))))).)))).)))))))).)))))))))))..)).))))))))).......((((...)))).))).)))))).)).))))))...))).)))))...)))))))))))))).).)))))).))((((((((((((.(.((((((.((((((.(((.(((((....))))).))).....((((((((.....((((((.(((((((...)))))))))))))....)))))))).)).)))).)))))).).)))))))...))))).((.((((.((....((((((((.((.....((((...)))).....)).)))..))))))).)))).))))))))).)))))))).....)))).))).)).))...))))))))(((((...))))).))))))))).)))).)))).)).........(((....))).))))))))))).))...((((((.(((....((((...))))....)).).)))))).(((((((..(((.((((..........((((..(((.(((((((....(((((...(((((.(......).))))).)))))......)))..)))).)))..))))((((..(((.((((....((((((.....(......)...)))))).((.((((((..(((((...((((..(((.........((((((...(..(((((....)))))..)((((((((((((((((((((((((......))))))))))))).((((((((((((..((((.....))))(((....)))((((.(((((.(...((.((((..((((((((((((.......)).)))))..((((((((.......))))))))...).))))..)))).)).).))))).))))...)))))))))))).........))))))...))))).)))))).)))..).)))...))))))))))).)).)))))))..))))..)))).)))..)))))))..((.((((....)))).))..))))))))))))))))))))....))))((.(......).))
human_weighted_037,-744.0,(((((((........)))......((((((((((((((((((((...............................................((((....))))......(((((((........)))))))((((...))))...((((...(((((...)))))...))))....((((((((((((((((......(((.((((.(((.........))).)))).))).......))))))....(((((((((.....)))))))))(((......)))((((((((..(((((((((((...(((.((....)).)))....)))).....)))..)))).......(((((..........)))))(((((((((.(((..((((((.......((((((.......))))))...(((((((((((((((((((......(((((....)))))))))))))).)))..)))))))((((((((...((((.(((((..............))))).))))...))))))))))))))..))).)))))))))((((....)))).(((.((((((((((...............((((((((((((((((...((((((((((((((((((......))))).))))))).............))))))((((((((.(......).))).)))))(((((.................(((..((((((((((.((((.......)))).)))))))))))))((((((((...))).))))).))))))))).))).)))))))))...(((.(((.(.(((((((((((((((...)))))......(((.(((.((....))))).)))..((((((.(.((((.(((....((.(.(.(((.(((((((...))))))).))).).).))....))))))).).))))))((((.(.(((((((...(((((((((((((((((.(((((.(.((((((((....(.((((..(((.(((...((((.((((((((((......))))).........)))))))))..))))))..)))).)...)))))))).).))).))...))))))))))....((((((((.....))))))))(((((..((...(((.........)))...))..))))))))))))....))))))).).)))).))))).))))).).))).)))............)))))))))).)))))))))))))))))))))(((((..((((((((............((.((((....((((....)))).)))).))......(((((((..(........)..))))))).(((.((......)).))).)))))))).......(((((((((....((((...(((.((((((((((((..(((((.............((.(((..(((....)))..))).))...((((((((((((.((((....((((...))))....))))..)))))..))))))).(((..................)))....(((......)))((((((.((((((.(.(((((((((..(.((((...)))).)..))).(((((((....)))))))((.(((((((....))))))))).))).))).).)))))))......(((..((((((((.((((((((((......(((((.(((...((((.(((..(..(((......))).)..)))))))...)))..)))))(((..(((((..((...))..)))))..)))..(((((.....(((((..((..((........))...))..)).))).)))))))))))))))....))))))))..)))))))))))))..))))))))))..)).)))..)))).....))))))))).......))))).))))))))))))))))))))....))))((.(......).))
human_weighted_038,-745.0999755859375,(((((((........)))......((((((((((((((((((((...............................................((((....))))......(((((((........)))))))..((((.(((.(((((((...(((((...)))))...)))).....(((((((((((........(((((((((((..((((((((((((..((.((((.(((((..(((((.....(((((((((.....))))))))).......((...(((((((((..(((((.......(((((((.(((.((.(((..(((........)))(((((((.....(((((..........)))))(((((((((.(((..((((((.......((((((.......))))))...(((((((((((((((((((......(((((....)))))))))))))).)))..)))))))((((((((...((((.(((((..............))))).))))...))))))))))))))..))).))))))))).(((.(((((((.(((.(.((((..(((((((((.((((((.......((....)).....((((((((((((((((((......))))).))))))).............))))))((((((((.(......).))).)))))(((((.................(((..((((((((((.((((.......)))).)))))))))))))((((((((...))).))))).)))))(((((....(((((.(((((((((((..(((((..((((.((((.......))))((((..((..(((.(((......((.(..(((((....)))))..).))......))))))....))..))))))))..))))).(((((....)))))))))))))))))))))((((.....(((.((((((((((.((((((...(((((((.(((((.(...((...(((.(....).))).)))))))).).))))))..)))))))))))....))))).)))..))))))))))))))).))))))))))))).)))).))))))))))(((((.....)))))((((((.(((....((((......))))...)))))))))))))))).(((((..(.(.......).)..)))))))).)).))).)))))))......)))))......((((...((.......)))))))))))...))))...))...)))))))))).).)))....))....)))))))))))).((((((((((.....))))...)))))).....((((....))))(((((..((....((((((.........)))))).))..).)))).(((((....)))))..)))))))))))...((((((................)))))).)))))))))))((((.((....((((((((((.(((..(((((((((((........)))))))))))..).))..))).....)))))))...)).))))...((((((..(.((((((((((((((((((.......(((((...)))))(((.((((((..(((((.....)))))...)))))))))...((((......))))....))))))))..))))).))))).).....))))))....(((((((((......(((.((.(((..(((((((....(((..(((((......)))))..)))((((((((((.((.(((((((((........((((......))))))))).)))).))...........((.((..(.(((.....))))..)).))..))))).))))).))))))).)))))..)))...)))))))))...)))))).)))).((((....)))).....))))))))))))))))))))....))))((.(......).))
human_weighted_039,-742.7000122070312,(((((((........)))......((((((((((((((((((((...............................................((((....))))(((((((((((((........)))))))...((((((((((.((((...(((((...)))))...))))....((.(((((..((((((......(((.((((.(((.........))).)))).))).......))))))..))))).)).))))))))))((((((.....))))))..))))))...(((((((((((...(((.((....)).)))....)))).....)))..)))).......(((((..........)))))..(((((((.(((..((((((.......((((((.......))))))...(((((((((((((((((((......(((((....)))))))))))))).)))..)))))))((((((((...((((.(((((..............))))).))))...))))))))))))))..))).)))))))((((((....))))))((((((((....((((((((((.(((((((((.(((((..((........)).((((((((((((......))))).))))))).((((((((.((....((((((((((..(((......))))))).)))))).....)).)))))))).(((..((((((((((.((((.......)))).)))))))))))))((((((.((((.(((((((((...((((...)))))))))))))....(((.(((((...((.((.((((((.(((....))).)))))).)).))...))))).))).............))))))))))..((((....(((((((((((((...((((....)))))))).)))))))))..))))(((((....((((.....))))..)))))))))).))))))))).)............((((.((((.......))))))))))))).)))).))))))))((((.(((.(((((((((....(((((((.((((((..((.(((((......)))))))..))))))..))).))))((.((((((((.(((..(((((....(((((((..((((.((....)).))))((((((.((..((((((((.....)))))))).)).)))))).((((....(((((((....(((.............)))....)))))))....))))....((((..((((((...))))))..))))(((((...(((((((((((((((...((((((..((((((..............(((((..((...))..))))).)))))).....))))))..)))))))..((((((...((((..(((((.((((((...((((.(((((.(((....(((....)))..(((..((...))..)))((((((......((((((((..((((....((((..((((.....))))))))..)))).))))))))..(((...((((........(((......)))))))))))))))).....((((...)))).......))).)))))))))((.((((((((......)))))))).)).((((.((((..((((.((.((.(((.......((((.....))))..(((((((...)))))))...))).)).)).))))))))))))..........)))))).)))))..))))...)))))).(((..((((...))))..)))((((......))))........((((.........))))...)))))))).))))).)))))))..)))))...((((......))))))).))))))))))....)))))))))...))).))))................))))))))))))))))))))....))))((.(......).))
human_weighted_040,-744.2000122070312,(((((((........)))......((((((((((((((((((((...............................................((((....))))(((((((((((((........)))))))...((((((((((.((((...(((((...)))))...))))....((.(((((..((((((......(((.((((.(((.........))).)))).))).......))))))..))))).)).))))))))))((((((.....))))))..))))))...(((((((((((...(((.((....)).)))....)))).....)))..)))).......(((((..........)))))(((((((((.(((..((((((.......((((((.......))))))...(((((((((((((((((((......(((((....)))))))))))))).)))..)))))))((((((((...((((.(((((..............))))).))))...))))))))))))))..))).)))))))))..((((((((((...((((((...((((((....((((....((((((((((..((....(((((..((((((((((((......))))).))))))).(((((.((((....(((.(.((((((..((..((..((((((((((..........................((((((((((.((((.......)))).))))))))))(((....)))..))))))))))..))..)).))))))).)))..)))))))))(((.((((.(((...((.(((((..(((((((....(((.((((((((...)))..((((((..((.((((((......))))))))..))))))..((((((...(((((((...)))))))...)))))))).))))))....)))))))..))))).))...))).))))))).)))))))...))))))))))))))....))))))..))))))...)))))))))).(((((((..(..((((((((((.((..((.((((((((((.((((((((((.(((((.((.(((((((..(((((...))))).)))))))))))))).))))))..(((.....)))..(((...(((((((.((((((((((((....(((((.(((..((((((....(((....))))))))).))).)))))...)))..)))((((....)))).(((...((((((((.............(((....))).(((((........)))))))))))))...))).....)))))))))))))...))).)))))))))))).)).))..))......((((((......))))))......(((((.......((((((.((((((((((((....)))))).(((((((((.(.(((.....((((((((..((.......))..)))).))))(((.(((..(((.(((.((((((((...)))).))))..))).))).))).))).(((((...............(((......))).((((((((..(((((((.............))))))).))))).)))...)))))((.((((.....)))).))..)))))))))))))...((((((((((((((.......))))))))))))))........(((((...))))).(((((...(((((((..((((.((((((((.(((((..(((.(((..(((..(((((..(((((((((..((.....))..))))).)))).)))..))..)))...).)).)))..)))))))))....)))).))))..)))))))......))))).......)))))).))))))........))))).))))))))))..)..)..)))))).))))))))))))))))))))....))))((.(......).))
human_weighted_041,-738.7999877929688,(((((((........)))......((((((((((((((((((((...............................................((((....))))..(((((((((((........))))))((((((((((((((.((((...(((((...)))))...))))....((.(((((..((((((......(((.((((.(((.........))).)))).))).......))))))..))))).)).))))))))))).))).....(((((((...........(((((((((((...(((.((....)).)))....)))).....)))..)))).......(((((..........)))))..(((((((.(((..((((((.......((((((.......))))))...(((((((((((((((((((......(((((....)))))))))))))).)))..)))))))((((((((...((((.(((((..............))))).))))...))))))))))))))..))).)))))))((((((....))))))))))))))))))..(((((((.((((((((((..(((...((........)).((((((((((((......))))).))))))).((((((((.((....((((((((((..(((......))))))).)))))).....)).))))))))......((((((((((.((((.......)))).))))))))))((((.((.((((.((((..((((((...((.(.....).))...))))))..)))))))).))))))...((((((........))))))....)))..))))))).)).((.(((((....))))).))....((((....))))).))))))).(((((((((((((((.(((..(((...)))....((.((((..(((....(((((((.(....(((.(((((....((((((((((.(.(((((((((((.(.((.(((((((.((((((((.((((((.((...((((..((((((((((((((((...((((((..(((((..((((((..(((........)))..(((((......)))))(((((((........))))))).((((((.((((......))))))))))...(((((((((.......(((...((((..((((((.((((((.((((.((((.......((((((((..((.((((..((........)).)))).))))))).)))....((((((.......))).))))))).)))))))))).))).)))..(((((((....((.....)).)))))))....(((.....))))))).....)))......)))))))))))))))..)))))...)))))).((((((..(((((..(((....))))))))((((....(((.(((((((.....(((...((((((((.(((...(((((...))))).....))))))))))))))))))))).)))...))))......))))))....(((.......))))))).))))..)))))....)))..))))))))))))))))...((((((((((((((((((((((((((...))))).))))))))).((((.((.....)))))).....))).))))).))))))))))))))).)).)))))))).)))).).))(((((((((.(.(((...((((...(((((.(..((((.(((((((((......)))).(((((((((...((((((....)))).))....)))).....)))))...)))))))))..).))))).))))))).).)))))))))....)))))))).))))).)))....).)))))))....))))))).))))).)))))))))..)))))).))))))))))))))))))))....))))((.(......).))
human_weighted_042,-734.2999877929688,(((((((........)))......((((((((((((((((((((...............................................((((....))))......(((((((........)))))))(((((((((((((.((((...(((((...)))))...))))....((.(((((..((((((......(((.((((.(((.........))).)))).))).......))))))..))))).)).))))))))))).))...((.((((.((((((((..((((((((((.((((((((..((................(((((((.(((.((((((.....(((((..........)))))...((((((.(((..((((((.......((((((.......))))))...(((((((((((((((((((......(((((....)))))))))))))).)))..)))))))((((((((...((((.(((((..............))))).))))...))))))))))))))..))).)))))))))).)).)))..(((..((((.(((((.(.(((((((.(((...((.(((((((..(((....((((((((((((((((((......))))).))))))).............))))))..)))(((.(......).)))(((((((((((.................(((..((((((((((.((((.......)))).)))))))))))))((((((((...))).))))).)))))))))))..(((((((((((((......))))))).((((((.....((((....))))((((((((((.((((.(.((((.(((.((...)).))).)))).)))))))))).)))))..(((((..........)))))))))))..((((((((..(((.((.(((.((((((..((((.((((((.((((((....)))))).)))))).(((((.((((((((.((....)))))))))).))))).))))(((((((.(((..(((((((((((.(((.(.((((((.((....)).)))))).)((.(.(((....))).).)).((((((...))))))))).)))))))))))...))).))))))).)))))).))).)).)))))))))))....(((((((.......))))))).((((((((.((....)).))))))))..))))))..)).))))).))))).))))))).))))))))))..))).....)))))))..))..)))))))).))))).....))))))))).)))).)))).)).....((((((((((.((.(((((((((((((...((.((.(((....))))).))))))...(((.....)))...((((((.((((((..((((((((.((((..(((........((((.....(((.((......)).))).....)))).....)))))))..)))))))).)))).((((((....((.((((((((.........((((((((....((((..((........)).)))).((((((((.(((.(((((((...))))..))).))))))))))).(((((((.(.(((...((.(((......))).))...))).).)))))))))))))))...(((((((((((((((..((((.......))))...(((((((((.(((.(((((((...)))))))...)))((((((.((((......))))))))))((....)).(((....)))((((......))))...........(((........)))...)))))).)))))))))))))......))))))))))))).)))))))).)).)))))))))))..)))).))......))))))))))............))))))))))))))))))))....))))((.(......).))
human_weighted_043,-719.5999755859375,(((((((........)))......((((((((((((((((((((...............................................((((....))))......(((((((........)))))))..((((.(((.(((((((...(((((...)))))...))))..(((((((((((.((((((......(((.((((.(((.........))).)))).))).......))))))....(((((((((.....))))))))).......(((..((((((((((((((..(((((...(((.((....)).)))....))))).........(((((((.((((((((..........)))))..(((((((.(((..((((((.......((((((.......))))))...(((((((((((((((((((......(((((....)))))))))))))).)))..)))))))((((((((...((((.(((((..............))))).))))...))))))))))))))..))).)))))))((((((....))))))..(((.(((.((.((.(((....(((((((((.((.(...((........)).((((((((((((......))))).))))))).((((((((.((....((((((((((..(((......))))))).)))))).....)).))))))))......((((((((((.((((.......)))).))))))))))(((....)))..(((((...))))).(((.(((((((((((.(((((((((((((.((((((....))))))(((((((.((((.(..(((((((((...(((((...)))))...(((....)))).))))))))..).).)))..)))))))(((.(((((......((((((..(((((.((((..(.((...(.((((((((((.(.((((((((.((((...)))).))))....)))).).))).))).)))).)....)).).))))))))).))))))))))).)))....(((((((((.((....))...)))).))))))))))))))))))..))))...))))))).)))).)).)))))))))....))).)).)).)))..))).))).))).))))))))).))))))))).))).....((((((.....)))))).((((((..(((..(((...(((........))).)))..)))....)))))))))))))).)))...(((((.((((..((((((...))))))..))))..)))))(((..((((((((((((.((((((..........))))))...(((.(((((...........))))).)))........))).)))).....(((.....))).(((((((((.((((..(((..((((((.....((.....))..))))))....((((((..((((.((.(((.........))).))((((........)))).(((((((..(((((((((....))))))...)))..)))))))((..(((((.(((((((..((...(((((.(((....))))))))))...)))))))....))))).))....((((.(((...(((((.(((((..(((.((((.(...((((((.(((.((((((((((((.((((((...))))........((((.(((.((.(((((.((.(((..(((((((.....((((..(((...))).)))))))))))......))).)).)))))))..))).)))))).))))))......)))))).))).))))))...).).))).).))..))))).)))))...))).)))))))).))))))))))))))))))))))...)))))..))))))))).)))).((((....)))).....))))))))))))))))))))....))))((.(......).))
human_weighted_044,-760.0,(((((((........)))......((((((((((((((((((((...............................................((((....)))).....((((..((((((((((((((((((((((((((((((.((((...(((((...)))))...))))....((.(((((..((((((......(((.((((.(((.........))).)))).))).......))))))..))))).)).))))))))))).)))...((((.(((((((.(((((...))))))))))....))))))(((.(((((((...(((((((((((.(((((((.....(((((.(((...((.(((((..(((((((.(((..((((((.......((((((.......))))))...(((((((((((((((((((......(((((....)))))))))))))).)))..)))))))((((((((...((((.(((((..............))))).))))...))))))))))))))..))).)))))))((((((....))))))..(((.((..(.....)..)))))((((((((((((((..(((.....(((((((((((((((((......))))).))))((((.((..(((((.....((((((.((((((((.(((((.(((((((((..........................((((((((((.((((.......)))).))))))))))(((....)))..)))))))))..)))))...)).))).))).))))))..)))))..)).))))((((((((((.....)))).)))))).((((((((......(((((....))))).....))).))))).........))))))))))).)))).)).))))))))...))))))).))).)))))))))))).))))))))))).(((((((((.(((..((((((...((.((((((((((...(((.....)))))))).))))).))...))))))))).)))))))))(((((...(((.......))))))))))))))).)))....((((((.((((.(((((......))))).)).))))))))((((((.....))))))......))))))))))....((..((((.(((((((((.......))).))))))(((..(((((....))))).....(((((((........)))))))((((...((((((.(((...(((...((((((((........))))).........)))..)))..((((((((((((.......(((((..(((((.....((((.......((((......)))).(((((((...........((....))...........)))))))...((((((..((((((....)))))).))))))...)).)).....)))))..))))).(((.....)))...........(((((((.........(((((.(((((.....((((((((...................)))))))).....))))).)))))..((((..((((((..((....((((.(((((((((((.(((((........)))))))))).)))))).).)))))..))).)))..)))).(((((((.(.(((((((((..((.((((((....((((((.(((((.((....(.((((((.(((..((((((..(((.......)))..))))))..((((((((((...)).))).).))))....))).)))))).)..)).)))))...)))))).)))))).))..)))))).....))).).)))))))))))))).))))))))))))))).))))))...)))).)))...))))..))))))))))))((.((((....)))).))..))))))))))))))))))))....))))((.(......).))
human_weighted_045,-759.7000122070312,(((((((........)))......((((((((((((((((((((...............................................((((....))))......(((((((........)))))))(((((((((((((.((((...(((((...)))))...))))....((.(((((..((((((......(((.((((.(((.........))).)))).))).......))))))..))))).)).))))))))))).))........(((((((((...((((((.((((((((...(((.((....)).)))....)))).....))))...(((.((((((.(((((....((.(((..((((((((((.(((..((((((.......((((((.......))))))...(((((((((((((((((((......(((((....)))))))))))))).)))..)))))))((((((((...((((.(((((..............))))).))))...))))))))))))))..))).)))))))))).....))).))))))).))))))))).......(((.(((.......((....)).....((((((((((((((((((......))))).))))))).............))))))..))).)))....((((.((((((((((..........................((((((((((.((((.......)))).))))))))))(((....)))..))))))))))..)))))))))).......(((((..(((..(((((((((((.......)))).))).))))..)))..)))))...(((((((((((((.((.(((.((..((((.(..((.((((..((((...(((((...)))))...))))..)))).))..))))).)).))))).)).)))))).))))).)))))))))(((((((.......)))))))(((..((((((.((((((((((..(((.((((((((.((...)).)))))))).)))..))))((((((((..(.(((.......))).).((((((.(((((.((.(((.(((((...))))).))))))))((((((((((((((((.((....(((((((.(((((((((((...((.(((((..(((((.(((((((((.(((((((((....((((..((((((.(((((((((.(..(........)..).)))))((.(.((((((((.(((.....(((((((......)))))))...)))...)))))))).).)).((((((((.((......)).)).))))))...((((....))))(((((..(((...((.((.(((((.......((((.((((..((..(((((....))))))).)))))))).....(((((....((((((((.((.(((((((....((.(((.(((((.......(((((((...)))).)))..((..((((((.((((...((((((..((((((((((((((...........))))..((..(((.(((..((.....(((...............)))....)).))).)))..))..))))))))))..))).)))...)))))))))).)))))))))).))))))))))).))))))))...))))).(((.(((((.........))))).)))....))))).)).))...)))..))))).)))))))))).))))))))))..)))..))))))))).))))))))))..))......)))))))))))......((((.((.....))..))))..(((((....)))))..))))))))))))))))..)))))))))....))))))))..........)))))))).......)))))).))))))..)))...))))))))))))))))))))....))))((.(......).))
human_weighted_046,-751.2999877929688,(((((((........)))......((((((((((((((((((((...............................................((((....))))......(((((((........)))))))(((((((((((((.((((...(((((...)))))...))))....((.(((((..((((((......(((.((((.(((.........))).)))).))).......))))))..))))).)).))))))))))).))...(((((.(((((((.(((((...))))))))))....)))))))(((.((((((...........(((..((((((((((((.(((((....((.(((..((((((((((.(((..((((((.......((((((.......))))))...(((((((((((((((((((......(((((....)))))))))))))).)))..)))))))((((((((...((((.(((((..............))))).))))...))))))))))))))..))).)))))))))).....))).))))))).))))))).(..(((.((((..(((((((.((((...((((...((((((((((((((((((......))))).))))))).............))))))(((((.((..........((((((((((..........................((((((((((.((((.......)))).))))))))))(((....)))..)))))))))).........))))))).....(((((((......))))))).(((..((.((((((.(((((.((...(((.(((((((......(((....)))))))))))))....)).(((((.(((...))).)))))(((...(((((...)))))...)))..)))))...)))))).)).))).....))))....)))).)))))))..)))).)))..)(((((....(((.(((((((.....((((..(.(((((.(((((((..(((.(((((((((((((....))))....))).))))))))).))))).)).))))).)..)))).....))))))).)))....))))).)))))...)))...)))))))))((((.(((..((((((((((((((((((((....((((.(((((((((.(((.(((((...))))).(((....)))..(((((((....((((((..((........)).)))).))....)))))))..))).)))))).(((((........)))))(((........)))..))).))))((((((.....((((((..((.......)).))..)))).....))))))...))))))))))))))))..((......(((((((((.((.((((((......(((....))).....).))))).)).((((((.((((((((((((...)))......)))).)))).).))))))..(((((((........)))))))..(((((((..............))))))).((.((((....(((((((((((((.(..((((.............)))).).))))))..)))))))((((((((...(((.(((((....((.((((((.(((.(((((((.((((((.(((((..(.(((((..(((((((.(((((((......((((...((((((.......)))))))))).....))))..)))..)))))))))))).).)))))(((((((......)))))))..(((........))).)))))).)).)))))...))))))))).)).))))).)))))))))))((((...)))).)))).))....)))))))))......)).))))..)))))))((.((((....)))).))..))))))))))))))))))))....))))((.(......).))
human_weighted_047,-764.7000122070312,(((((((........)))......((((((((((((((((((((...............................................((((....))))(((((((((((((........)))))))...((((((((((.((((...(((((...)))))...))))....((.(((((..((((((......(((.((((.(((.........))).)))).))).......))))))..))))).)).))))))))))((((((.....))))))..))))))((((((...((((((((((((((.....((((((...........(((..((((((((.((((((((..........)))))..(((((((.(((..((((((.......((((((.......))))))...(((((((((((((((((((......(((((....)))))))))))))).)))..)))))))((((((((...((((.(((((..............))))).))))...))))))))))))))..))).)))))))((((((....))))))..(((.(((((((((((((..((((((.((((.(((((((((((((((((((.((((((((((((......))))).)))))))......(((((....(((.(.(((.((..((.((((.((((((((((..........................((((((((((.((((.......)))).))))))))))(((....)))..))))))))))..)))))).))))).).))))))))((((.(((((.((((((.........)))))...(((((((.((((((((((((((((((.......)))))...(((........)))(((((((((((((((....)))).)))))).....)))))...))))))))).))))..)))))))).))))).))))...))))))))))))((((((((..(((((.(((..((((.(((.(....).))).))))((((((.((..........)).))))))..))).))).))..))))))))(((((((((((....))))).))........))))..))))))))))).)).)))).)))))))))))))..))).))).))))))))..)))(((((((.(((((((((.(((((((....(((((..(((((((((((..(.(((.....))).)..)))))))..)))).....))))))))))))..(((.....)))........)))))))))...(((..........)))))))))).))))))((.(((((((..((((((((....))))....)))).))))))).))....))))).)))).((((((...)))))).....))))).))))))((((((((((((((((.(((((......((....))....)))))....(((((((((((((((((((...((((...((((...))))...))))....))))))..))))))((((((....(((......((.(((..............))).)).....)))..)).))))..........((((((........))))))...((((.(.((((((.((.(((.(((((..(.((((((((..(((((....(((((...(.((.((.(.((((((.((.((.((((((......(((....))))))))).)).)).)))))).).)))).)...)))))..)))))((((((.....))))))((.((.(((...))))))).((((((((........((.((.((((.........)))).))))))))))))...))))).))).).))))).))).)).))))))).)))).))))))).)))))).))))..))))))..((.((((....)))).))..))))))))))))))))))))....))))((.(......).))
human_weighted_048,-745.0999755859375,(((((((........)))......((((((((((((((((((((...............................................((((....))))......(((((((........)))))))((((...))))...((((...(((((...)))))...)))).((.((((((((((((((((......(((.((((.(((.........))).)))).))).......))))).....(((((((((.....))))))))).......((.((((((((((((...((.(((((((((((.((....)).))).....(((((.((((...(((........(((((..........)))))..(((((((.(((..((((((.......((((((.......))))))...(((((((((((((((((((......(((((....)))))))))))))).)))..)))))))((((((((...((((.(((((..............))))).))))...))))))))))))))..))).)))))))((((((....)))))).(((((((..(((((.(((((((.(((.(((...((((......(((((((((((((..(((((((.((((..((((((((((....((((((.(((....(((((...((((.....)))).)))))..))).))))))..)))))))))).....((((((((((.((((.......)))).))))))))))((((((...((((((((.(.((((((.(((((.((........)).)).))).)).)))).))))))...)))....)))))).((....))((((((((((((.....))...)))))))))))))).)))).)))....))))))))).))))...)))).))).)))..((((.((......))))))(((((((((.((((...((((.((....)).))))..)))).)))).)))))(((((.((.((((...)))).)).))))))))))))))))).)))))))...((((((..((((((.(..(((((((((((((.((((((((((((((((.(((((.(((.......((....)).......))).))))))))))..))))...)))))).).)))).)).)))))))(((((...........)))))..).))))))..))))))(((((..(((.....))).....)))))........)))..)))).))))).((.((((((((..((((((....((((..((.(((((........)))))..(((((((((.......)))).....)))))..)).)))).....)).))))..).)))))))))((((((((..(((((((..((((((...((((((....)).))))))))))((((...((((((.....((((((..........))))))..))))))....))))...)))))))..)))).))))......)))))))).))))))))))))))..))..((((((..((.((.....))))))))))..))))))))))).))........((((((...))))))(((((.(((........)))..)))))(((((.(((.(((((.((((.((.((((.((((.((.((.(((((.....))))))).)).))).).)))).)).)).)).)).))).)))......(((.(((.(((((.(((.(((.((((..(((((.(((....))).)))))..)))))))...)))........((((((.(((((..........(((.((........))..)))((.((..(.(((.....))))..)).))..((((...))))))))).)))))).......)))))))).))).....)))))..((.((((....)))).))..))))))))))))))))))))....))))((.(......).))
human_weighted_049,-765.5,(((((((........)))......((((((((((((((((((((...............................................((((....))))......(((((((........)))))))..(((((((((((.((((...(((((...)))))...))))....((.(((((..((((((......(((.((((.(((.........))).)))).))).......))))))..))))).)).)))))))))))(((((.....)))))(..((((((((((((...(((((...(((.((....)).)))....)))))...))).....(((.((((((.(((((....((.(((..((((((((((.(((..((((((.......((((((.......))))))...(((((((((((((((((((......(((((....)))))))))))))).)))..)))))))((((((((...((((.(((((..............))))).))))...))))))))))))))..))).)))))))))).....))).))))))).)))))))))..((((((((.(((.......((....)).....((((((((((((((((((......))))).))))))).............))))))..))).)))....((((.((((((((((..........................((((((((((.((((.......)))).))))))))))(((....)))..))))))))))..)))).)))))..((((((((..((((......))))))))))))....((((((((.(((((((.(((((((((.(..((((((((.....)))))))).).))))))))))))).)))..)).))))))(((((((.((..((....))..)).)))))))...)))))))))..)(((.(((((((((((((.(((..(((((((.((((((...((.....((((((((.((((..((..((((((((((.(((((((.(((......))))))))))(((....))).((((((((....)))))))).))))))))..))...)).....)))).))))))))(((((((..((((((.(((((.((((((((((..(((.(((.(((.....))).))).)))....))).....)))))))(((((((((((....((((((...))))))..))))))..)))))......((((((.....))))))..((((((((....((((((((...)))).))))....((((.(((((((.(((((...(((((((........)))))))..)))))...........)))))))..))))........((((.(((..((((((((..(((..(((((((((.(((.............)))..)))))))...))..)))....)))))))).)))))))..))))))))........((((((.(((((....(((((((.((((...((((((.....)))))).....)))).(((((((((((..((((((..(((((.....((.(((....)))))..)))))...))))))(((((.((((((.((.((((((((......)))))))).))..)))))).)))))..(((.(.(((((...((.((((.(((((((.(((....)))))).))))...)))).))))))).).)))(((.(((.......))).))).)))))))))))(((..(((((........)))))...)))....))))))).............((((.........))))..))))))))))).))))).))))))...((((...))))..)))))))))...)))))).)))))))..)))))))))))....))))).))).........))))))))))))))))))))....))))((.(......).))
human_weighted_050,-728.7000122070312,(((((((........)))......((((((((((((((((((((...............................................((((....))))......(((((((........)))))))..((((((((((((.......(((((...)))))....)))))).(((((((((((((...(((((((((.((((.(((.........))).)))).))........((((......(((((((((.....))))))))).)))).........(((((((((((((((((((...(((.((....)).)))....)))).....)))..))))........((((.......((((((((..(((((((.(((..((((((.......((((((.......))))))...(((((((((((((((((((......(((((....)))))))))))))).)))..)))))))((((((((...((((.(((((..............))))).))))...))))))))))))))..))).)))))))((((((....)))))).((((.(((((.(.(((((((.(((......((...(((.(((((..((((((((((((((((((......))))).))))))).............))))))(((.((((((((......)))(((((((((((.................(((..((((((((((.((((.......)))).)))))))))))))((((((((...))).))))).))))))))))))).))).)))......(((((((((((((((.((((...((((...((((((((.((((((((..((((....))))..))))))))(((..(((((.....((((((...((((.(((((((((.(((((((((((((....)).))((((.(((.((((((.(((((.......(((((((((.((.(((((((((((((.(((.((((...(((.(((.........))).))))))).)).).)))))...(((((((((((((((...(((.(((((((((((((.(.(((.((((((.((.(.(((....))).).))))))..)).))).).))))).)))))))))))...)))))))(..(((((.(((((...)))))..)))))..).....((((..(((.(((.(((..((((.(((....)))...))))..))).))))))......)))))))))))).)))))))).))..))))......)))))..))))))))))).))).))))((((((((...))))))))............))))))))))))............))))))...))))))))))....)))))..)))............)))))))))))))))).)))))........)))..)))))))))))).)))...))))).))))))).))))))))))...((.((((((((...))))..)))).))))))))))...))))))))))))..................)))).)))...)))))))))))))....((((.(((.(((..((((.......))))..))))))...)))).)))))).((((.((((((((((..((.(((((((((.(((.....)))))))........))))).))...)).))))))))...))))((((((((.....(((.(((...((.(((......(((..(((((((.(((((((((.((((((......))).))))))).....(((..(((((((.....((..(....)..)).....))))))).))).)))))...)))))))..)))....((((...)))).)))))...))))))......))))))))(((((......)).)))((((....)))).....))))))))))))))))))))....))))((.(......).))
human_weighted_051,-752.5,(((((((........)))......((((((((((((((((((((...............................................((((....))))......(((((((........)))))))(((((((((((((.((((...(((((...)))))...))))....((.(((((..((((((......(((.((((.(((.........))).)))).))).......))))))..))))).)).))))))))))).))...(((((.(((((((.(((((...))))))))))....)))))))....((((.....((((((((((((.(((((((....(((((..........)))))..(((((((.(((..((((((.......((((((.......))))))...(((((((((((((((((((......(((((....)))))))))))))).)))..)))))))((((((((...((((.(((((..............))))).))))...))))))))))))))..))).)))))))((((((....))))))(.(((((((((..((((((((((((((.((((...((..(((...((((((((((((((((((((......))))).))))))).............)))))).(((((((((((.(((((.(((((((((..........................((((((((((.((((.......)))).))))))))))(((....)))..)))))))))..)))))...)))).....(((((((..((.(((.(.(((((...........))))).).))).))..))))))).)))))))(((((.....)))))))...)))..))..))))...)))).)))))))......(((((....))))))))..))))))))).))))))))))).)))))))))..))))..(((((((.((((((..(((((.((.((..(((((((.....))))).))..)).(((((.(((((((((((.(((.(((((.(((.(((...((((((.((((......(((((.((.((((......)))).))..))))).....)))).))))))......))).))).)))))..))).))))((((((((((.(((((..((((.........((((((.(.(((((((((((((((((((((((((.(...(((((((..((((................)))).)))))))(((........))).......).))))))))).))))).........((.((((((...((((.((((((.....((.....))..))))))...))))....))))))))...((((((.((....))..))))))((((((((.(((((.....))))).)).))))))...))))))).)))))))))))))))..))))).).....)))))))))............(((((...))))))))..))))))))).((((((((.((((((..(((((((..(........)..))))))).)))(((.....)))..((((((((.(((..((((.......))))..)))))..))))))....(((((((.((..((.(((((.....((((......)))).......(.((((((.((((((((((((((((((((((((((.(((.((((((.((((((.(((((.....((((.......))))...))))).))..))))))))))....))))))))(((.....))).......)))))))))))).((.((((..((.....))...))).).))..))))))))).))))))).....((((...)))).))))).))))))))))).)))..)))).)))))).)))))..)))))).)......))))))))))))))))))))))))))....))))((.(......).))
human_weighted_052,-779.9000244140625,(((((((........)))......((((((((((((((((((((...............................................((((....))))......(((((((........)))))))(((((((((((((.((((...(((((...)))))...))))....((.(((((..((((((......(((.((((.(((.........))).)))).))).......))))))..))))).)).))))))))))).))...(((((((((..........(((((((((((((.(((.((((.((((.((((.....((((((.((((.(((((((.....(((((..........)))))..(((((((.(((..((((((.......((((((.......))))))...(((((((((((((((((((......(((((....)))))))))))))).)))..)))))))((((((((...((((.(((((..............))))).))))...))))))))))))))..))).)))))))((((((....))))))......(((((.((....)))))))..((((((((((...((.....((((((((((((((((((......))))).))))))).............))))))((((((((.(......).))).)))))...........................((((((((((.((((.......)))).))))))))))(((....))).....(((((((((..((((....))))))))))))).((......)))).)))))))))).((((((...((.(((..((((((((((((...((((.....)))).....))))).))))))).))))))))))).((((.(((..((((((.(((....))).)))))).)))))))))))))).)))).))))))....)))).))))))........((((((.(((((((.((((((...........))))))..)))))))..)))))))).))).))))).)))))))))))))))))..((((.(((((.(((((((..(((((((.((((....(((((((.((((.((((((((((...(((((..((...((((.(((.(.((.(((((((.(((.(((..(((((((.....((((((((....))))))))((((((..(((.((........)).))).))))))...((((.....(((.((......)).))).....))))....(((....))).(.((((.(((((.....((.((((..((((((..(((((((..(........)..))))))).(((.((......)).))).....((.(((...))).))...))))))..))))))...))))).)))).)((((((.....((((((...((.....)).))))))))))))...)))))))....)))....((((.((((((...)))))).)))))))))))))).)).).))).))))..)))))))....)))))..))))).).))))))))))..(((.((.....)))))..........)))).)))).)))..))).(((.((((((.((((((........(((.......(((((....(((((....)))))((((((.((((......)))).))))))(((((.(((....))).)))))..(((((...((((((((((.((.((((((.((...(((((((.(.(......).)))))))).)).)))....(((((((.(((((.............((((.........)))).)))))...)))))))))).)))).))))))))......)))))..)))))))).))))))))))))))))))).))))).)))).((((....)))).....))))))))))))))))))))....))))((.(......).))
human_weighted_053,-739.0999755859375,(((((((........)))......((((((((((((((((((((...............................................((((....))))......(((((((........)))))))((((...))))...((((...(((((...)))))...))))(((((((((((((((((.....((((((..((((((.((((.((..(((((((((...........((((......(((((((((.....))))))))).))))...((((.(((((.((.(.((((((((.....((((..(((((((((............(((..((((((((..((((((.(((...((.(((..((((((((((.(((..((((((.......((((((.......))))))...(((((((((((((((((((......(((((....)))))))))))))).)))..)))))))((((((((...((((.(((((..............))))).))))...))))))))))))))..))).)))))))))).....))).))...))).)))))).....((.((((..(((((((.((((..(((((..((((((((((....(((((......)))))(((((((....((((((.(((....(((((...((((.....)))).)))))..))).))))))..))))))).......(((((((((((.((((.......)))).)))))))))))(((.((((((((((((...)))))..(((((.((......)).))))).......))))))))))......(((((.(((((............((((((...))))))((.(((((....))))).)).((....(((((....(((....)))..)))))....))..)))))...)))))))))))))))....((......)).)))))..)))).)))))))..)))).)).(((((.......)))))...(((((((((((((((((((((..((..((((((((((........)))))).)))).)).)))))))))..........))))))))))))((((.....))))))).))))).))).))))))))).))))...)))))))).)..))..))))).))))..................))))))))).))))))......))))))((((....(((........)))...)))).)))))).))))))))))))).((((..((((((((.....((((...))))........((((((........)))))).....(((((((..(........)..))))))).(((.((......)).))).)))))))).....))))))))..........(((......)))((((((.((...(((....)))...))((((.....(.(((((...((.((((((((..((((((((((........((.(((((......))).)))))))).)))))).((((((.....(((((((........))))))).......(((.((......)).))).............((.(((((((........)))))).).)).....((((((.(((..(.(((((..(((((((..(((((((((...((((.(((((...((.((((.(.(((((((((((((...(((((((...........))))))).(((((.......))))).)))))....))))))))).))))..))...))))).))))..)))))))))((((((((...........(.((.((((......)))).)))))))))))))))))).........)))))).))))))))).))).))).))))))))))))))))..))))))))))..((.((((....)))).))..))))))))))))))))))))....))))((.(......).))
human_weighted_054,-739.2000122070312,(((((((........)))......((((((((((((((((((((...............................................((((....))))......(((((((........)))))))...((((((((((.((((...(((((...)))))...))))....((.(((((..((((((......(((.((((.(((.........))).)))).))).......))))))..))))).)).))))))))))((((((.....)))))).....((((((.((((((((((...(((.((....)).)))....)))))..............(((((((.(((((....((.(((..((((((((((.(((..((((((.......((((((.......))))))...(((((((((((((((((((......(((((....)))))))))))))).)))..)))))))((((((((...((((.(((((..............))))).))))...))))))))))))))..))).)))))))))).....))).))))))).)))))))(((((((((((((((..(((((((((..........((((((((((((((((((......))))).))))))).............))))))...(((((..((......((((((((((..........................((((((((((.((((.......)))).))))))))))(((....)))..))))))))))......)).)))))..))))))))).((.((((.((((((((((((..((((((........))))))....)))))))))))))))))).........(((((.........)))))..))))).))))).))))))))))...))))))(((((.((((((((((.((((((....(((((..((..((((..((((((..((((((((.(((((.(((((((...(((.....))))))))).).))))).))))))))))))))((((((((.......)))).)))).(((.(((((....))))).)))(((.(((.(((..((((........))))..))).))).)))...((((((((((((..(((((...((((((((((.(((..(((((..((((.((((((..((....))..))))).).))))....))))).....))).)))).))))))..........(((((.......)))))..(((((....(((..(((((.(((.....)))....(((((.(.((((.....(((((.......)))))...((.(((.((.(((.((.(((((.((((.(.(((..(((((.((.....((((.(((((((.(((((..(((((((.....))))))).))))).(.(((((((((.(((((((((.(.((.....((((......))))....)).)))))....))))).(((.....)))..((.(((((((.(((((.(((((((...(((((((...((((....).)))...)))).))).))))))((((((((..((.(((...))).))))).(((((........)))))...(((((((.....)))))))))))).).)))))))))))).)).(((((.(((........))))))))(((..((((....))))..)))......))))))))).)...))))))).))))....)))))))...))).).)))).))))))).))).)).))).)).)))).).)))))((((........))))..)))))....)))......))))))))))..))))))))))))....((((...)))))))).)))))))..)))))).))))))).))).))))).....((.((((....)))).))..))))))))))))))))))))....))))((.(......).))
human_weighted_055,-747.7000122070312,(((((((........)))......((((((((((((((((((((...............................................((((....))))......(((((((........)))))))..(((((((((((.((((...(((((...)))))...))))....((.(((((..((((((......(((.((((.(((.........))).)))).))).......))))))..))))).)).)))))))))))(((((.....)))))(((((((((((.(((((((((((...(((.((....)).)))....))))...(((((((.(((((.((((((.((((..((((.(((.....(((((((.(((..((((((.......((((((.......))))))...(((((((((((((((((((......(((((....)))))))))))))).)))..)))))))((((((((...((((.(((((..............))))).))))...))))))))))))))..))).)))))))((((((....)))))).(((((((..(((((.(((((((((.(.....).)))).......((((((..((((((((((((......))))).))))))).((((((((.((....((((((((((..(((......))))))).)))))).....)).))))))))......((((((((((.((((.......)))).))))))))))(((....)))..(((((...)))))...)))))).(((((..(((((((((((..(((.((((((.(..((((..(((((((((.(((...(((((........((((((....))))))........)))))....(((((((((.((((.....((.(((((....))))).)).....)))).)))))))))))).))))))..))).))))..).))).))).)))..))).))))))))......)))))((((.......))))....)))))))))).)))))))..)))..))))..))))))))))(((((.(((((((((((((((((.(((........)))..)))).((....))(((((((.....))))))).)))))...)))))))).)).)))....))))))))))))(((.....(((((((.(..((.((((((((((.(((((.((.....)).)))))....)))))...).))))..))..).))))))).))).((.(((.........))).))((((...)))).)))))))...))))))))))).((((((.........(((((...((..(((..((((.(((((((((((((((.((.(((((.(((.(..((((((........))).)))))))))))).)).)))))))).....((((....((((....).)))...))))((((.((((.((((((....((((((......((.((((...)))).))(((((((....)))))))................))))))....)))))).....((((((((.((((((((((...)))......)))).)))..)))))))).(((((((((((...(((...))).(((((.(((.(((((((((((...((.(((.(((..((((....))))..)))))).))))).))))))))))).)))))....)))))))))))...((.(((....))).))..((((((.....)).))))((((((((..((((...((((.((.((((.((.((((((.......((.(((((............))).)).)))))))))).)))).)).)))).)))).)))))))))))).)))).....)))))))...))))...)))..))...)))))))))))...........))))))))))))))))))))....))))((.(......).))
human_weighted_056,-758.5999755859375,(((((((........)))......((((((((((((((((((((...............................................((((....))))......(((((((........)))))))(((((((((((((.((((...(((((...)))))...))))....((.(((((..((((((......(((.((((.(((.........))).)))).))).......))))))..))))).)).))))))))))).)).........(((((((((((..(((((..((((((((.(((.((....)).))).....(((((..((((.(((((((((((((.(((((....((.(((..((((((((((.(((..((((((.......((((((.......))))))...(((((((((((((((((((......(((((....)))))))))))))).)))..)))))))((((((((...((((.(((((..............))))).))))...))))))))))))))..))).)))))))))).....))).))))))).)))))))........((((((((.(.((((.(((......((((((((((((((..(((((......)))))((((..((((((..(((((...((((.(((((.(((....((((.((((((((((..........................((((((((((.((((.......)))).))))))))))(((....)))..))))))))))..))))..)))))))).))).)...)))).)..))))))..))))..(((((.((((((((..(((............)))..)))))))).)))))(((((....)))))....(((......))))))))))))))..))).....))).))))...).)))))))))))))).)))).....)))))))).)))))..)))))....)))))))))))..((((((.((((((.........(((((.(((..((((...(((((((((((((...(((.(((....((..(((((((.(((((((((((((.((((((((....((.((.(((..((.(((.(.(((((((((.(((....))).)))))))))).)))))..))).)).)))))))))).))......))))))....))))).))....)))))..))))))))..((((((......(((...(..(((((((...(((((....(((..(((((((((((((.((((((...(.((((.(((((((((..(((((((.(((((((....(((((((........)))))))...)))).((((((((.(((((((...............)))).)))..))))))))))))))))))))))))...(((((((....((((((.......(((....))).......))))))...)))))))........))).)))).)...)))))).))))).))))).)))...)))...))))).)))))))..)...))))))))).....)))))))).....))))).....(((((..(((((((..(((.....))).)))))))..)))))..((((((.((.(((..((((.(.((.((((((.....)))))).)).))))).)))(((((((.(((((....)))).)..))))))).((((...))))((((((..(((((((......(((..(((((((((((((..((((.((...)).(((((....))))).))))..))))))..((.((...((.(((((............)))).).))..)).)).)))))))..)))....)))))))..))))))....)).))))))........))))..))).)))))..)))))).))))))........))))))))))))))))))))....))))((.(......).))
human_weighted_057,-755.7999877929688,(((((((........)))......((((((((((((((((((((...............................................((((....))))......(((((((........)))))))(((((((((((((.((((...(((((...)))))...))))....((.(((((..((((((......(((.((((.(((.........))).)))).))).......))))))..))))).)).))))))))))).))...(((((.(((((((.(((((...))))))))))....)))))))((((.........((((((((((....(((((((((.(((((..........)))))(((((((((.(((..((((((.......((((((.......))))))...(((((((((((((((((((......(((((....)))))))))))))).)))..)))))))((((((((...((((.(((((..............))))).))))...))))))))))))))..))).)))))))))..((.((.(((((..........))))).)).))(((((((...(((((((..........((((((((((((((((((......))))).))))))).............))))))((((((((.(......).))).))))).............(((.(((((((.((((((((((((.((((.......)))).))))))))))(((....)))......)).))))))).)))(((((..........))))).)))))))))))))).......(((((((....)))))))((.(((.((....))))).))((((.((((((.((....(.((((.((...(((((((....))))))).)).)))).)..)).)))))))))).))).))))))....)))))))))).((((((...((((...((((((((((((....((((....)))).....)))))))))(((.(((..((((((.....((((..(((((((((((((((((((((((((((....((((.((((((..(((.((.((............(((((((((((((((((((((((((((((((((((.((.....)).))))..((((((.(.(((((((((((..........))).)))))))).)))))))(((((((....))))))).........((((.(........).))))(((((((.......((((((((.....(((..((((.((((....(((.((((.((((((..(.....)..)))))).)))).)))......((((.....)))))))))))).)))..))))))))....(.((((.((((((((.....((((....)))))))))))))))).)..)))))))...((((((...(((((..(((.((((.(((.((((((((((............((((...))))((((.....)))).)))).)))))).................((((((.....(((......))).....(((((((..((((.(((.((((((((....(((..((((((........))))))..)))....))))))).).))).))))))))))).))))))))).)))))))..)))))..))))))....(((.((.(....((((..(((((...)))))..))))).)).))).))))))))).))..))))))..))))))))).).)))))))).)))..)))))).)))))))))).......))))))))...(((.........)))....)))))))))))))))))..))))))))))))(((((......))))).)))...))))......))))))........)))).((((....)))).....))))))))))))))))))))....))))((.(......).))
human_weighted_058,-730.7999877929688,(((((((........)))......((((((((((((((((((((...............................................((((....))))......(((((((........)))))))..(((((((((((.((((...(((((...)))))...))))....((.(((((..((((((......(((.((((.(((.........))).)))).))).......))))))..))))).)).))))))))))).((((.....))))(((((((...((((((((.(((((...(((.((....)).)))....)))))...........(((.((((((.(((((....((.(((..((((((((((.(((..((((((.......((((((.......))))))...(((((((((((((((((((......(((((....)))))))))))))).)))..)))))))((((((((...((((.(((((..............))))).))))...))))))))))))))..))).)))))))))).....))).))))))).)))))))))....)))))).(((((((((((((((.((((...((((((((((((((((((......))))).))))))).............))))))...((((((((........(((((((((..........................((((((((((.((((.......)))).))))))))))(((....)))..)))))))))...(((((((((((.(....).).)).))))))))(((((......))))).(((((......)))))..((((((((((.((.((.........)).)).))))).)))))......))))))))..))))))))).)).)))))))).........))..)))))))((.((((((.((....(((((((.(....((((((..(((((((((((............)))).))))))).........(((((((((((((.((....((((.((((((((((((((..((.((((((((((.(.(((((((((...))))))))).).)))..((((...))))((.((.(((.......))).)).))....((((((.((((((.(((.((((((((((((((((((.......))).))))).....(((.((((...)))).))).(((((((..............))))))).((((((.....))))))))).))))))......).))).)))))).))))))((((((((((((.....)))))....(((((....((((((..........))).))).)))))((((((((.............((((((....)))))).((((((((.(((.(((((..(((((((......))))))).)))))...((((((..((........))..)))))).....))).)))))).))..(((((..((((.(.(((((((((((((((((((.......(((((.........))))).........(((((..(.((.(((((((...)))......))))..)))..)))))..)).))))))(((((((((((.....)))))))))))......)))))))))))).)))).)))))..))))))))(((((((...)))))))......)))))))...(((......)))...)))))))))))))))))....)))))).))))((((.......)))).)).)))))))..))))))((((((............(((.((........))..)))((.((..(.(((.....))))..)).))..((((...)))).)))))).))))))....).)))))))...)))).))))))..((.((((....)))).))..))))))))))))))))))))....))))((.(......).))
human_weighted_059,-742.5999755859375,(((((((........)))......((((((((((((((((((((...............................................((((....)))).....((((..((((((((((((((((((((((((((((((.((((...(((((...)))))...))))....((.(((((..((((((......(((.((((.(((.........))).)))).))).......))))))..))))).)).))))))))))).)))..(((((.(((((((.(((((...))))))))))....)))))))....(((((((........((((((.((((((.....(((((..........)))))..(((((((.(((..((((((.......((((((.......))))))...(((((((((((((((((((......(((((....)))))))))))))).)))..)))))))((((((((...((((.(((((..............))))).))))...))))))))))))))..))).)))))))((((((....))))))((((((((..(((((.((((((((((............(((..(((((.(((.((((((((((((......))))).))))))).((((..(((...((((...(((((((((...((((.((((((((((..........................((((((((((.((((.......)))).))))))))))(((....)))..))))))))))..))))((((((((..((((((((.......))))))))((.((((((.((.((...)).)).)))...))))).))))))))(((((((((((.(.(((.(((((.((.(......).)).))))).))).).)))))....))))))........(((((.........)))))..(((((((.(......).)))))))))))))))).))))...)))....))))...))))))))..)))))))).)))))))))).))))))))(((((....(((((.((((((((..(((....)))....(((((...)))))))))))))..))))).....)))))...))))))))))))........))))))).))))))))))(((((.((((((((((((.((((.........((((.(((.((((((((...(((((((......((((.....(((((.....((((.....))))......((((((.((.(((.(((..((((((...))))))..)))))))))))))).))))).((((((..(((....))))))))).)))).......))).))))...))))))))..)))))))....)))).)))))))))))..).)))))(((((.((((((((((((((.....((((...(((((..............)))))...)))).....)))).))))))...((((((...))))))....))).).)))))((.(((.((((((...(((((((....((....))..)))))))....((((((((..(((..(((((((((((...))))).)).........))))..)))(((((..((((((.....(((((((((...(((((...))))))))))))))((((((((...((((((.......)).))))...((((((((.(..((((((..(((((((.(((.....))).))))......)))))))))..)))))))))((((......)))).(((((((.......)))))))........))))))))(((......)))((.((..(.(((.....))))..)).))..((((...)))).)))))).))))))))))))))))))).)))))))))))))))((.((((....)))).))..))))))))))))))))))))....))))((.(......).))
human_weighted_060,-765.0,(((((((........)))......((((((((((((((((((((.............................................((((((((............(((((((........)))))))..(((((((((((.((((...(((((...)))))...))))....((.(((((..((((((......(((.((((.(((.........))).)))).))).......))))))..))))).)).))))))))))).((((.....))))(((((((...((((((.(((((((...(((((..(((((((((...(((........)))....(((.(((((((((..........)))))(((((((((.(((..((((((.......((((((.......))))))...(((((((((((((((((((......(((((....)))))))))))))).)))..)))))))((((((((...((((.(((((..............))))).))))...))))))))))))))..))).)))))))))((((.(((((((.(((........(((..(((.((((((((......((((..........((((((((((((((((((......))))).))))))).............)))))).(((((((.(((......(.((((((.((((..((((((((((..........(((((((((((.((((.......)))).)))))))))))(((.((((((((..((((.(.....((((..((..((((.(((((((((((..((..((.(((.........)))))..)))))))).)))))))))((((((.....))))))((((....)))).)).....))))...).)))))))))).)).)))......)))))))))).)))))))))).)))).))))))))))).(((.((((((.(((((((((((..(((.((((.(.(((((.(((.(((((((.(....).).)))..))).))).))).....))).)))).))).))))))))).)).))))))))))))).)))).)))..)))....))).))))))))))).)))).)))......))))))))).))))))).)))))))))..)).)))))))(((((......)))))...)))))))).((((....(((((((((((..(((((.....((((.((........)).)))).....)))))((((((((.....((...((((..(((((((..(((......)))..)))))))..))))...))((.(((..(((((((....((((......(((......))).......(((.((((((((..(((((.....(((....)))..))))).))))).))).)))))))..((((...(((....))).))))))))))).))).)).((((((.(((((((((.....(((((((((((((((((((.((((.((.((((....))((((((((((...(((....)))....)))))..)))))......)))).))))))))...))))).))))))))))))).))))).).)))))).....(((((((...((.(((.(((..(((((((.((((((((.(..(((..(((.((((((.((((((((((((.((((..((((...((((.((((((..((......))..))).))).(((((.((.......((((((......)))))))).))))).((((((......)))))))))))))))))).)))))))))...))).))..((((......)))).))))))))))..).)))))))).)))))))....)))))).)))))))))..))))))))))))))).))))......))))((.((((....)))).))..))))))))))))))))))))....))))((.(......).))
human_weighted_061,-736.7000122070312,(((((((........)))......((((((((((((((((((((...............................................((((....))))......(((((((........))))))).(((((((((((..((((...(((((...)))))...))))....((.(((((..((((((......(((.((((.(((.........))).)))).))).......))))))..))))).))(((((((((.(((((((.....))))))).)))......(((((((((((...(((.((....)).)))....)))).....)))..)))).......(((((..........)))))...((((((.(((..((((((.......((((((.......))))))...(((((((((((((((((((......(((((....)))))))))))))).)))..)))))))((((((((...((((.(((((..............))))).))))...))))))))))))))..))).))))))))))))..(((((((.((((..((((....((((((((((..(((((..((((...(((...((((.((((((....(((((......))))).((((((..((((((((.((....((((((((((..(((......))))))).)))))).....)).))))))))..))))))((((((((.((((.......)))).)))))))).((((....)))).(((((...)))))...(((((((..((((((.(((....(((..((((((((.....))))))))..)))...(((.(((((((((((.....((.(((((....))))).))...))).....))))))))))).))).))))))....).))))))(((((..((((((.(((((.((((((.(((..((...))..)))))))))))))).))).)))((((.....))))..)))))(((......)))((((((.((((((.....)))))))))).))...))))))))))...))).))))..)))))..)))).)))))))))).)))).))))))).)))))))))))((((((....))))))(((((..(((((.((........)).))))))))))((((((((...(((((((((..((.(..((((((((.((((......((((...))))......))))...))))).))).).))..))))))......((((((((((((((((.((.(((..((((((.(((((((((((((.(((((....((..((........)).)).....))))).)))).((((.....))))...))))).)))).))).)))..))).)).)...(((.((......)))))((.((((.(((...(((((...((..((........))..))...)))))..))).)))).)).))))))))))(((((((...)))).)))....)))))(((((((((((........((((...........))))..(((...((.(((((((...................((((((..(((.....))).))))))(((((((...(((((.((((..((((((((.((.((((((((((((((.((..((.(((........(((.....((((...(((....)))...)))).....))).))).))..)).))))).(((......))).(((((((.(((.(((......))))))))))))).......(((((.((..(.(..(((((..........)))))..).)..))..)))))))))).)))).)).)))))...)))....))))))))))))))))...)))))))..)).))).......)))))).))))))))....))))))))))))))))))))))))))))....))))((.(......).))
human_weighted_062,-754.7999877929688,(((((((........)))......((((((((((((((((((((...............................................((((....))))......(((((((........)))))))(((((((((((((.((((...(((((...)))))...))))....((.(((((..((((((......(((.((((.(((.........))).)))).))).......))))))..))))).)).))))))))))).)).........(((..(((((((((((((((((((((...(((.((....)).)))....)))))...(((((((((((.((((((.(((((....((.(((..((((((((((.(((..((((((.......((((((.......))))))...(((((((((((((((((((......(((((....)))))))))))))).)))..)))))))((((((((...((((.(((((..............))))).))))...))))))))))))))..))).)))))))))).....))).))))))).))))))((((......(.((((((((.(((.((((((((...(((((((((((((((((((......))))).)))))))..((((..((..((((.((((((..((((.....))))(((((((((..........................((((((((((.((((.......)))).))))))))))(((....)))..)))))))))......(((((((((..(((((...(((((((.(((..((((.((((.......(((......)))...))))))))(((..(((..(((((........)))))..)))..))).)))..)))...))))))))))))))))))...........)))))).))))...))....))))((((.....))))..)))))))...)))).)))).)))..(((((((..((..(((((((..((((..(((((((((((.((((((((((........)))))))).....)).))))))))))(((((.....))))).......)..)))).....)))))))..))..))))))))))))))).)......)))))))))))))))))))))).))))))))).)))....((((.(((((.(((((.......))))).))))))))).(((((((..(((((((.......))...))))).)))))))....((((..((((((.....((((.((((((.......(((....)))....))))))))))................((((((((((..((((.((((((((.((((((..............(((..(((((...(((.((((((((...((((((.((((..((((...(((((((.(((((.......))))).....))))))).)))).)))).).)))))))))))))..)))...))))).)))...((((((.....((.((((......(((...(((((((((((((..(..(((.((((.....))))..((((.((((.....((((((((((((..((..(((.(.(((((..((((((((.(((......)))....))))))))))))).).)).)..))..)))))).)))))))))).)))).(((......))).)))..)..))))).)))))))))))(((((((((.......))))))))))))).))....)))))))))))).((((........))))((.(((((..(((((....)))))(((.........)))((.((..(.(((.....))))..)).))..((((...))))))))).)).....))))))))...)))).............))))))))))..))))))))))))))))))))))))))))))....))))((.(......).))
human_weighted_063,-738.2000122070312,(((((((........)))......((((((((((((((((((((...............................................((((....)))).....((((..((((((((((((((((((..((((((((((.((((...(((((...)))))...))))....((.(((((..((((((......(((.((((.(((.........))).)))).))).......))))))..))))).)).))))))))))((((((.....))))))(((((.((((((((((((((((...(((.((....)).)))....)))))((((((((.((((....((((((((..........)))))(((((((((.(((..((((((.......((((((.......))))))...(((((((((((((((((((......(((((....)))))))))))))).)))..)))))))((((((((...((((.(((((..............))))).))))...))))))))))))))..))).)))))))))(((((((((.(((.((.(((((((.(((((((...(((((((......(((((((......((((((((((((((((((......))))).))))))).............))))))..(((.((..((.((((.((((((((((..........................((((((((((.((((.......)))).))))))))))(((....)))..))))))))))..)))))).)).))).......((((((((((((......(((((((((((((...)))))).((((((.......))))))...((.(((.((((....)))).))).))..(((((.(((((((.(((...))).))))))))).))).))))))).....)))))))))))))))))))......)))))))..))))))).))))..))).)).))))))))))))(((((....))))))))....)))).(((((((.......)))))))...(((((((((((.(.(((((((((((.(.(.(((((.((((((......))).....)))))))).).).)).)))))...)))).).)))))))..))))))))))))))))))))))).)))))............))))))))..))))((((..(.(((((.(((....((((..((((.((((((..(((((........(((((.(((.((((((((..((((.....))))..)))..).)))).))))))))))))).))))))......))))..))))....))).))))).)..).)))(((((((((((((((((((((.((.((....((((((.((((((((((..((((.(((((((((((..((((((....)))))).)))(((........))).(((((.......))))).(((((((((((.....((((.((((...........(((((((((((((....)))))..(((((.((...((.....)).)))))))..))))))))))))))))..))))).......))))))..((((((.(((.((...))))).))))))...)))))))).))))..))))))))))...))).))))))).)))))..))))))))......(((((((((((((....))))......(((((.((((((...((((((.(((.......))).))))))......))))))..)))))(((.(((((...))))).)))(((((.((.((((((....)).)))).)).(((........)))...))))))))))))))((.....)).....((((.........))))))))))))............))))))))))((.((((....)))).))..))))))))))))))))))))....))))((.(......).))
human_weighted_064,-760.7000122070312,(((((((........)))......((((((((((((((((((((...............................................((((....))))......(((((((........)))))))..(((((((((((.((((...(((((...)))))...))))....((.(((((..((((((......(((.((((.(((.........))).)))).))).......))))))..))))).)).))))))))))).((((.....))))(((((((((((((((((((.((.....((((((.(((((((((((...........((((((.(((..(((((((((..........)))))(((((((((.(((..((((((.......((((((.......))))))...(((((((((((((((((((......(((((....)))))))))))))).)))..)))))))((((((((...((((.(((((..............))))).))))...))))))))))))))..))).)))))))))((....))((((((......(((((.((....))))))).....))))))....((........)).((((((((((((......))))).)))))))......(((((.((((((((.(((((.(((.......((((((((((..........................((((((((((.((((.......)))).))))))))))(((....)))..))))))))))......(((.((..((((((((.((....))..)))))))).)).)))))).))))))))).)))).....)))))....((((((((....)).)))))).))))..))).))))))))))))))))).))))))..)))))))))((((.(..((.(((((....))))).))..).)))).((((.....)))).(((((((...((((((((......))))))))...)))))))......)))))))))))).....(((((((((((((.((....((((((.(((((.......((((((((((......))))......(((.(((((((...))))))).)))((((.(.((((.((((.((...(((.(((..((((.((.(((((((((....))))..((((((((.((..(((((.(......).).))))))))))))))......(((((((..(((((.((...(((((..((...))..))))).(((....)))..(((((((........)).))))))))).)))...)))))))....(((((((((((((...(((....)))(((((...........)))))...(((((...)))))((((...))))...((.((((..(((((((((((.((....)).)))))..))))))..)))).)).....(((((..((...))..))))))))))).....)))))))((((((.((...(((....))))).))))))(((((.((..((((....((((....(((((.....((((...((.((((.(((((((......((((((((((...))))....(((((.(((((....((..(((((.((((((((((((((((.((((.(((...)))))))...))))))))..)).((((((((((..((((..(.(.(.(((.......))).).).).....))))..))))).))))).)))))))))))..))...))))).))))))))))).......)))))))))))))...)))).......)))))....))))..)))).)))))))))))).)).))))..))).)))....)))))).)))).).))))...)))))).....))))).)))))))).)))))))........))))))))))))))))))))))))))....))))((.(......).))
human_weighted_065,-743.7000122070312,(((((((........)))......((((((((((((((((((((...............................................((((....))))......(((((((........))))))).(((((.(((((..((((...(((((...)))))...)))).......(((((..((((((......(((.((((.(((.........))).)))).))).......))))))..)))))(((((.(((((((((((....(((((((((((((((.....((((.((..((...(((((...(((((((((((..((((...(((((((((((.(((((((.(((((....((.(((..((((((((((.(((..((((((.......((((((.......))))))...(((((((((((((((((((......(((((....)))))))))))))).)))..)))))))((((((((...((((.(((((..............))))).))))...))))))))))))))..))).)))))))))).....))).))))))).))))))).(((.((.(((..((((((...(((...(((((...((((((((((((((((((......))))).))))))).((((((((.((....((((((((((..(((......))))))).)))))).....)).)))))))).....(((((((((((.((((.......)))).)))))))))))((((.((((((((.((((((((..(((((......((((((((.((....))..)))))))))))))))))))))..(.(.(((((....(((((.........)))))....))))).).).))))).)))..))))(((((.((......)).)))))...)))))).))))).))).))))))..))).)))))..((((..((.........)).))))))))))))))).((((......)))).......)))).....)))))))))))...)))))))..))))))..)))).....))))))))))))))))).))))).)))))((((((.((...)).))))))..))))).)))))....((((((.(((((..(((.(((.((.....)).)))..)))(((((((((((...((((........(((..((((((.((((((((((....))))).....))))).))).)))....))).........))))..)))))))..))))....(((((...))))).))))).)))...)))((((.(((((.((((.((.....(((((((......(((...(((((.....(((.......))))))))...((((((........)))))).(((((........)))))(((((....)))))(((....))).......)))......))))))).((.((((((((.(((........)))......((((.((.(((((((.((.(((((..(((((((((((((.......)))))....(((((.............))))).....((..(((((.(((((((....(((((.((((((((((..((.(((....(((((.....)))))..)))))..)))).((((((((.....))))).))))))))).)))))))))))))))))))...((.((((((((..((((..((((...((.((....)).)))))).))))..)).)))))))))))).))))..))))))).))))))).)).))))(((((((((((((..((....)).))))...(((......)))((.((..(.(((.....))))..)).))..((((...))))...))))))))).))))))))...)).)).)))).))))).)))).((((....)))).....))))))))))))))))))))....))))((.(......).))
human_weighted_066,-737.7000122070312,(((((((........)))......((((((((((((((((((((...............................................((((....))))......(((((((........)))))))((((...))))...((((...(((((...)))))...))))....(((((((((((((...((((((.....((((......(((...((((((((((.........((((......(((((((((.....))))))))).)))).((..((((((((((((.((((((..((((((.((((.(((((((((.......((((((((((((((..(((((((.(((((....((.(((..((((((((((.(((..((((((.......((((((.......))))))...(((((((((((((((((((......(((((....)))))))))))))).)))..)))))))((((((((...((((.(((((..............))))).))))...))))))))))))))..))).)))))))))).....))).))))))).))))))).....(((((((((((.((.((((((((((......((((((((((((((((((......))))).))))))).............))))))((((((((.(......).))).)))))..........................(((((((((((.((((.......)))).)))))))))))(((.((((...(((((...)))))..)))).)))((((((((.(.(((((.((((((((.....((((((...........))))))..)))))))).).....)))).)..)))))))).)))))).))))...))...)))).)))))))...(((.(((((..((((......))).)..))))))))))))))).))))))).((((.((....)).))))))))))))).......((((((((((((.((((((.........))))))(.((.((((((...(((((.(((((.((.(((.........))))).))))).))))).)))))))).).(((((...(((((.((....)))))))....)))))..(((((((..((((((((((((.((.((.......(((((..(......)..))))))).)).))).)))))))))..))))))).................))))))).)))))......((((......))))....))))))))))..((((((((...)))).)))))))))).))))))))))))..)).)))))).))))...))).......)))).....)))))).((((..((((((((.((.((((.(((......))))))).)))))))))).))))..(((((((.....)))))))....(((.......)))....))))))))))))).......((((.(((.....(.((((((.((.(((..((((((.....))))))..))).))..))))))).)))))))((((((((((.......(((.((((((((.((.((((((((((.(((((....(((((((....(((......))).)))))))...))).))..))))))))))..)).)))..)))))(((((((.(((....))))))))))(((((....)))))(((((((((.........(((.(((..((((((.((....(((..((((((..(((((((((((((........))).(((((((((.......((.....))......)))))).))).........)))))......)))))....))))))..)))....((((...)))))))))))).))))))......))).)))))).......)))))))))))))............))))))))))))))))))))....))))((.(......).))
human_weighted_067,-722.0,(((((((........)))......((((((((((((((((((((..........(((((................................((((....))))......(((((((........)))))))(((((((((((((.((((...(((((...)))))...))))....((.(((((..((((((......(((.((((.(((.........))).)))).))).......))))))..))))).)).))))))))))).))...(((((.(((((((.(((((...))))))))))....)))))))(((.((((............(((((.((((((((((((.(((((....((.(((..((((((((((.(((..((((((.......((((((.......))))))...(((((((((((((((((((......(((((....)))))))))))))).)))..)))))))((((((((...((((.(((((..............))))).))))...))))))))))))))..))).)))))))))).....))).))))))).)))))))........((((((((.(((((((((..........((((((((((((((((((......))))).))))))).............))))))..((((((..........((((((((((..........................((((((((((.((((.......)))).))))))))))(((....)))..)))))))))).........)))))).((((((((((((......)))))))......((((((((((((((((((..(((..((((...((((.(..(((((((((.(.((((..(.(.(.(((((..(((((((....)))))))..))))).).).)..)))).).))))))))).).))))...))))....))).....))))))))).)))))..))))))))))))))))))....((.((((((((.(((((.((.(((((((..(((((((((...........((((.((....))...)))))))).)))))))))).)).)).)))))..)))..))))).))))))))))))))))))))((((....))))))))))).)))))(((.(((((((..(.((..((((..........((.(((..(((((..((((((.((((((((..(((((((....((.....)).))))))).(((.(((...(((((((((((((.((((.(((((((...(((((...((((..(((((((((((((...................)))))))........((.(((((.......))))).))..((((........))))...(((((((....((...))...))))))).(((((.(((....)))......(((((.............)))))...)))))....)))))).))))...)))))...))))..))).)))))))))))..))))))...))).)))((((...........))))..........(((......)))..(((((...........))))).....(((((........))))).))))))))(((((...((((.(((((.....((((((((((((((((((.((((((((((..........))))))))))...))))..)))))..(((((((.........)))))))........(((((.....)).)))(((((((.....(((((((........)))))))..)))).)))..............((((.........)))).)))..))))))))))).)))))))))..((((...)))).)))))).))))).))))).......)))))).)..))))))).)))................))))))))))))))))))))....))))((.(......).))
human_weighted_068,-752.9000244140625,(((((((........)))......((((((((((((((((((((...............................................((((....))))......(((((((........)))))))..((((.(((.(((((((...(((((...)))))...)))).((.(((((((((((((...(((((((((((((((..((((.(((.(((.((((((((.(((((..(((((((((((((((((((.....))))))))............))))))..((((..((((((((((((((.((....)).))).....((((((((((..((((((((....(((((..........)))))..(((((((.(((..((((((.......((((((.......))))))...(((((((((((((((((((......(((((....)))))))))))))).)))..)))))))((((((((...((((.(((((..............))))).))))...))))))))))))))..))).)))))))((((((....)))))).((((((((.(((......(((..(.((((((((((((........(((((((((((.(((.(((.(((((((.........((((((..(((((....((.((((((((((.........((((((((((..........................((((((((((.((((.......)))).))))))))))(((....)))..))))))))))........))))).))))).))...)))))...)))))))))).))).))).))).....((((.....((((((((....(((((......)))))....)))))))).....)))).))))))))).)).))))).).)))))).)..)))))).))).))))).))))))))..)))))))))).((((.((((..(((..(((((...(((((((..((.((((.(((((((((.((.....(((....(((((((((((((........((((((((..(((.(..(((((((((((((..((((......(.((((((((..(((..((((..((((......))))..))))))).))((((.(((((.......))))))))).((((((((((((....(((...((((((.....))))))..))).......))))....))))))))..))))))).....))))..)))).)))))))))..))))..)))))))).....)))))))))))))....))).))))))).)))).)))).))..)))))))....))))).............(((.((......)).)))..............)))..))))))))..)))))))))))))))(((..((((((((((..(((((.((.(.((....))).))))))).)))....))))))).)))......)))))))))).)))....)))))...))).)))))))....))))))))...((........)).....)))).)))...))))))))))))).)).((((((((.(((..((((((...))))))..)))))..))))))((..(((((((.((..(((((......))))))).)))))))..)).((((.((.((.((..(((((((..((.(((((.....(((....)))........))))).))..((((((((..........))))))))...........((((((((((..((....(((.((.(((((((((.((((........))))..((((.........)))).........))))))))).)).)))))..))))).))))).......)))))))...)).)).)))))).....)))))).)))).((((....)))).....))))))))))))))))))))....))))((.(......).))
human_weighted_069,-739.9000244140625,(((((((........)))......((((((((((((((((((((...............................................((((....))))(((((((((((((........)))))))...((((((((((.((((...(((((...)))))...))))....((.(((((..((((((......(((.((((.(((.........))).)))).))).......))))))..))))).)).))))))))))((((((.....))))))..))))))((((((((((((((...(((.((....)).)))....)))))..(((...((((((......(((((..........)))))..(((((((.(((..((((((.......((((((.......))))))...(((((((((((((((((((......(((((....)))))))))))))).)))..)))))))((((((((...((((.(((((..............))))).))))...))))))))))))))..))).)))))))((((((....))))))......(((((.((....)))))))...(((((((((..........((((((((((((((((((......))))).))))))).............))))))...(((((..(((((((.((.((((..........((((((((..........(((((((((((.((((.......)))).)))))))))))((((((((((((.(((..(((.((.((.((((((........)))))))).((((((((.(((((.(((.((((((.....((((....)).))...)))))).)))((((((((((((.(((.(.(((....))).)))).)))...))))))))).))))).)))).))))...))))).....))))))))).))))))...))))))))......)))))).)))))))..))))))))))))))))))))..)))........)))))))))((((..((((((((.((((..(.((((((.(((.(.((((.......)))).))))((.(((((((((.((.((.((......)).)).)))).))))))).)).)))))))))))..)))))))).))))((((((((((((...(((.((((((((..((((.((.((...(((.((((..((((((..(((((((((.......((((....).)))...((....))..((((((..((.((.((((.((((((((((((((((((..((((((((.(((....))).))))).........((((((...(((.((.......))..)))..(((((.((.....)))))))....)))))).(((.((.(((.((((((.....))))))..))))).)))...((((((....))).))).......(((.(((((..((...))..))))).))))))..))))))......)))).))))..)))).)))).)))))))))).)))))))))...(((((((((.((((....))))(((.....)))(((((((((.(((((...)))))...(((((((..((((((....)).)))))))))))..))))))..)))...((((......)))))))))))))))))))..)))).))))).)).))))..))))))))..((((...(((.((.((((((..(((((((((((.(......).))))))..........(((((((((.((((((((.(((..((((.((((...((((........(((.((........))..)))..))))...)))))))))))))))....)))))))))))))..)))))..)))))).))...))).)))).)))..)))))).))))))...............))))))))))))))))))))....))))((.(......).))
human_weighted_070,-755.5,(((((((........)))......((((((((((((((((((((...............................................((((....))))......(((((((........)))))))((((...))))(((..((((((((....(((((....))))).(((((((((((((((..((..((((..((((.......))))....(((((((((.....((((((........(((((((((.....)))))))))..........((((((((((((((((.((((((...(((.((....)).)))....)))))...(((((((((((((.((((((((..........)))))..(((((((.(((..((((((.......((((((.......))))))...(((((((((((((((((((......(((((....)))))))))))))).)))..)))))))((((((((...((((.(((((..............))))).))))...))))))))))))))..))).)))))))((((((....))))))..(((..(((((((((((...((((((.((...((((((........((((((((((((((((((......))))).))))))).............)))))).((((((((((((.(((((...((((((.........................(((((((((((.((((.......)))).)))))))))))(((((((((.((..(.(((((((((((......))))))))))).).(((((((.((((.(((.((((((..((..(((((((((...(((((..(((....)))(((((((.((((....)))).))).....))))))))).)))))))))....))......)))))).))).))).).))))))))).))).))))))....((..((((((((((((......)))))))))))).)).....)))))))))))...))))))))))))(((((((.......(((.(((((((((...((((((...(((((.....))))).....)))))))))))))))))))))))))...))))))..)).)).))))..)))))))))))...))).))).)))))))))))))..).)))))..........((((....))))...)))))))))))...))))))..)))))))))....(((........)))...(((((..((...))..)))))((((((...........((((((((....((((....))))....))))))))............)))))).))))..))...)))))))))))).)))))))).)))..))).....((((((((((.(.((((...(((.(((((((((((((.(.(((.............(((((....(((......)))....((((((...(((..............)))..(((.((.((((.((...)))))).)).)))))))))..(((((((........)))))))..........((((((.((..(((..(.((((............)))).)..)))..)).))))))))))).(((((((((((..(((((((((.(((((((((...)))))).)))((.(((((((((..((((((.(...).))))))...(((((((((...))))(((((((.....(.((((....)))))...))))))).(((((...(.(((..(((((((........))))..))).))).)))))))))))..))))))))).))........))))))))).(((.....))).))))))).))))..(((((......)))))))))))))))))))))))))..))))..).)))))))))).............))))))))))))))))))))....))))((.(......).))
human_weighted_071,-738.0,(((((((........)))......((((((((((((((((((((..........((((((...............................((((....))))......(((((((........)))))))...((((((((((.((((...(((((...)))))...))))....((.(((((..((((((......(((.((((.(((.........))).)))).))).......))))))..))))).)).))))))))))((((((.....)))))).....((((((((((((..(((.....(((((((...(((......((((.(((((....(((((((((((.(((((....((.(((..((((((((((.(((..((((((.......((((((.......))))))...(((((((((((((((((((......(((((....)))))))))))))).)))..)))))))((((((((...((((.(((((..............))))).))))...))))))))))))))..))).)))))))))).....))).))))))).)))))))....(((.(((....(((.(((((.(((((....((.((((((((((((.(...((((((((((((((((((....((((((.(((....(((((...((((.....)))).)))))..))).))))))..))))))))))).)).((((((((((.((((.......)))).))))))))))(((....)))..(((((.(.((.......)).).)))))(((((((..(((((((((((((((.......)))))))..))..))))))..))))))))))))).)))))))))))).))..))))))))))...)))..))))))))))))))).)))).......)))...))))))))))..))))))).)))))))))))....(((((((.(..((((((.((.((((((.....(((.((((((((((.((..((((((((((((...(((..((....))..)))..(((((.(((...))).))))).((((((((....)))))))))))))))))))).(((.(((....(((((((.....((((((..(((((...)))))((((((((....((((..(((.((((((.(((.....)))..)))))).)))))))..))))))))((((.............)))).....))))))..)))))))...))).)))....((((((((((((.((((..((((((.............(((((((((((...))))))).)))).(((((((....)))....)))).......(((((..((...))..))))).(((((.....(((..((((.((((((((...(((((.(((((((.(((.(((.....))).)))..)))))))...))))).....).))))))))))).)))..)))))(((((...)))))..))))))..))))..)))))))..))))).)))))))........))))).)))....))))))......((((((((((.((((..((((........)))).(((.....)))..((((....)))).((((((((((((...))))).))))))).)))).))))..(((((((((((((.(.((((..((...((((((((......)).)))))).....(((((((.((..(((((.(....((((((((.(((.(((((....)).))))))...))))))))..).)))))..)).).)))))).))..)))).).)))))).((.....))..(((((.((....)).)))))))))).))......(((...))))))))))).))))))..).)))))))....(((((......)).)))((((....)))).....))))))))))))))))))))....))))((.(......).))
human_weighted_072,-747.7999877929688,(((((((........)))......((((((((((((((((((((...............................................((((....))))......(((((((........)))))))((((...))))((((..(((((((....(((((....))))).(((((((((((((((...(((((((((.(((((...(((((...(((((((((((........)))..(((((((((((((((.....))))))))............)))))))...((((((((((((...(((.((....)).)))....)))))....(((((...(((((((((((((..........)))))..(((((((.(((..((((((.......((((((.......))))))...(((((((((((((((((((......(((((....)))))))))))))).)))..)))))))((((((((...((((.(((((..............))))).))))...))))))))))))))..))).)))))))((((((....))))))..((......))...((((((((((.((((..((((..((((((...((((((((((((((((((......))))).))))))).............)))))).((((((((((..((((.((((((((((..........................((((((((((.((((.......)))).))))))))))(((....)))..))))))))))..))))..(((((((.((.(((.((((((((.(.(.((((.((.......))))))).)))))))))..))))).)))))))(.((((....)))).)..((((.........)))))))))))))))))))).)))).................))))...))))..))))))(((.(((.....(((((((((((((((((((((..(((((....))))).....((((((((((((....((((((((((((.......((((.(((.((((.....)))))))))))((((.(((........))).)))).)))))))))..))).....))))))))))))))))..)))))))))...))).)))))))).)))))))))))..))))))))))))..........))))..))))..)))))....))))).))((((.......((((...........))))......))))((((.....))))....(((..(((....((.((((((..((.(((...(((....)))...))).))..))...)))).))))).)))..)))).)))...)))))))))))).)))))))).))..))))......((((((.(.......)))))))...(((((((((((((.((((..((((((..(........)..)))))).....(((((((......................(((.((((.....))).).))).....(((((...((((........))))....)))))...(((((((((((((((......)))..((((((.((((.(((((((((((...)))).)))).(((((((.....)))))))......((((((......)))))))))))))))))))..))))))))))))(((((((.((..(((.(((((((.(((((.((...((((((((((((.((((((.((((.........)))).)))))))))..))))......((((((((.(.(((........))).).))))))))...)))))..)).))))).))).)))).))).(((((((.((.(((..........)))))..))).)))).)))))))))))))))).)))).).))))..))))))))((.((((....)))).))..))))))))))))))))))))....))))((.(......).))
human_weighted_073,-738.0,(((((((........)))......((((((((((((((((((((...............................................((((....))))......(((((((........)))))))..(((((((((((.((((...(((((...)))))...))))....((.(((((..((((((......(((.((((.(((.........))).)))).))).......))))))..))))).)).)))))))))))(((((.....)))))((((((..(((((((((.(((((...(((.((....)).)))....)))))..((((...(((((......(((((..........)))))..(((((((.(((..((((((.......((((((.......))))))...(((((((((((((((((((......(((((....)))))))))))))).)))..)))))))((((((((...((((.(((((..............))))).))))...))))))))))))))..))).)))))))((.(((((.(.((((((.....(((((.((....)))))))((((..((.((((..((........)).((((((((((((......))))).)))))))......(((((....((.((((.((((..((.((((.((((((((((..........................((((((((((.((((.......)))).))))))))))(((....)))..))))))))))..))))))..)))).)))).)))))))(((((......)))))........)))).))..)))).....)))))).)))))).)))))))....))))..((....)).....))))).))))..))))))...(((((((((((((((........((..((((...((((((....(((((..((.((((((((.(((((.(((((...((((((((((((((((.((((((.((....))))))))....((((((((((((...((((((.((((....)))).......((((((((.(((((((.((((..(((.((((.((....)).))))(((((((((((((((((..((((.((.((..(((((((((((....))))..)))))))..)).))))))....)))).)))))(((((((.......))))))).........((((((....((((((..........))).))))))))).))))))))..........((((((((....))))))))))).)))))))))))((((((................(((((....((((...(.(((.((......)).))).)...))))....)))))..)))))).((((.((...)).)))))))))))).((((((...((((((......((........))......))))))..))))))(((((((..((((((.(((.......))).)))))).))))))))).)))).))))))...)))))))))))))).....(((......)))((((((..((...(((((...........)))))))...))))))..((((((((((...)))))))).))......((((((((((((((.....))).))))...((((((((.((.......((((.((((.((.((.((((.(((.........(((((((((....((((((...)))))).....)))))..))))..)))))))(.(((..(((....)))..))).))).)))))))))).......)).))))))))........)))))))))))))))...))))).)......))))...)))))))))).)))))..))))))...)))))).((((......)).)))))))))))..)))))).))))))))))))))))))))....))))((.(......).))
human_weighted_074,-752.5999755859375,(((((((........)))......((((((((((((((((((((...............................................((((....))))......(((((((........)))))))(((((((((((((.((((...(((((...)))))...))))....((.(((((..((((((......(((.((((.(((.........))).)))).))).......))))))..))))).)).))))))))))).))........(.(.(((((((((((((..((((.(((((((.(((...((((((((.....(((...((((((.((((.(((((((.(((((....((.(((..((((((((((.(((..((((((.......((((((.......))))))...(((((((((((((((((((......(((((....)))))))))))))).)))..)))))))((((((((...((((.(((((..............))))).))))...))))))))))))))..))).)))))))))).....))).))))))).)))))))(((((((((((((((((((((...((..(((..(((.(((((((((((((((((......))))).))))))).....((((...((((((((.(((.((((.....))))(((((((((..........................((((((((((.((((.......)))).))))))))))(((....)))..))))))))).(((((((((.(((.(...................).))).))).))))))...))).)))).)))).)))).((((.((....)).))))))))).)))....)))..))..)))))).)))..)))).)))))))).......))))))))))..)))...))))))))(.((((.((((((...(((((....(((((((((.(((.((((......))))..))).))).((((((...(((((.((((((((((((((((..((((((.(((.(((...((((((((.((((((((........))))))))(((......))))))))))).))))))))))))..)))))).(((((...)))))(((((((.....)))))))..((((...)))))))))))).....)).))))))))))).............)))))).....)))))....))))))..)))).)..(((((.......)))))...(((..(((.(((.((((((.((..((......((((((((((((.(((.(((((......)))))..))).)))....(((......))))))))))))......))..)))))))).))).))))))..)))))))))).))))..))))))))))))).).)...((((((........))))))((((..((((.((((((((......(((((...(((..(((..(......)..))).)))..)))))(((.(((((((.((.......(((..(((((((.......((.((((((((((...((((((((..(((((((.((((.(((......))))))).)))..)))).))))))))...))..)))))))).))(((((((...(((((.....)))))...)))))))......))))))).))).((((((.(((....))).))))))...(((((.(((((((.((....))...))))))).))))).....(((((((((..(((....(((.((.(((((((((..(((.......((.(((((............))).)).))))).))))))))).)).)))))).))))..))))))).))))))))))))))))))...)))).(((((......)).)))((((....)))))))).))))))))))))))))))))....))))((.(......).))
human_weighted_075,-762.2000122070312,(((((((........)))......((((((((((((((((((((...............................................((((....))))......(((((((........)))))))(((((..((((((((....(((((.(((((.((..(((((.(((((((((((((((((...(((...(((.((((.(((.........))).)))).))).......((((......(((((((((.....))))))))).)))).........((((((..((((((..(((.((((((.(.((((((...............(((.......((((((((.(((((....((.(((..((((((((((.(((..((((((.......((((((.......))))))...(((((((((((((((((((......(((((....)))))))))))))).)))..)))))))((((((((...((((.(((((..............))))).))))...))))))))))))))..))).)))))))))).....))).))))))).))))))).).......)))((((((.(((((((..........((((((((((((((((((......))))).))))))).............))))))(((((.(((....((((.((((((((((..........................((((((((((.((((.......)))).))))))))))(((....)))..))))))))))..))))..)))))))))))))))...((((((.((((((((((((((.(((.(((.(((((.((.........)).))))).))).(((.((((((((.((((...........((((((((.((.(((.(((.(((.((.......)).))).))).)))..)).))))))))((((.(((((((..((((((.(((.((....((((((.......))))))..)).)))(((((....(((.((((.(((((((.((......)).))))))).)))).)))...)))))...))))))((((.(((.((.((((((((((((.((((((((....((((......)))).)))))))).))))))..((((.((.....))))))..)))))).)).))).))))....))))))).)))).((((....((((((......((((...))))......))))))....)))))))).))))))))..)))))).))).)))))))..))))..))))))((((((.((...)).))))))))))))......((((((.....((.....))..)))))).)))))).).)))))))))....)))).....))..))))))..(((....(((.(((((((((((.((.......))..))))))))))).)))....))))))...)))))))))))).))).......))..))))).)))))))..)))))))))))))...)))))..(((((((..(((....)))...)))))))(((((((......(((((.(((((..........)))))........((((.(((((((....((......))....))))))))).))..(((((....((((((((((((((((.(((((((((((........))))))))))).)))))))).))....((((....))))(((((((..(((((((......(((..(((((((.((((((...(((...(((.............))))))))))))(((((((.......((.(((((.((.....))..))).)).))))))))).)))))))..)))....)))))))..))))))).)))))).....)))))........))))).......)))))))..............))))))))))))))))))))....))))((.(......).))
human_weighted_076,-750.9000244140625,(((((((........)))......((((((((((((((((((((...............................................((((....))))..(((((((((((........))))))((((((((((((((.((((...(((((...)))))...))))....((.(((((..((((((......(((.((((.(((.........))).)))).))).......))))))..))))).)).))))))))))).))).....(((((((...........(((((((((((...(((.((....)).)))....)))).....)))..)))).......(((((..........)))))..(((((((.(((..((((((.......((((((.......))))))...(((((((((((((((((((......(((((....)))))))))))))).)))..)))))))((((((((...((((.(((((..............))))).))))...))))))))))))))..))).)))))))((((((....))))))))))))))))))...((((((((((((.(((((((.(((((....((.((((((((((..(((((......))))).....((((((..((((...(((.(((((((((((((..((.......(.(((((((((.................(((..((((((((((.((((.......)))).)))))))))))))..((((((...))).)))...))))))))).)......(.(((((((......))))))))))..))).)).))))))))..))).))))...)))))).....)))))))))).))..))))))))))....)).).))))..)))))))((((.........))))......(((((((((((((((.((....(((......(((((.(....((((((.(((((.(((((((((((((((.(((((((.((((((.((.(((((...(((....)))(((((((((((.((((((.(((((....)))))((((...)))).((((((....))))))...............(((((((.((....)).))))))).))))))..))))))))))).((((((((((((((.(....).)))).......((((.....))))(((((((.((((..............))))..)))))))..))))).)))))))))).)).)))))).))))))).))))....))))).))))))......((((....(((((.....(((((((.(((((((..((((((........))....)))).))))))).......((((((((....((((((((.((((((((..((.(((((......))))).))..))))))))))).....))))).............(((((......))..))).))))))))..........(((((((......((((....))))....(((((((((.((..(((((((((((((..(((((..((....((......))((..((((((.((((..((((.......))))..))))..))))))..))))..))).))..))).))))))(((((((((((((((..(((((.((((((((((....((((((.(((((((((((.(....((((.((((((...)))))).))))).)))))......)))))))))).))....)))))....))).)).)))))..)))))))...)))).)))).((((.(((.....)))..))))..........)))).)))))))))))))))))).))))))).)))))..)))))))))...))))))....).)))))......)))...))))).))))).......))))))).))))))))))))))))))))....))))((.(......).))
human_weighted_077,-752.5999755859375,(((((((........)))......((((((((((((((((((((...............................................((((....)))).....((((..((((((((((((((((((((((((((((((.((((...(((((...)))))...))))....((.(((((..((((((......(((.((((.(((.........))).)))).))).......))))))..))))).)).))))))))))).)))..(((((.(((((((.(((((...))))))))))....)))))))....(((((..(((((((((.(((.(((.........(((((..........)))))..(((((((.(((..((((((.......((((((.......))))))...(((((((((((((((((((......(((((....)))))))))))))).)))..)))))))((((((((...((((.(((((..............))))).))))...))))))))))))))..))).)))))))((((((....)))))).(((((((..((((........(((((((((.(((((..(((((...((((..((((((((((((......))))).))))))).((((((((.((....((((((((((..(((......))))))).)))))).....)).))))))))......((((((((((.((((.......)))).))))))))))(((....)))..(((((.((((((((((((((((.........)))))...))))))))))))))))......((((((((((((.(..(((.(.((....((((.(.((((((((((((((((...(.(.(((((...((((((((.....))))).))).))))).).).....))))))........)))))))))).).)))))).)))).).)))))).)))))))))))))))..))))).)))((((((.........))))))...)))))))))).))))))).))).))).)))))))))...(((((((((((((((....((((.((((.........)))).)))))))))).)))....))))))((((((...)))))).))))).))))))))))...((((((((((...((((....(((((((....).)))))).)))).))))))))))................((((......((((((.....((((...((((((((((((...((((.((..(((....)))))))))..)))))..)))))))...))))..))))))......)))).......((..((((.(((((((.(((.((..((....))...)).)))..((((((......((((((((..(((((((((..((((((..(((((((.....(.(((..(((....)))..))).)((((((.((.((((.((...((...((((...))))..))...)))))).))))))))...((((................)))).....))))))).)))))).(((((.((.....)))))))...((((((...))))))....))))))))).))))).)))))))))......(((((((((((((((.((((...)))))))..)))))....))))))).((((((.((((....)))).)))))).........((((....(((((((((.((((.(((((........))))).))))...((((((.(((.(((.(((.....(((((((.((((........)))).....((((......)))).........))))))))))..))).))).)))))).))))))))).....)))))))))))...))))..)).))))))))))((.((((....)))).))..))))))))))))))))))))....))))((.(......).))
human_weighted_078,-753.0,(((((((........)))......((((((((((((((((((((...............................................((((....))))......(((((((........)))))))...((((((((((.((((...(((((...)))))...))))....((.(((((..((((((......(((.((((.(((.........))).)))).))).......))))))..))))).)).))))))))))((((((.....)))))).((((((((..(((((((((((...(((.((....)).)))....)))).....)))..)))).......(((((..........)))))(((((((((.(((..((((((.......((((((.......))))))...(((((((((((((((((((......(((((....)))))))))))))).)))..)))))))((((((((...((((.(((((..............))))).))))...))))))))))))))..))).)))))))))((((....)))).(((.((((((((((.(((..(((((((((...(((..(((((((..((((((((((((((((((((......))))).))))))).............)))))(((((((..(((..((((.((((((((((..........................((((((((((.((((.......)))).))))))))))(((....)))..))))))))))..))))(((.(((.(((((((.(...(((((.(....).))))).........((((((....(((.......)))...)))))).).))))))).).)).)))....)))..))))))).((((..(((((((....)))))))..)))))))..)))))))...))).)))).)))))..))).((((((((((((((((((.(((((((.((.(((((.......))))))).......(((.((((((....((((((((((((...(((((((((((.((.(.(((((.(((((..........))))))))))(((...((((((((......))))))))...)))).)).)))))))))))..(((((((.....)))))))))))))))))))..))))).).)))...(((.(((.(((((((((.((((...))))(((....)))......(((((...(((....))))))))..)))))))))))).)))))))....))).)))))).).))).)))))))).(((((((...)))))))...........)))))))))).))))))))))).(((.....)))..(((...((((((.....(((((((((((.(.((((...(((.((((((.(((((...(((...((((((................)))))).(.((((.((((((.((.(((.(((..((..((((.(....)))))..)).)))))).))))))))((((.(((.((((((((((.......))))))........(((((..((.(((((.(((.....(((.....(((((..((.(((.....((((....))))..))).)).))))).....)))...))))))))))..)))))(((((((((((((((.(((..(..(((((((((.((((..((((....((.(((((((((.........))).)))))).)))))).))))(((..((.((((((.....)))))).)).)))............)))))))))..)..))).)))))))))(((......)))..)))))).(((.....)))...))))))).))))..(((...))))))).)))).))))))))))).)))..))))..).)))))))))))..)))))).)))))))))))))))))))))))....))))((.(......).))
human_weighted_079,-760.5,(((((((........)))......((((((((((((((((((((...........((((................................((((....))))......(((((((........)))))))(((((((((((((.((((...(((((...)))))...))))....((.(((((..((((((......(((.((((.(((.........))).)))).))).......))))))..))))).)).))))))))))).)).....(((.(((((.(((((((.((((((((.(((((.(((.((....)).)))...(((........)))...(((.((((((.(((((....((.(((..((((((((((.(((..((((((.......((((((.......))))))...(((((((((((((((((((......(((((....)))))))))))))).)))..)))))))((((((((...((((.(((((..............))))).))))...))))))))))))))..))).)))))))))).....))).))))))).))))))))).......(((((((.....(((((..........((((((((((((((((((......))))).))))))).............)))))).(((.((.((((.((((..(((((((((..........................((((((((((.((((.......)))).))))))))))(((....)))..))))))))).....)))).)))).)).)))......))))).....))))))).....(((((..........)))))..))))))).)))))).))))))).))))).))))))).......((((.((((((((..(((...))))))))))).)))).(((((.((..((((...((((((....(((((...(.(((((..(((((((.(((((.(((((....))))))))))((.((((((((..((((((((((.(((((((((((((((((((((..((((((.(((((((.((.......)).))))))).))....))))....((((((((...)))).)))).((((((...))))))(((...)))..))))))))))).))))((((((((.(((.(((((((..(((...(((......(((((.((((.(((..((((((((....(((((((..............)))))))))).)))))..))).))))..)))))...))))))..)))))))..))).).)))))))((((...(((((..((..(((((((........))))))).......(((((...........)))))..(((((((.((((.((.(((((.((...(((((((....))))))))).)))))...((((((..........)))))).......(((((..((...))..)))))..)).)))).)))))))))..)))))...))))..((((((((....))))))))..)))))..).))))......))))))((....))....)))))))).))...........(((..((((((..(((..((((.....))))((((...(((((((..(..(.((((((...((((((((((..((((((((..(((((((((((((.(((((...(((....)))...)))......(((..((((((..(((((.......)))))..)))))))))((((....)))))).))))))))....)))))))))))))))))))..........))))..)))))))..)..))))))).)))))))....)))))).))).....)))))..))..)))))).)))))..))))))...))).)..)).))))).....((.((((....)))).))..))))))))))))))))))))....))))((.(......).))
human_weighted_080,-745.0999755859375,(((((((........)))......((((((((((((((((((((...............................................((((....))))..(((((((((((........))))))((((((((((((((.((((...(((((...)))))...))))....((.(((((..((((((......(((.((((.(((.........))).)))).))).......))))))..))))).)).))))))))))).)))..........(((((.(((((...))))))))))....)))))((((((........(((....(((((((((((((.....(((((..........)))))(((((((((.(((..((((((.......((((((.......))))))...(((((((((((((((((((......(((((....)))))))))))))).)))..)))))))((((((((...((((.(((((..............))))).))))...))))))))))))))..))).)))))))))..((((((..(((((((((((((((.(((......((((.(.....).))))..((........)).((((((((((((......))))).)))))))..(((((((((.....((((((((((..(((......))))))).)))))).................(((..((((((((((.((((.......)))).)))))))))))))(((((((..(((((((((((((((((....)))))))))))).......))))).))))))))))))))))))).))))))))...)))))))..)))))))))))....)))))).))...)))...........)))))).(((((((.(((((.......)))))....(((.((((((((((.((.((.((((......))))(((.(.(((((((..((((((.(((((((((((.......)))))...((((((((.((((((((((((((((((((((.(((....))).))).)))...)))).)))))).........(((((((((((((((((((((.....(((((.(.(((((.(((.((((.(((((.((.(...(((((((.....)))))))...).)).))))))))).)))..))))).))))))))))).(((.((((...)))).)))..(((((((................(..((((((.((((((((.((((.((.((((((.....(((..(((..((((((((....(((((....((((.(..((.......))...).))))......)))))....)))))))).))).)))..)))))))).....((....)).....)))).)))))))).))))))..)(((((((...((...))...))))))).....))))))).(((.((......)).))).((((((((...((((((...))))))..........(((((((((.....)))))))))..................(((......)))((..((...))..)).)))))))).....((...((((((((((((((((((.(((......))).)))))...))))).)).))))))..))))))))))))).)))))((((((((((......))))))))))((((((.(.((..(((((...)))))....)).).)))))).......((((...(((((((((((((((.....))))))))).))))))))))(((((..(((.(((........................))).))).))))))))))))))))))).........)))))).))))))..))))))))))))).)).))))))).))).))))))))))((.((((....)))).))..))))))))))))))))))))....))))((.(......).))
human_weighted_081,-753.4000244140625,(((((((........)))......((((((((((((((((((((...............................................((((....))))......(((((((........)))))))..(((((((((((.((((...(((((...)))))...))))....((.(((((..((((((......(((.((((.(((.........))).)))).))).......))))))..))))).)).))))))))))).((((.....))))(((((.(((((...)))))))))).((((((..(((((((((...................(((((((.((((((((..........)))))..(((((((.(((..((((((.......((((((.......))))))...(((((((((((((((((((......(((((....)))))))))))))).)))..)))))))((((((((...((((.(((((..............))))).))))...))))))))))))))..))).)))))))((((((....)))))).(((((((......((((.((((..((.((((((((((.(((((...((((((((((.(((((..(((((.((((((((((((....((((((.(((....(((((...((((.....)))).)))))..))).))))))..))))))))).....(((((((((((.((((.......)))).)))))))))))(((.(((((((...(((.(((.....(((((((....)))))))..))))))...))))))))))....(.((((((......)))))).)...))))))))..........((((((((.(((........))))))))))).....(((((.((....)).)))))....))))).....))))))))))(((((((((((((((((.....)))))))))))))))))..))))).))))))))))...((((....))))...))..)))).))))....))))))).((((((((..(((.(((....)))))).)))))).)).(((((((.((((.(((((((.....(((((...)))))......))))))))))).)))))))......))).)))))))..)))))))))..))))))..((((((((.(((.((((.(((((.((((((((.....((((....)))).....))))...........((((.(((((((((((....(((((........(((((...))))).........)))))))).....((((.(((....................)))))))....((((((.(((...(((((...((((((((...((((...)))).((((.((((((.....))))))..)))).(((((...))))).))))))))...))))).....(((((...(....)..)))))...........(.(((((((........)).))))).).(((((((((((...((((.......(((((((((.(((....))).))))(((((((.(((..(((...(.(((...))).).)))...)))...))))))).(((((((((((....(((((((((((((((.((((.((((((((((.(((((.((((....)))).))))).(((((((.((....(.(((..((.....))..))).)....)))))))..))))))))))))))))(((......)))(((.....))))))))))(((((.(((.........))).)))))......)))))))).............)))))))))))))))).....))))...))))).))))))))).))))))..))))))))...))))..)))).)))))...)))).)))..)))))).)).))))))))))))))))))))....))))((.(......).))
human_weighted_082,-740.5,(((((((........)))......((((((((((((((((((((...............................................((((....))))......(((((((........)))))))..((((.(((.(((((((...(((((...)))))...))))...(((((((((((((((((.....((((....(((.((((((((.(((.((((((((((((((..((((......(((((((((.....))))))))).))))..(((.(((((..((((((((.(.((.(((..((((((.((((.((((..........((((.((((((((((((((.(((((....((.(((..((((((((((.(((..((((((.......((((((.......))))))...(((((((((((((((((((......(((((....)))))))))))))).)))..)))))))((((((((...((((.(((((..............))))).))))...))))))))))))))..))).)))))))))).....))).))))))).))))))).((((((.((.(((((((((.((((((..((((...((((.((((...(((((((.((((((.........((((((..(((((((..(((.(((((.(((....(((((.(((((((((..........................((((((((((.((((.......)))).))))))))))(((....)))..)))))))))..)))))..)))))))).)))......)))))))))))))((((((.......))))))(((.((((((((.(((.((....))))).))))).)))))).)))))).)))))...))...))))))))))))....))))))))))))...)))...))..)))))).(((((..(.((((((..(((((((((.((((((((..(((((((((.((.....)).))).))))))..........))))))))...))))))))))))))).)..))))).))))))).)))).(((((((((..((.(((.(((....(((......)))...))).))).))...)))))))))...)))))))).)))...)))....))).)).).))))).))).))))).))).....((((((.((((....((((..((.(((.....((((...)))).....))).))..)).))....))))))))))((((.(......).))))...)))))))).)))...))).)))...))))))))..)))(((((.....(((((........(((....)))........)))))..))))).)))).....)))))))).))))).)))).....((((.....(((((((((.(((.((((.....(((((....(((((...(((....))))))))...........(((((((.(((((...)))))((((........)))))))))))..(((((((.(((.......)))..))))))))))))))))......((((.(((((((((....((((((((....((((.((((.(.((((.((((((((((.......(((((..((((((((.....(((((((...(((((.(..(.(((.....))).)..).))))))))))))..)))))))).)))))........)))).))))))))))))))).)))).....(((((.(((....))).))))).(((((((.....)))))))))))))))((((((((........))).......(((......)))((.((..(.(((.....))))..)).))..)))))))))).)))).)))))))))))))))).....))))....)))))).)))).((((....)))).....))))))))))))))))))))....))))((.(......).))
human_weighted_083,-749.0999755859375,(((((((........)))......((((((((((((((((((((...............................................((((....))))......(((((((........))))))).(((((((((((..((((...(((((...)))))...))))((((...(((((..((((((......(((.((((.(((.........))).)))).))).......))))))..)))))((((((.....))))))....(((((.(((((((.(((((...))))))))))....)))))))((((((((............((.....((((((.....((((((....((((((..((((((((((.(((..((((((.......((((((.......))))))...(((((((((((((((((((......(((((....)))))))))))))).)))..)))))))((((((((...((((.(((((..............))))).))))...))))))))))))))..))).))))))))))..(((((((((((......(((((.((....))))))).....))))))....((........)).((((((((((((......))))).))))))).((((((((.((....((((((((((..(((......))))))).)))))).....)).)))))))).)))))((((((((((.((((.......)))).)))))))))).))))))(((.(((((.(.((..(((((((((((....)))))))))))..))).))))))))((((((((((((((((....))))))..)))).))))))...(((((.(((((.....))))).))))).....))))))....)))))).....))........(((((.(........).)))))((((((....(((.(((((((.((((((..((((((((((((((((....))))((.(((((.((.(((....)))))....))))).)).))))))))))))....)))))).)...)))))).))))))))).))))))))))))..(((((....))))).....)))))))))))..(((((((...(((((((((((...))))).(((.((.((((...((((((((.(((((((((.....((((.......((((.((((((...((((.(((.....(((((.........)))))......))))))).....)))...((((((.........)))))).((..((((....((((....))))...))))...)).(((........))).((((.(........).))))..))).)))).......))))......))))))))).))))...)))).....(((((((((((((((.((((((.((((((.((((((..............(((.((......)).))).((((((((........((((...)))).((((((((.(((.(.(((((((........))))))).).)))..))))..))))...(((.((......)).))).))))))))..........(((.....)))...(((....))).(.((((((((...(((((.((.......)).)))))...)))))).)).).)))))).)))))).....((((((((((....((.(((((...(((((.(.((((((...(((........)))....)))))).)...)))))(((((...))))).(((.(((((........))))).)))............((((.((.....))..))))..))))).))..))))))))))....))))))....)))))))))))..)))).)))).))..))).)).))))..)))))))((.((((....)))).))..))))))))))))))))))))....))))((.(......).))
human_weighted_084,-745.9000244140625,(((((((........)))......((((((((((((((((((((...............................................((((....))))......(((((((........))))))).......((((((((....(((((.((((.(((..((((((((..((.(((((..((((((......(((.((((.(((.........))).)))).))).......))))))..))))).))........(((((((((((.....(((((.(((((((((.((((((.((((((...))))))..((((((......(((((((((.((((.((.....(((((..........)))))(((((((((.(((..((((((.......((((((.......))))))...(((((((((((((((((((......(((((....)))))))))))))).)))..)))))))((((((((...((((.(((((..............))))).))))...))))))))))))))..))).)))))))))((....)).(((((......(((((.((....))))))).....)))))(((..((.....((((((((((((((((((......))))).))))))).............))))))((((((((.(......).))).)))))...(((((((((((((.........((((((((((((.((((.......)))).))))))))))))(((((((((((((.(((((..(((....(((((((((...((((((((......))))))))......(((..(((.(((..((....))..))).)))..)))))))))))))))..))))).))).)))....)))))))..(((((....))))).......)))))))))).)))..))..))))).)))).)))))))))((((....))))((((......)))).)))))).((((((((((..(((((((.((((.(((((((....(((((((((.(((((.((((((.((((.........((((((((((((.(((..(((((.(((.(((......((..(((((((...)))))))...))....))).)).).)))))..))).))).))))))))))))))))))).)))))............)))))))))..)))))))..)))).))))....)))..)))))))))).......((((..((((((...((..(((........))).......))....))))))..)))))))))).))))))))).))).))......)))))))))))..............(((((..((...))..))))).)).)))))).)))))))..))))))))))))).((..(((((.((((((..((((...((((((((((..((..(((((((((((((((((..((...((..(((.(..((((((...))))))(((...)))....((.(((.(((((((((((........))))))))).)))))..)).........).)))..))...))..))).....)))))..)))))........))))..))..)))))))))).((((((((..(((((((.((.(((((..(((((....(((.((((.((((((.(..((..(((((((...)))))))..))..)))))))..(((((...)))))...)))))))....)))))..)))))..)).))))))).(((((((((((.((.((((..(.(((((..(((..(((((.............((((.........)))).)))))..))).))))))..)))).))))))))..))))))))))))).)))).)))))))))))..))(((((......)).)))((((....)))).....))))))))))))))))))))....))))((.(......).))
human_weighted_085,-752.9000244140625,(((((((........)))......((((((((((((((((((((...............................................((((....))))..(((((((((((........))))))((((((((((((((.((((...(((((...)))))...))))....((.(((((..((((((......(((.((((.(((.........))).)))).))).......))))))..))))).)).))))))))))).)))..........(((((.(((((...))))))))))....))))).((((((((((..........((((((....(((((((((.(((((....((.(((..((((((((((.(((..((((((.......((((((.......))))))...(((((((((((((((((((......(((((....)))))))))))))).)))..)))))))((((((((...((((.(((((..............))))).))))...))))))))))))))..))).)))))))))).....))).))))))).))))))).(((.(((((((((((((((((((((...((........)).((((((((((((......))))).)))))))(((((.(((((((.((((.((((..((..........((((((((((..........................((((((((((.((((.......)))).))))))))))(((....)))..))))))))))........))..)))).))).).)))))).).)))))..)))))))))...((((((((((((........(((((.((((..((((((((((((.(.(((((((.((....)).)).(((((((....))))))).(((((((...)))))))........)))))).)))))))))..)))..)))).))))))))))).))))))..))))))..........(((((((((((((((..(((((....(.(((..((((((((.((.......)))))))))).))).)))))).((((((((((((.....)))))))....)))))...)))))))))))))))))))))))).(((((....))))).))...)))))))))))))))).(((((((.((((((.......))).)))))))))).((((((((.(..((((.......(((....))).......))))..((((.(((((((..(((.....)))....(((((((((...))))..)))))(((.((.(((((((((((...)))..)))))))).)).))).................(((.(((((.((.....)))))))....((.((((((..........).))))).))((((.(((((((((((((((...(((..((((((((.(.((((........(((((((((.............(((..((((((...(((((((((.(((((....)))))..))).((((...((((((...((((................))))..))))))..))))............))))))...))))))..))))))))))))((((((.(.((((((.(((((...(((((((((((((((((((((((((((.....)))...))))))))))).)))..((((((.((((.(((.....(((..(....)..)))....))))))))))))).)))))).)))).......)))))))))))..).))))))(((((........((((..((....)).)))).......)))))..)))).)))).....)))))..)).)...)))))))...))))))))))))...))))))))))...)))).....).))))))))((.((((....)))).))..))))))))))))))))))))....))))((.(......).))
human_weighted_086,-741.4000244140625,(((((((........)))......((((((((((((((((((((...............................................((((....))))(((((((((((((........)))))))...((((((((((.((((...(((((...)))))...))))....((.(((((..((((((......(((.((((.(((.........))).)))).))).......))))))..))))).)).))))))))))((((((.....))))))..)))))).(((((((((..(((((((.(((..((((..((.(((((((((.....(((.(((((((((((.(((((....((.(((..((((((((((.(((..((((((.......((((((.......))))))...(((((((((((((((((((......(((((....)))))))))))))).)))..)))))))((((((((...((((.(((((..............))))).))))...))))))))))))))..))).)))))))))).....))).))))))).))))))).(((.((((((((((..((((((((((..((........)).((((((((((((......))))).)))))))((((..((((((...((.((((((.((..((.((((.((((((((((..........................((((((((((.((((.......)))).))))))))))(((....)))..))))))))))..)))))).)).).))))).))..))))))...)))).))))))))))(((((((((((((.((((.((((((((((...((((((.........)))))).))).)))))))))))(((((((.....)))))))))))....)))).))))).......))))..)))))))))))))..)))...))))))))).))....(((.(((....))).)))((((((((.((((((((....((((((((.(((((...))))).))))))))...(((.......)))...(((.(((((....))))))))((((.(((((....((((.(((..((..(((((((.((((((((((((((((.((((.((.(((.....))).))..)))).))))))))).)))...........(((.((..(((.((((((.....((((......((((((..............))))))....))))....))))))))))).))).............)))).)))))))((((((((((...)))))))).))..............))..)))..))))....))))).)))))))))))).))))..))))...))))..))).))).)))).)))).))))).((((.((((.((((((((.((((...........))))..((..(((((.......))))).)).(((((((......((((...)))))))))..)).......(((((.((((((.......(((((...............)))))....((((.((((((((..(((.(((.(((....((((...))))....)))))))))))))...(((((((((((..(((((......))))))))))))))))(((((((((.(((((((((((((((...(((((..(((((...((((((.(((.....))).))))))..)))))..))))).(((....))).......((((.(((........))).)))).((((......))))))))))))))))...))).))..)).))))).....((.((..(.(((.....))))..)).))..((((...)))))))).)))))))))).))))))))))))).)))))))).....((.((((....)))).))..))))))))))))))))))))....))))((.(......).))
human_weighted_087,-740.7000122070312,(((((((........)))......((((((((((((((((((((...............................................((((....))))......(((((((........)))))))(((((((((((((.((((...(((((...)))))...))))....((.(((((..((((((......(((.((((.(((.........))).)))).))).......))))))..))))).)).))))))))))).)).......((((((.((.(((((((..(((((((((...(((.((....)).)))....)))).........(((((((.....(((((..........)))))..(((((((.(((..((((((.......((((((.......))))))...(((((((((((((((((((......(((((....)))))))))))))).)))..)))))))((((((((...((((.(((((..............))))).))))...))))))))))))))..))).)))))))((((((....)))))).((((.((((.((.(((((((.(((...(((((((((..........((((((((((((((((((......))))).))))))).............))))))..((((((..((.(((((.(((((((((..........................((((((((((.((((.......)))).))))))))))(((....)))..)))))))))..))))))).)))))).))))))))).(((((.....)))))(((((((((((..((....((((((.....(((.((((((((.(((((((.....((..(((((((.((...(((((((((((((....)))))))))(((((....))))).....(((.((.((((((..(((((..((.....((((((((((((((((.((((.((((.((((.((.......)).))))..)))).)))).)))))))))(..(((((((((((...(((((((((.(((((((....(((((..........)))))..((.(((.(((.(((....(((((...))))).....))).)))))).))(((.(((..((((((.....))))))..))).))).)))))))..)))))..))))...)))))))))))..).)))))))......((((((................))))))))..)))))..))))))))))).(((((((((((((((((((........)))).(((((((((.(((.....)))..)))).)))))((.....)).........((((((.....))))))(((((.........)))))((((..(((((((((((..(((((.......)))))..)))..(((((((..(........)..)))))))..)))))))).))))..))))).))))))))))..))))))))))))).))))))).)))))))))))))........)))))).....))....)))))))))))))).))))))).))))))))))..........((((((((..........)))....)))))...))))))).((((((((((.(((....))))))))))))).((((((((((((((((((......))))))))))...)))).))))......(((.((.((((((...((((((((...)))))..))))))))).)))))..))))).))))))))).))..))))(((((((((.((..(((......((((((((............))))..(((((.(....((.((((..((.....))......)))).))).)))))............)))).....))).)))))))))))................))))))))))))))))))))....))))((.(......).))
human_weighted_088,-745.5999755859375,(((((((........)))......((((((((((((((((((((...............................................((((....))))......(((((((........)))))))..(((((((((((((...((((((........((((((((((((.((((((((((((.(((((((((.((..(((((((((..(.((.((((((((...............(((((((((((((((.....))))))))............)))))))...((((((((((((...(((.((....)).)))....)))))...((((((((.((((.((.(((((..........)))))..(((((((.(((..((((((.......((((((.......))))))...(((((((((((((((((((......(((((....)))))))))))))).)))..)))))))((((((((...((((.(((((..............))))).))))...))))))))))))))..))).)))))))((((((....))))))((((.......((((.((.((((.(((((.....((....))...((((((..((((((((((((......))))).))))))).....(((((.....((((.(((.((((.((.(((((((((((((((..........................((((((((((.((((.......)))).))))))))))(((....)))..)))))))))).(((...((((((.(.(.((.(((((((......))))))))).)...).))))))...))).((((((((((((.((.(((....))).)).)))))..(((((.((.(((....)).).)).)))))))))))).......))))))))))).))).)))))))))((.(((.((.(((((..(((.((((.(((((.((((((....(((((((..((((.....(((.((.........)).)))..)))))))))))))))))))))))))).)))..))).)).)).))).))..)))))).(((((((((.(((......)))))))))).))...))))).)))).)))))).(((((....))))))))))).)))).))))))))..))))))).)))).)))).))..)...))))))))))).)))))).(((.((((....)))).))).(((.......))).....(((.((......)).)))....(((((((.....((((...(((.((((.((((.....)))).)))).))).....))))...)))))))........)))...))))))))))))......(((((..((((((....((((...)))))))))).))))).)))).((((((((......)))))))).....))))))))))))))..(((.(((((((..(((((((((..((((((...)))))))))....((((((..(((.(((.......((((........)))).......))))))..)))))).(((......)))..)))))).(((((......((((...))))))))).......(((((((...((((((((....((.((...(((((((((((((((((((((((((((.((((.....(((((((((((.(((.((......((((((((.....)).)))))).....)).))).))........)))))))))..........((...(((((((....)))))))....)))))).)))))))......))))..((((.........)))).)))))).))).....)))))))...)).)).....)))))))))))))))...)))))))))).))))))))).......)))).((((....)))).....))))))))))))))))))))....))))((.(......).))
human_weighted_089,-745.5999755859375,(((((((........)))......((((((((((((((((((((...............................................((((....))))......(((((((........)))))))..((((((((((((((((...(((((...)))))...))))..(((((((((((((((..((..((((((.((((.(((.........))).)))).))........((((......(((((((((.....))))))))).))))....((((..(.(((((((((((((((((..(((((..(((.((((((....((((((.(((........(((((((.(((((....((.(((..((((((((((.(((..((((((.......((((((.......))))))...(((((((((((((((((((......(((((....)))))))))))))).)))..)))))))((((((((...((((.(((((..............))))).))))...))))))))))))))..))).)))))))))).....))).))))))).))))))).((((((((.((((((.(.((((.(((........(((((((((((((((((((((((((...(((((...)))))..))((((((..((.((((.((((..((.((((.((((((((((..........................((((((((((.((((.......)))).))))))))))(((....)))..))))))))))..)))).)).)))).)))).)).))))))))).)))))))))).(((((......)))))((.(....(((((((((.....(((((((...)))))))..)))))))))......).))))))))))))...(((((.....)))))))).))))...).)))))).)))))))).))).))))))((((.(((((((((((((.(((((((...)))).))).)...(((.((((((..(((((((..((((...))))..))).)))).)))).))))).)))))))))...))))))))))))).)))....)))))..))))))....((((((((((((...(((((((.(((((((((.(((.(((((.((........)).)))))..(((.((((...)))).))).(((((((((..(.(((...(((((...((.((((...)))).))...)))))....))).)..)))))))))((((((((((.....((.(((......(((((...))))))))))...))))))))))))).)))))..))...))..)))))))...))).....))))))))).........(((((((.(((((.((((((...((((((.((((((((....)))))((.((.(((((((....(((((..............(((......))))))))...))))))).)).))..))).))))))...)))))).)))))..)))))))))))))))))).).))))..(((....)))...))))..))...)))))))))))).))).(((((...........)))))((((........))))..((((((....((((((.(((..(((((((.....(((((((..(((((....)))))((((((((((((((((.((((((..(((.((...(((((.(((.......))).)))))..)).)))..)))).....(((((..((....))..))))))).))))))))........)))))))).(((((((((....((..(((.((........))..)))..)).)))))))))...))))).)))))))))....))))))))).))))))...............)))))))).......)))).((((....)))).....))))))))))))))))))))....))))((.(......).))
human_weighted_090,-737.7999877929688,(((((((........)))......((((((((((((((((((((...............................................((((....))))(((((((((((((........)))))))...((((((((((.((((...(((((...)))))...))))....((.(((((..((((((......(((.((((.(((.........))).)))).))).......))))))..))))).)).))))))))))((((((.....))))))..))))))...(((...(((((...(((.((....)).)))....)))))...)))...((((((.....(((((..........)))))(((((((((.(((..((((((.......((((((.......))))))...(((((((((((((((((((......(((((....)))))))))))))).)))..)))))))((((((((...((((.(((((..............))))).))))...))))))))))))))..))).)))))))))((((....)))).(((.((((((.(((.(((....((((((((..(((((((.........((((((((((((((((((......))))).))))))).............))))))((((((((.(......).))).))))).((((((((((((((((((........((((((((((.((((.......)))).))))))))))(((....))).....(..((((......))))..)((((((((((((((((((.....)))))))).....(((.(((..((((....((((.((((((((.(((((.((((((((((((((....)))).))))))))...((((((....))))))....((((...))))....)).)).))))))))))).(((((......)))))...))))))))...))).)))(((((((((...)))))))))..(((.((((((((..(((((((...(((((.((..((.(..((((.(((((((((...((((((((((((((.(((..(((((((((.((...)).)))))))))..))).)))))...))))))).))((((((((.(((((.(((.(.((.....)).).))).)))))..(((((((.........((((.(((.((((((((..(((((..((((....))))....((.....))............)))))..))))))))..)))))))....)))))))......)))))))))))))))))..)))).))).....(((((((..(........)..))))))).)).)))))...)))))))....))))).).)).)))..((((((.((...((((....)))))).))))))................)))))))))).)))))))).))))))))))))))...(((((((.........((((...))))..........)))))))))).))))))))..........)))))).)))))).)))((((((((((((.....))))))...((((.......(((((.((.....)))))))....))))))))))(((((((.......((((((((((((..((((.((((.(((((..........((((((((((((((......(((((...(.((.((........))..)).)....))))).......)))).)))).))))))))))).))))...)))).)))))).)))))))))))))))))))...((((.(((((((.(((.((((......))))..(((((.(....((.((((..((.....))......)))).))).)))))...............(((....)))....))).))))))).....))))...))))))))))))))))))))....))))((.(......).))
human_weighted_091,-753.4000244140625,(((((((........)))......((((((((((((((((((((...............................................((((....))))......(((((((........)))))))((((...)))).......((((((.((((.(((((......(((((.(((((((.((((((......(((.((((.(((.........))).)))).))).......))))))....(((((((((.....)))))))))(((......))).((.(((((((((.(((((((...(((.((....)).)))....)))).....................(((((..........)))))..(((((((.(((..((((((.......((((((.......))))))...(((((((((((((((((((......(((((....)))))))))))))).)))..)))))))((((((((...((((.(((((..............))))).))))...))))))))))))))..))).)))))))((((((....))))))((.((((((((((........((((.(.....).))))..((........)).((((((((((((......))))).))))))).((((((((.((....((((((((((..(((......))))))).)))))).....)).)))))))).(((..((((((((((.((((.......)))).)))))))))))))((((((((...))).))))).(((((.((((((((((((.(((((((((((((.(((..((((((((((((((((((((((((((.(.((((((((((((....)))))..((((....)))))))))))).)))).))))....)))))))((((((((((........))))..)))))).((((((((((((((......))))...((((((((((((((((.((((.((....(((((.....(((((((.(....).)))..)))))))))..)).)))))))))))).......))))))))...)))))))))).(((.(.((.(((((((((((..........(((((...)))))..((((((((.(((((...))))).))))))))))))))..))))).)).).)))((((.((.(.......).)).)))).(((((((....)))))))......(((....)))..)))))).)))))...)))))))))))))...))))))).(((((........))))).....(((..((((....))))))).))))))))..)))))....)))))))))).)))))..)))).))))).))((((...((((....((..((((((...))))))..))))))...))))....))))))).)))))..(((((......((....))....)))))))))).)))).))))))....(((((((((.........(((........)))(((((((((((((((.....)))..)))))))..)))))((((((((((....((((.(.((.(((((((((..((((((...(((....((((.((.((((((.((.((((.(...((((((..(((..((((((......)))))).))))))))).).)))))).)))))).))))))..)))....)))))).)).)))))...........(((((((...((((((((...((((.(((.((((...(((((......)))))((((((((.((.((......))..)).).))))))).........((........)).....((.((..(.(((.....))))..)).)).))))))))))).))))))))......)))))))......)).))).))))...)))))))))).)))))).))).))))))))))))))))))))....))))((.(......).))
human_weighted_092,-753.7999877929688,(((((((........)))......((((((((((((((((((((...............................................((((....))))......(((((((........)))))))...((((((((((.((((...(((((...)))))...))))....((.(((((..((((((......(((.((((.(((.........))).)))).))).......))))))..))))).)).))))))))))((((((.....))))))((((((((((((.....(((((...(((.((....)).)))....)))))...(((((.(((((((.((((((((..........)))))..(((((((.(((..((((((.......((((((.......))))))...(((((((((((((((((((......(((((....)))))))))))))).)))..)))))))((((((((...((((.(((((..............))))).))))...))))))))))))))..))).)))))))((((((....))))))..(((.((((((((((((.((((((..(((((((((((.....((((((((((((((((((((((......))))).))))))).............)))))).((((((((((.((((((((((((((((..........................((((((((((.((((.......)))).))))))))))(((....)))..))))))))))......))))))....)))).))))))..)))).....)))))))))))..((((((((....(((((.........))))))))))))).(((((.((((.(((.(((((((((...(((....))).))))))))))))..)))).)))))....))))))((.((.((((((((.(((((((.(......).))))))).))))))..)).)).)).((((.(..((((((.((((((((((.(((.((((.(.((((.(((((((((....).))))).))).)))).).))))..(((.(((((....))))).)))..))).))))...))).)))))))))..).))))....))))))))))).).))).))).))))))).)))))((((.(((((((.((((..........(.(((((...(((((..(((.((.(((.....))).)).)))..))..)))......))))).)..(((((..........)))))....)))).))))))).))))...((((((...((.((((.(((.....((((((................))))))..((((((((.((((..(((.((.........)))))))))..))))))))))))))))))))))).))))))))))))......((((.(((((...((((.(...((((.(((((((..(((........)))((((((((....((((((((....((((....))))((((((...(((..((........)).)))....)))))).((((.(((.......((((.....(((((((...)))).)))...))))....))).)))).))))))))....))))))))((((....))))(((((((....((((((((((((((.(.((((((((((((((((....)))))).)))(((....)))....((((((....(.(((......))))..)))))).)))))))).)))))(((((((......)).))))))))))))))(((((.(....((..(((.((........))..)))..)).).)))))..((.((((..((.....))......)))).))..))))))).)))))))...))))...).)).))...)))))..))))...........))))))))))))))))))))....))))((.(......).))
human_weighted_093,-751.7000122070312,(((((((........)))......((((((((((((((((((((...............................................((((....))))......(((((((........)))))))((((...))))...((((...(((((...)))))...))))....((((((((((((((((......(((.((((.(((.........))).)))).))).......))))......(((((((((.....))))))))).((.((((.(((((((((..((((.((((((((...(((.((....)).)))....)))))............(((((((((((((..........)))))..(((((((.(((..((((((.......((((((.......))))))...(((((((((((((((((((......(((((....)))))))))))))).)))..)))))))((((((((...((((.(((((..............))))).))))...))))))))))))))..))).)))))))((((((....))))))((((..((((((((...((((((.((((((((((((((..(((...(((.(((((((((((((((......))))).))))))).............)))(((((((((.(.((((((((.((((((((((..........................((((((((((.((((.......)))).))))))))))(((....)))..))))))))).........((.((.(....).)).))(((((((....)))))))...((((.......))))(((..((.(((((((((..(((((((....))).))))))))).))))))..)))..).)))))))).).)))))))))....((((......))))((.((((((((.(((.(((..........))).))))))))))).))...))))))...)))))))))).((((((((.......)))).))))((((((((.....(((((((.((((....)))).)))))))((((((........))))))...)).))))))..(((...((((......))))..))))))).))))))))))))).)..))))...))))))))(((((((((((((((((((.((.(((((((((.(..((.(....).))..))))))))))....((((((.......))))))..........)))))))..))))))).((..((((((...))))))))..(((.....))))))))))))))))).))))).)))).)))).))..(((........)))...))))))))))))....((((...((((......((((((((((.((((...(((....)))))))((((((..((((..(((((((....((.....)).)))))))(((.((((((((.......((((((((((...(((((...)))))...)))).))))))((((..((((((((((.((((((......((((....).))).(((.((((((.....(((..((((((((..(((.((((((...)))))).))).))..)))))).....)))...))))))))))))))).)))))(((((((((....(.((((((.((.....((((((((.((.(((...((((...((((.((((.......)))).)))).(((((.......))))).))))))).)).))).)))))..)).)))))).))))))))))..(((((...(((((...((((..(........).))))..)))))..)))))..((((.((.(((..........)))))..)))))))))))))....))))))))...)))...)))).)))))))))).))))))))))...))))))))))))))))))))))))....))))((.(......).))
human_weighted_094,-738.7000122070312,(((((((........)))......((((((((((((((((((((...............................................((((....)))).((((((((((((........)))))))((((...))))...((((...(((((...)))))...))))..)))))(((((..((((((......(((.((((.(((.........))).)))).))).......))))))..)))))..((.(((((((((((((.((((....((.((((((((....(((.((..(((.((((((.(.(((((((((.....(((....(((((.(((((((.((((((((..........)))))(((((((((.(((..((((((.......((((((.......))))))...(((((((((((((((((((......(((((....)))))))))))))).)))..)))))))((((((((...((((.(((((..............))))).))))...))))))))))))))..))).)))))))))(((((((((.(((.(.(((.....((.(((((.((((((((.......(((..(((((...((((((((((((((((((......))))).))))))).............))))))((((((((.(......).))).)))))..............(((((((((((((((((((((((.((((.......)))).)))))))))))(((((((((((..((((.(((....(((((.....)))))...))).))))....))))))))).)).......(((......))).(((.((((((((..(((((((((...))))))))))))).)))).))).....))))))))))))(((((((((..((((....(((.(((.....))).))).)))))))))))))....)))))..)))))))))))))))).))))).)))))))))))))((((......)))).((((.(((.(((..(((....(((.((....)))))..)))..))).)))...))))((((((.(((.((...(((((..(((((((((.((((...)))))))))))))...))))))).))).))))))..))).))).))))))))))))..((((((..(((.......)))..))))))((((((((((((...........(((((((..............))))))).(((.((......)).))).............(((((...))))).))))).))))))).((((((((((........))))))).....))).......))...))))))).).))))))))).))..)))...)))).)))))).....)))).)))))))))))))))(((((((.(((((...))))).)).)))))((((((((((...(((((..((...))..))))).....)))...((((...))))......(((((....)))))(((((((......(((((((........)))))))(((((.....(((((((....(((((((((((((((...(((((..((.(((...((((((((.(((((((...))).)))).)).))))))..)))..)).))))).)))).))))))..)))))...(((((((.........(((((((.(((..........))))))))))....((((((.(((((((((..((..(((((((((.((((......)))).))..((((...)))))))..))))..)))))))))))........((((......))))..((..(.(((.....))))..)).....((((...)))).)))))))))))))))))))).))))).........)))))))))))))).............))))))))))))))))))))....))))((.(......).))
human_weighted_095,-742.9000244140625,(((((((........)))......((((((((((((((((((((...............................................((((....))))......(((((((........)))))))((((...))))...((((...(((((...)))))...))))....((((((((((((....(((((((...((((.(((.........))).)))).((((.(((((.(((......(((((((((.....))))))))).(((((.(((((((.(((((...))))))))))....)))))))((((((((.....(((..(((((((((..........(((((..........)))))..(((((((.(((..((((((.......((((((.......))))))...(((((((((((((((((((......(((((....)))))))))))))).)))..)))))))((((((((...((((.(((((..............))))).))))...))))))))))))))..))).)))))))((((((....))))))......((((((((..((.((((((((((....((((((.((....(((((..((((..(((((((.(((((.((((((((((....((((((.(((....(((((...((((.....)))).)))))..))).))))))..)))))))))).....((((((((((.((((.......)))).))))))))))(((....)))..(((((...)))))..(((((((((((((.(((((....(((((...(((((.......))))).......)))))....)))))........)))))))))))))......))))).)))).)))....))))..)))))((((.((((((((....((((.((...(((((.(((.(((.(((.((((.(((..(((((((.(.((((((((..(((....(((.((.(((.....))).)))))......))).))))))))).))))))).))).))))))))))(((((..(((((((........)))))))...)))))))).)))))....((((.((((((...)))))))))))).)))))))))))).)))).......)).))))))....))))))).)))))..))))))))...))))))))).)))(..(((((...)))))..).............((((....).))).((((((((.((((.(((...(((((...........))))))))..)))).)))...))))).))))))))..))).)))))..)))).........)))).)))....))))))))))))....(((((((.((((......(((((...)))))..))))))))).))(((((..(((.(((((..((........)).)))......(((((.....((((((((...........(((((((.........(((((((((...(((......)))...)))))))))..........))))))).....(((......)))((((((.(.(((((((.(((((.......(((..(((.((...((((.(((((.((((((.....)))))).))))).)))).)).))).)))..(((((....)))))))))))))))))((((((...((((((.(.(((((((.((((((.(((((((.........))).)))).))).)))..)).)))))).)).....))))....)))))).).)))))).....((((((((((((........)))(.((........)).)...((.((..(.(((.....))))..)).))..((((...))))..)))))))))..)))))))).))))))).)))...)))))..((.((((....)))).))..))))))))))))))))))))....))))((.(......).))
human_weighted_096,-755.4000244140625,(((((((........)))......((((((((((((((((((((...............................................((((....)))).....((((..((((((((((((((((((((((((((((((.((((...(((((...)))))...))))....((.(((((..((((((......(((.((((.(((.........))).)))).))).......))))))..))))).)).))))))))))).)))......(((((....))))).(((((((((((((...(((.((....)).)))....)))))..............(((((((.(((((....((.(((..((((((((((.(((..((((((.......((((((.......))))))...(((((((((((((((((((......(((((....)))))))))))))).)))..)))))))((((((((...((((.(((((..............))))).))))...))))))))))))))..))).)))))))))).....))).))))))).)))))))((.(((((((((((((...((((((((..((........)))))).(((.(((((.((((((((((((((((....((((((.(((....(((((...((((.....)))).)))))..))).))))))..))))))))))....(((((((((((.((((.......)))).)))))))))))(((((.(((.((..............(((((((((..((.((((((((.((..(((.(((..((....))...)))))))))))))....))))).))))))))).))))).)))))....)))))).)))))))))))))))))).))))))).))....))))))))......(((.....)))..(((((((((((.((((....(((.(......).)))...))))....(((((.((((((((((.(((..((((......((((((((((.....))))))))))))))..))).))))))))))))))).(((((....))))))))))))))))..((((((((..(((.(((((......)))))))))))))))).((((...))))..))))))))))..((((((((((((((((((((((((((.((((.((((((((((..(((((((..(((((....((((((..(((((((.......))...))))).)))))).....(((((.(((((....(((((...))))).(((((......(((.......)))(((((..((((((.....((((....).)))...((....)))))))).))))).....((((((...))))))((((((((...(((((....))))))))))))).)))))..(((((((........))))))).))))).)))))..(((((((...(((((.........)))))))))).)).(((((((.((((((((((((...........))))))..............((((....))))((......))....))))))..))))))).)))))..)))))))..)))))(((((.....)))))))))).)))).)))))))))).)))))(((((((....))))))).((((.....)))))))))))))))......((((((((...........((((((..(((((.(...........(((.....))).....((.((((((((((..((.((((..(.((((....(((((((((..(((.....((((............))))))).))))))))))))))..)))).))..))))).)))))))......).)))))..))))))))))))))..))))))))))((.((((....)))).))..))))))))))))))))))))....))))((.(......).))
uniform_001,-714.0,(((((((........)))......((((((((((((((((((((...............................................((((....))))......(((((((........)))))))..((((((((((((((((...(((((...)))))...))))...........(((...((((..((((((((..((((((...((((((((.(((((..(((.....((((......(((((((((.....))))))))).))))....(((((.(((((...))))))))))....((((..(((((((((............(((.......((((((((.(((((....((.(((..((((((((((.(((..((((((.......((((((.......))))))...(((((((((((((((((((......(((((....)))))))))))))).)))..)))))))((((((((...((((.(((((..............))))).))))...))))))))))))))..))).)))))))))).....))).))))))).))))))).).......)))...(((((((((((((((......((((((((((((((((((......))))).))))))).............))))))((((((((.((..((((..(((((((((..........................((((((((((.((((.......)))).))))))))))(((....)))..))))))))).....))))..(((((...(((((...(((.((.(((((((.((........)).))).)))).)))))....)))))...))))))).))))..))))..)))))).)))..))))))..)))))))))..))))..))))))))...)))))))).))))))))))))))))))..)))....(((.(((((.(..(((((((((........(((((((.......)))))))...........(((((((((.(((((((((((.....(((((((((...)))))))))(((((((........)))))))...(((((......((((((((.((.(((.((((((...)))))).))).))....(((((...((((..(((((((((((..(((((((...........))))))).))))))))))).....))))))))))))))))).....)))))...............)))))))).)))..))))((((((((......((.(((((.(((((........)))))))))).)).(((((...(((((...(((((((...(((....)))(((((((.(((((((((...............)))).)))).).))))).)).(((((....))))).))))))).......((((...((((.......))))..)))).))))).....))))).)))))))).......(((((((..(((((.((((((((...)))).))))................(((((((..(((.((((.(((((.......)))))........((((((...))))))(((...)))..))))..))).)))))))(((((((......((((((((.((((((((.....).)))))))(((((.((((((.((......(((((((((((..(.((((((.((...)).)).)))).)....)))))))))))......))(((((((((...((((......))))..)))).)))))((((..((...))..)))).......)))))).)))))........))))))))))))))).)))))..))))))).((((...)))))))))))))))))).)))))))))..)))))))).......)))).((((....)))).....))))))))))))))))))))....))))((.(......).))
uniform_002,-694.9000244140625,(((((((........)))......((((((((((((((((((((...............................................((((....))))......(((((((........)))))))((((...))))...((((...(((((...)))))...))))((((((((((((((((......((((((.(((((((.(((.(((((((((((..((((.(((((((((..(((((((((((((((.....))))))))............)))))))...((((.(((((......((((..(((((((((...(((........)))...(((.((((((.(((((....((.(((..((((((((((.(((..((((((.......((((((.......))))))...(((((((((((((((((((......(((((....)))))))))))))).)))..)))))))((((((((...((((.(((((..............))))).))))...))))))))))))))..))).)))))))))).....))).))))))).))))))))).....(((((.((((....((((((.((((....((((((((((((((((((......))))).))))))).............))))))...((((..(((......)))))))(((((((((...................(((((((((((.((((.......)))).)))))))))))((((((((((...))).))))....)))((((((...(((((...((((......)))).)))))....).)))))......)))))))))..(((((((((((((..(((.((((........)))).)))..))))).))))..((((((.(.((((((..(((((.....((...(((((((.((((((((((((((((((((((((......)))..))))))).))))..))))).))))).))).))))...))....)))))...)))))).).)))))).((((((........))))))(((((........)))))...)))))))).)))))).((((((((...))).))))))))).)))))))))))))).))))....))))))))).((((.(((((((.((((((((((((((..........(((((......(..(((..(...((((((.....(((((((((....(........).....)))))))))..))))))...)..)))..)..)))))..(((((((((...)))).))..))).((((.(..((((.....)))).).))))))))).))))))))).)))....))))..))))...))))...))))).).)))......))).))))))))..))).)))))))(((((..............))))).....))))))..)))))))))))).....((((.(((....))))))))))).((((((...((((....))))...))))))((((.((........))))))(((((((((..((((.(((((((.((((((...............)))).)).........(((.((((((((...(((.((.(((((.((.......)).)))))..))..)))..)))))))))))((.(((..((.((((((...))))))))..))).))(((........)))(((((..(((((((.((((...(((((..((((((.((((..........(((((((..(((((..(((.((.((.((.(((..........)))..)).)).))..)))...)))))))))))))))).))..))))..)))))....))))..))))))).))))))))))))...)))).............))))))))).............))))))))))))))))))))....))))((.(......).))
uniform_003,-700.0999755859375,(((((((........)))......((((((((((((((((((((...............................................((((....))))......(((((((........)))))))((((...))))...((((...(((((...)))))...))))....((((((((((((((((......(((.((((.(((.........))).)))).))).......))))))....(((((((((.....))))))))).(((((.(((((((.(((((...))))))))))....)))))))((((((((..(((((.(((((((..(((((((((((.(((((..........)))))(((((((((.(((..((((((.......((((((.......))))))...(((((((((((((((((((......(((((....)))))))))))))).)))..)))))))((((((((...((((.(((((..............))))).))))...))))))))))))))..))).)))))))))((((.((((((.((((.(.((((.....(((((((((.(((.(((((((((...((........)).((((((((((((......))))).)))))))......(((((....(((.((((..((..((.(.....(((((((((..........................((((((((((.((((.......)))).))))))))))(((....)))..)))))))))...).))..))..)))).)))))))).(((((...))))))))))))))(.(.((((..(((((((...((.(((.........)))..))...))).))))..)))).).).........((((((....)))))).(((((....))))).......(((((...))))).((((..((((((((...(((((..((((........)))).(((((........)))))..(((.(....).))).(((.(((((((........))))))).))))))))...)))))))).))))....))).)))))))))..)))).))))).)))))))))).......))).)))))))).))))..(((((...)))))((((..((((((((((......)))).))))))...)))).))).))))).))))))))((.(.((.((((((....)))))).))).))...(((....)))..))))))))))(((((..(((((.........((((((((((((((...((((....))))...)).)))).)..)))))))...))))).((((((((....(((((...(((((..........)))))....)))))..(((........)))......((((((..((((((((((((..((((((........)))))).((....))..(((((((...((((((.((((((.(((..((..(((((.((((.........))))((((((...)))))).............((((((..(((....)))(((((((((..(.((((......((((((...)))))).......)))).)..)))))))))(((.((((.....)))).))).))))))..))))).)))))..)))))))))))).....(((((..(((((((((((..................)))))))))))...(((((((..(((((.(((.....((((((...(((((((((...(((((((((...)))).))))))))).......))))).))))))....)))..)))))...((.((..(.(((.....))))..)).))..((((...)))).))))))).)))))))))))).)))))).)))))).)))))))))))))).......))))).))))))))))))))))))))....))))((.(......).))
uniform_004,-731.4000244140625,(((((((........)))......((((((((((((((((((((...............................................((((....))))......(((((((........)))))))..((((.(((.(((((((...(((((...)))))...))))....(((((((((((((...((........(((((..(((.((...(((.(((((((((((((((((((((((...(((((((((.....)))))))))....(((((((...........(((((((((((...(((.((....)).)))....)))).....)))..)))).......(((((..........)))))..(((((((.(((..((((((.......((((((.......))))))...(((((((((((((((((((......(((((....)))))))))))))).)))..)))))))((((((((...((((.(((((..............))))).))))...))))))))))))))..))).)))))))((((((....))))))))))))))))))).(((((..(((((...((((((.((..((........)).((((((((((((......))))).))))))).....(((((..((((.(((((...((((.....)))).)))))(((((((((......((((((((((((((((((((((((.((((.......)))).)))))))))))((((((((((((((((((((..(((.((((((((((((((((((.........)))))))))))))))))).)))....((((((....)).)).))((((((.....)))))).))))))).))))).)).......))))))..))))))))))))).........)))))))))..(((((...)))))))))....)))))....)).))))))))))).)))))(((((......)))))..((((.((((((((((((((((.(((((((..((((......((.((((((((.(((.((((.....(((((((((((....(((((...(((((.((((.((....)).))))...))))))))))))))).)))))).....))))))))))))))))))))).((((.((......)).))))...((((((.((...((((.((.((((((......((((...))))......)))))).)).)))).....)).)))))))))))))))))))))..........((((((........))))))(((.(((((.....))))).)))((((((...((..........))......))))))..)))))))).))))..))).))))))).))))...))).))).....)).)))..)))))(((((.(((.((........)))))...)))))))...))))))))))))).....(((((.........)))))..(((((.....((.(((((((....))))))).)).............(((((((((...((........))(.(((.(((((.(((....((((((((((.....((((((((((..((.(....).))..))))))))))..)))).))))))))))))))))).)....))))))))))))))...((((((.......)).))))....((((((((((...((.((.(((((...(((((((.((......((((.(((((((((((((((.......)))))))))).........((((((.(((((((.......((.(((((.((.....))..)))).).)))))))))))))))..))))).))))......))))))))).)).))).)).))...))))))))))...)))))).)))).((((....)))).....))))))))))))))))))))....))))((.(......).))
uniform_005,-724.0999755859375,(((((((........)))......((((((((((((((((((((...............................................((((....))))......(((((((........)))))))((((...))))...((((...(((((...)))))...))))....((((((((((((((.((((((((((.((((.(((.........))).)))).))........((((......(((((((((.....))))))))).)))).(((.((((((..((((.((((((((((...(((.((....)).)))....)))).............((((((((.(((((((..(((..((((((.(((((((.(((..((((((.......((((((.......))))))...(((((((((((((((((((......(((((....)))))))))))))).)))..)))))))((((((((...((((.(((((..............))))).))))...))))))))))))))..))).)))))))((((((.((((((((.((((((((..((..((((((((......(((((((((..(((((..((((.((((((((.((.((...((.(((((.((((((..((((((((.((....((((((((((..(((......))))))).)))))).....)).))))))))..)))))).)))))............((.((((((((..((((.((((((((((((((((...)))))....))))).((((.(((((((((((((.(((.((((.((....)).)))).))).))))))).)))))).)))).....((((((...))))))..))))))..)))))))))))).))(((.(((((.((((...(((((((((......)).)))))))..))))..))))).)))......))..)))))))))))).)...))))))))..)))))))))((((((.........))))))..))))))))))..)))))).........)))))))))).))))))((((((((.((((((((((...(((((....)))))....))))).....))).)).))))....)))).)))))))))))))))).))))))))..((.(((.(((((.((......(((((((....(((((((.(((..(.(((.(((.((((....)))))))))).)...))))).)))))..))))))))))))))))).)).........((((((((...))))).))))))))).)))).)))))))))......((((((.......))))))..(((((..(((((((..(((...((.(((.........))).)))))..)))).)))..))))).))))))))(((((((..((..((........)).))...))))))).))).)))))))))))(((((..((((((((.....((.(.((((........))))).))...(((((((((........)))))))))..((((.....((.(((...))).))..))))......))))))))...........(((((((.((..(((......)))..)).)))))))(((((((((((...(((.......))))))))))))))......((((((((.((((....(((((......))))).(((.......)))(((((((((((((..((.....))(((.(((.......((...(((((((((.((((..(((.....)))..))))(((((.(((((.....(.((....)).).....))))).)))))..(((.....)))...((.....)).)))))))))))......)))))).))))))))))))).....))))))).)))))..........))))).))))))))))))))))))))....))))((.(......).))
uniform_006,-720.0999755859375,(((((((........)))......((((((((((((((((((((...............................................((((....))))......(((((((........)))))))((((...))))...((((...(((((...)))))...))))((((((((((((((((((.((..((((...((((.(((.........))).))))((((((.....(((((((...(((((((((.....)))))))))...((((((((...(((..((.((((.((((....(((((...((((((((.......((.(((((...((((((.((((.(((((..........)))))(((((((((.(((..((((((.......((((((.......))))))...(((((((((((((((((((......(((((....)))))))))))))).)))..)))))))((((((((...((((.(((((..............))))).))))...))))))))))))))..))).)))))))))((((....)))).((((((...((.((((.(((..((((...(((.(((((..........((((((((((((((((((......))))).))))))).............))))))..(((.((..((..((...(((((((((..........................((((((((((.((((.......)))).))))))))))(((....)))..)))))))))...))..)).)))))..((((((...........))))))))))).)))((((((((((((((...((.((((....(((((((.(.((..((((((.((....((((((....(((.(......).)))....))))))....)).)))).))..)).))))))))...)))).)).))))).....)))))))))..)))).))))))).))...))))))).))).))))))..))))).))......))))))))))))).....)))))))).))..))).))))))))(((.(((.(((((((.((((((....(((.......((((((((.(((((....)).))).(.(((((.(((((...((((......))))..))))).))))).).(((.....)))..((((((((((.(.(((....))).).).)))))))))..(((((((..(........)..))))))).(((((......))..))).((.((((.((((((((((((...))))).)))..)))).)))).)).))))))))......)))...))))))........))))))).))).)))(((...(((((...........)))))))).(((((((..((........))(((((..((((.(((....))).)))).))))).)))).)))....(((((...........))))).)))))))...))))))((.....))...((..(((((((((((....))).......))))))))..))..))))..)).))).))))))))))).....(((((.........)))))))))....(((.((....(((.(((((.((((((.....((.(((((......(((((((((.((.(((........))).)).))))).))))...((((.((....))))))((((((((..(..(((.(((..((((((((((.....(((((((((((((((((......)))...((((.(((.(((((........))))).))).))))........................)))))))))..(((.....))).......)))))....))))))))))....))).)))..)..))))))))))))))))))))).)))))..)))....)).)))))))))))))))))))))))....))))((.(......).))
uniform_007,-724.0999755859375,(((((((........)))......((((((((((((((((((((...............................................((((....))))......(((((((........)))))))(((((((((((((.((((...(((((...)))))...))))....((.(((((..((((((......(((.((((.(((.........))).)))).))).......))))))..))))).)).))))))))))).))......(((((((..(((.((((((.(((((((((...(((.((....)).)))....)))))..((((.(((((.((((((((.(((((....((.(((..((((((((((.(((..((((((.......((((((.......))))))...(((((((((((((((((((......(((((....)))))))))))))).)))..)))))))((((((((...((((.(((((..............))))).))))...))))))))))))))..))).)))))))))).....))).))))))).)))))))(((..((((((((((((((((...((..(((...((((((((((((((((((((......))))).))))))).............))))))(((((((......((((.((((((((((..........................((((((((((.((((.......)))).))))))))))(((....)))..))))))))))..))))((((((....)))))).....((((((((.((.((...........))))..)))))))).(((.((((((....)).))))))))))))))))...)))..))..)))))).))))..)))))).)))((....((((((...(((((((.....))))))))))))).....))......).)))))..))))....)))).)))))).)))..)))))))..(((....((.(((.((((..((((((.....(((((((((...((((((((.(((((((((((((((((........)))).))))).))).))))).))).)))))((((.((....)).))))..(((((...)))))..))))))))).(((((((((((((((..(((.....)))..)))).))))).....((((((.(((((((..((((....(((((((..(.((((((..........(((((((..(.(((.(......).))).)..(((.(((.((((.(((...))))))).))).))))))))))......(((((((....((.....)).)))))))...((((((...(((((((..((((........))))...(.(((.((((........)))).))).).)).)))))....))))))....((((....).)))...))))))))))))))....))))................(((((........))).))....(((((((((((((..((((((((...........))))..........((((.....)))).((((((.........))))))((((((..(((.(((((((..(((.(((((((.(((((((((((((((.((((......)))).)))))))))))..))))))))))).)))((((((.((..(((...(((((.........(((((((((..(((((..((((.(((((..(((....((....))....)))..))))).))))...)))))..))))))))).......)))))..)))..)).))))))......)))))).).)))....))))))..))))...)))))))))))))......))))))).))))))...))).)))....))))))..)))).))).))..)))...))))))))))))))))))))....))))((.(......).))
uniform_008,-730.7000122070312,(((((((........)))......((((((((((((((((((((...............................................((((....))))......(((((((........))))))).((((.(((((((((....(((((.(((((.((..(((((((.(((((((((((((((..((((((((((.((((.(((.........))).)))).))).......((((......(((((((((.....))))))))).))))..((...((((......))))))((((.((..(((((.(((((((((............(((....(((((((((((.(((((....((.(((..((((((((((.(((..((((((.......((((((.......))))))...(((((((((((((((((((......(((((....)))))))))))))).)))..)))))))((((((((...((((.(((((..............))))).))))...))))))))))))))..))).)))))))))).....))).))))))).)))))))...(((((..((((((((((...(..(((((((.(((((...((((((((((((......))))).)))))))......((((....(((((((.(((((((.((((((..(((((((((..........................((((((((((.((((.......)))).))))))))))(((....)))..))))))))).......((((((.(((...))).))))))......(((((((..(((((((((.(((((((....((.....(((((((...((.((.((....)).)).)).)))))))....))....)))).))).)))..(((((((....)))).))).))))))..))))))).....((((......)))).)))))).)))))))..)))))))..)))).((((((...(((.....)))))))))..(((((((....)))))))...((((((((((.(((((((..((((((((.(((((((((.(((((......)))))..)))))........(((...)))....)))))))..(((...)))..))))))))))).).))))))))))))))).)))))))..).....)))))..))))))))))))))))).(((((((....(((....)))....)))))))(((((.((((.(.((((.(((...((((((.........)))))))))..)))).)))).).))))))))))))).))))))..)).))))....(((........)))..(((((((((((.((..(((.....(((((((...))))).)).....)))..)).))))))))))))))))))...((((...)))).....((((....).)))....))))))))))).........)))).))))))).)))))))..))))))))))).))).)))).((((((...........((((((.((((((..((..(((....((.((((((((((.((((..((((........))))....(((((((..(.(((....))).)..)).)))))....(((((((.(((((((((.(((.(((.(..(((((.(......).)))))..))))))).).)))))))))))))))((..((..((..((((((..(((((((....)))))...))..)))))).))..))..))..)))).))..(((.....)))(((((((((.(((((((.((...((.......))...)))))))..((..(.(((.....))))..)).....((((...)))))).))))))))).))))))))...)).....)))..))..)))))).))))))....))))))))))))))))))))))))))....))))((.(......).))
uniform_009,-708.5999755859375,(((((((........)))......((((((((((((((((((((...............................................((((....))))(((((((((((((........)))))))...((((((((((.((((...(((((...)))))...))))....((.(((((..((((((......(((.((((.(((.........))).)))).))).......))))))..))))).)).))))))))))((((((.....))))))..))))))..((((((.(((((...(((.((....)).)))....)))))...........(((.((((((.(((((....((.(((..((((((((((.(((..((((((.......((((((.......))))))...(((((((((((((((((((......(((((....)))))))))))))).)))..)))))))((((((((...((((.(((((..............))))).))))...))))))))))))))..))).)))))))))).....))).))))))).)))))))))....)))))).....((((((((((((((((...((((((((((((((((((......))))).))))))).............))))))((((((((.(......).))).)))))......................(((..((((((((((.((((.......)))).)))))))))))))((((((((...))).))))).......))))))).)))))))))((((...(((.((((.((....))...)))))))...)))).((((((((....((((..((.((....)).))..))))))))))))(((.(.((((..(((((.....)))))..)))))))).....(((((((((((((((.(((.((.((.((.(((((((.(.(..((((((((((...((((((((((((((((((((((.(((........))).))))).((((....))))...(((((..((((.(.((.((((((((((......)))).)))))))).).)))).)))))((((.(((((.(((((((((...(((.(((((.(..(((((....(((((.....))))))))))..).))))).)))...........))))))))).)))))))))(((.....)))((((....)))))))))))).....((((....))))(((((..(((((((((.(...(((((...)))))((((...)))).........((((.((((((((((.....))))......(((((..(...((......((((......))))........))...)..)))))..)))))).)))).((((((...))))))).))).))))))...)))))...((((((....).)))))..(((.((.(((((.(((.(((.(.((((((...((((((((((........))))((((((.....))))))...................((((....))))...((((((.((.((((((((((((((((........(((.((((((((((((((((((.(((....)))...)))))...))))))..)))))))...)))........)))))).....)))))))....))).)).)))))).....(((((((....((((((((.((((..((((((((.((........))))))))))....)))).)...............(((((((((........)))).)))))...))))))))))))))......)))))).))))))...).))).).)).))))).))))))))))))))))))))))))..).).))))))).)))).)).))))).)))))).......))))))).))))))))))))))))))))....))))((.(......).))
uniform_010,-698.5,(((((((........)))......((((((((((((((((((((...............................................((((....))))......(((((((........)))))))..((((((((((((((((...(((((...)))))...))))....(((((((((((((....((((((...((((.(((.........))).)))).((((((((..(((((((...(((((((((.....))))))))).(((((.(((((((.(((((...))))))))))....)))))))((((((((....(((((.(((((((((((((((....(((((..........)))))(((((((((.(((..((((((.......((((((.......))))))...(((((((((((((((((((......(((((....)))))))))))))).)))..)))))))((((((((...((((.(((((..............))))).))))...))))))))))))))..))).)))))))))((((.(((((((.((((..((((..((((.((.((((..((((((.((.((((((((...((((((((((((((...(((.(((((((((.((((((..((((((((.((....((((((((((..(((......))))))).)))))).....)).))))))))..)))))).)))))............(((((((..((..(((((((((((((((...))).)))))(((((((((.(((...(((((((.......)))))))...))).))))))))).(((((............))))).....)))))))..))..))))))))))).))).....))).))))))))))).....))))).....(((..(((((((..(((...(((.(((...))).)))....)))..)))).)))..)))))).))(((((((((((((((((((.(((((..(((((........))))).)))))...)))...))))))))).............)))))))))))))..)))).)))))))))).)))).))))))))))).))).)))))..))))))).))).)).....((((.........))))))))))))..((((((((((((......((((((.(((((..((((((((((((......(((....))).....)))))).)))))).......(((.(((((((.....(((((((.(((((...(((......)))..))))))))))))(((((....)))))...)))))))..))))))))....)))))).......)))).))))))))....))))))))))))))).((..(((((((........)))))))..))..(((((((............))))))))))).))....)))))))))))))..(((((((((..((((.((((.(...).)))).))).)..))))).))))..((((((............(((((.((((..((((((....(((.((......)).))).(((((....(((((((((.......((((.((((((....)).)))).)))))))).)))))..))))).).))))))))).))))).((((((((.........(((....)))))))))))(((((((....)))...)))).(((((....(((((((....))))(((((.....)).)))...(((((.(((((........))))))).))).(((.(((((.............(((.((.....))..)))((.((..(.(((.....))))..)).))..((((...)))))))))))).)))...))))))))))))))))))).......)))).((((....)))).....))))))))))))))))))))....))))((.(......).))
uniform_011,-705.7000122070312,(((((((........)))......((((((((((((((((((((...............................................((((....))))......(((((((........)))))))..(((((((((((.((((...(((((...)))))...))))....((.(((((..((((((......(((.((((.(((.........))).)))).))).......))))))..))))).)).)))))))))))(((((.....)))))(((((((((((...(((((((((...(((.((....)).)))....)))))...(((.....((((.....(((((..........)))))(((((((((.(((..((((((.......((((((.......))))))...(((((((((((((((((((......(((((....)))))))))))))).)))..)))))))((((((((...((((.(((((..............))))).))))...))))))))))))))..))).)))))))))((((.(.(((((((.((((((((((.((....)))))))..((((((((((...((........)).((((((((((((......))))).))))))).((((((((.((....((((((((((..(((......))))))).)))))).....)).)))))))).(((..((((((((((.((((.......)))).)))))))))))))((((((((...))).)))))....(((((((....)))))))(((((......)))))))))))))))((((((((((((.((...(((((((.((((...((((.((....)))))).)))))))))))..)).)))))))...)))))))))).))......)))))).)))).(((((.(((((...))))).))))).......))))....)))))))))))))))))).....(((.(((((..(((((.......((((((((.((((((((.....(((((.(((.(((((..((((((((((.(((.......))).)))).)))))))))))...)))..)))))......(((((..(.(((((((((((((.((((((((((....((.((...((.((((((.((((....))))....(((((((((((((((((((((((((....)))))).................))))).)))))...))))).))))..))))))))..)).))...)))))))((((((...(((((...((((((..(((((..((((.......))))............)))))..)))))))))))...((((((((((((.............((((...))))....(((((((((((((((..((((((((..(((...)))..))))))))..).......))))))))))))))....(((....(((((((((((((.((((.(.((....((((....))))(((((..((.......((((...........))))..))..)))))..)).)))))....)))).)))))))))..)))(((((........))))))))).)).)))))).(((((.(((.((((....(((((.((((.((....(((..(((((((((........((((((((.(((((.(((((.............))))))))))..(((.((.((((..(((((..((((.(((....))).))))....))))))))).))..)))))))))))..................))))))))).))))).)))).).))))..)))))))))))).))))))..))))))))))))))))))))))..))))))))))))))))...((......)))))))......))))).))).))))))))))))))))))))....))))((.(......).))
uniform_012,-718.0999755859375,(((((((........)))......((((((((((((((((((((...............................................((((....))))......(((((((........)))))))...((((((((((.((((...(((((...)))))...))))....((.(((((..((((((......(((.((((.(((.........))).)))).))).......))))))..))))).)).))))))))))((((((((.((..((.(((((((((((...((((((((((((((((.(.(((((((((((.(((((....(((((((((..(((((((.(((((....((.(((..((((((((((.(((..((((((.......((((((.......))))))...(((((((((((((((((((......(((((....)))))))))))))).)))..)))))))((((((((...((((.(((((..............))))).))))...))))))))))))))..))).)))))))))).....))).))))))).)))))))(((..((((((..((((..(((((((((........((((((((((((((((((......))))).))))))).............))))))(((((.((..((.(((((.(((((((((..........................((((((((((.((((.......)))).))))))))))(((....)))..)))))))))..))))))).)))))))((((((.(((((.((.....)).)))))...)).))))..))))).....(((((((((((((....(((.........)))..))))).)))))))).))))))))..)))))).)))((..(((.((......)).)))..)))))))))))))))).)))))....((((....)))).(((((((((.((((((....)))))).)))).)))))..((((((....(((.((((....((.(((((((((((....(((...((.(((((((.((.((.((...(((.(((((((.((((......))))..))))))).)))....)).)).))))))))).)))))..))))))))))).)).....))))(((..((((((.(((.((((((((((((..........)))))))..)).))))))....)))))).))))))....))))))....)))))).).)))).........(((...((((((.((((..(((.(((((.(((((........)))))))))).))).))))....((.....))((((....))))(((((..((((((((....(((....))).....(((.....)))..(((((((....))))))).))))))))...))))).....(((((...............((((.....))))...))))).......)))))).))).......)))))))))))))))))))))))))....))..))))))))...(((((((((.......((((......(((.....)))((((((...))))))(((........)))..(((.((((((.((((((.(((((.....)))))....((((((.(((((....)))))((.(((((..((((((.(((((((.....(((.((.((((((...(((((((((((((...((((((....))))))..))))))).(((((....))))).....(((((..(((((((...)).)))))..))))).......))))))..((((......)))).)))))).)).)))))))))))))))))))))))..(((......))))))))))))))).)))))))))))))........)))))))))............))))))))))))))))))))....))))((.(......).))
uniform_013,-725.2000122070312,(((((((........)))......((((((((((((((((((((......................................(((((((..((((....))))......(((((((........)))))))((((...))))...((((...(((((...)))))...)))).((.((((((((((((((((......(((.((((.(((.........))).)))).))).......))))(((((((((((((((.....))))))))............))))))).(((((((((.((((...(((.((....)).)))............(((((((.((((((((((.(((((....((.(((..((((((((((.(((..((((((.......((((((.......))))))...(((((((((((((((((((......(((((....)))))))))))))).)))..)))))))((((((((...((((.(((((..............))))).))))...))))))))))))))..))).)))))))))).....))).))))))).)))))).((((((((((((((((.(((((((((.((((((...((((((((((((((((((......))))).))))))).............)))))).(((((((.(((......)))((((.((((((.................(((..((((((((((.((((.......)))).)))))))))))))((((((((...))).))))).)))))).))))...((((.((((((((.((((...((((((((.(((...((((...((...(((((.......))))).))..))))....)))..))).)))))((...((((((...(((((((..((((..(((.....)))..))))....))))))).))))))...))......)))).)))))))).))))...)))))))))))))..)))))))))((..((((((.((((....))))((((((((.(......((((((......)))))).....).)))))))))))))).))(((((((.(((........)))..)))))))....))))))))))))))))))))..((.......)).((((..((((((.((((.....)))).))))))...))))))))))))))).)))))))))(.(((((((....(((....)))....))))))).)......)))))))))))).)).....))))))).....((((.(((.....))).).)))((..((((((((((((..((..(((....))).(((.(((((..((((.....((((.((((((.((.......(((((...)))))((((((..(((...)))))))))((.(((((((((((((((...((((((..((..(((......)))..))..))))))..))))))((((((........((.(((..(.((((((((...(((...((((.(((((((((..................))))....))))).)))).)))..(((((..(((((..((((((((.((((((((...))))...)))).)).))))))))))))))))..(((((((((((((.(((.(((.((((.....)))))))(((((((.(((.....)))))))))).((((.(((..((....(((((((.(((((((.((((((((.((........)))))))).))...)))))).).)))))))...))..))))))))))..)))))))))))))..)))))).)).)..))))).......)))))).(((.....)))...))))).)))))))).)).)))).)))).....))))..))))))))....))..))))).))))))).))...........))))))))))))))))))))....))))((.(......).))
uniform_014,-722.4000244140625,(((((((........)))......((((((((((((((((((((...............................................((((....))))....((((..(((.((((((.(((((((((((((((((((..((((...(((((...)))))...)))).......(((((..((((((......(((.((((.(((.........))).)))).))).......))))))..)))))((((((.....)))))).(((((....(((((...((..(((((((.((((((...(((.((....)).)))....)))))...(((.......((((((((.(((((....((.(((..((((((((((.(((..((((((.......((((((.......))))))...(((((((((((((((((((......(((((....)))))))))))))).)))..)))))))((((((((...((((.(((((..............))))).))))...))))))))))))))..))).)))))))))).....))).))))))).))))))).).......))).(((((((((.((....)).....((((((((((((((((((......))))).))))))).............))))))((((((((.(......).))).)))))......((((((((((...........((((((((((.((((.......)))).))))))))))(((....))).(((((((.((.((((.(((.(((....))).))).)))).)))))))))((((....(((((((((((....))).........((((((...))))))((((..(((...((((......)))).)))..))))..))))))))..)))).....)))))))))).)))))))))(((((((((....(((........(((((.((((((....))))))...))))).((((....))))(((..((((((.(((...((..((((....)))).))....))).)))))).))))))...)))))))))..).))))))))))))))....))))).......))))))).))))))))))))...))).))).))))))).(((.....))).((.((((((..(((((((((((....(.(((((((.....))))))).)...)))))))(((((...)))))......))))...)))))).)).((((......)))).....(((((.(((....((((((((((...(((((...(((.((((((.(((((((....(((((((..............)))))))..((((......)))).(((((((......(((((((...))))..))).....)))))))((((.((((((((.((((...))))((((((((((((.(((....)))((((((.....))))))(((((..((((((((((((......((((((.((.((.((((((((((...))))))))))....)).))..)))))).(((......)))(((.....)))...)))).)))))))).)))))......((((((((((((......(.(((....))).).....))))))))..).))).))))))))))))((((((((((..((((...))))..))))))))))...(((.(.......).))).(((.(((((((((.(..(((((....((((((((((..((((((((((((..((((.((.(....))).))))..)))))))....)))))...(((.((........))..))))))))..).))))..)))))..).)))))))))))).))))))))))))))))))).)))))).....)))..)))))....)))))))))).))).)).))).))))))))))))))))))))....))))((.(......).))
uniform_015,-705.5999755859375,(((((((........)))......((((((((((((((((((((...............................................((((....))))......(((((((........)))))))..((((.(((.(((((((...(((((...)))))...))))..((((((((((((((((((......(((.((((.(((.........))).)))).))).......))))))....(((((((((.....)))))))))(((......)))((((((((.((..(((..((((((((((....(((((((((.................((((((((((((.(((((....((.(((..((((((((((.(((..((((((.......((((((.......))))))...(((((((((((((((((((......(((((....)))))))))))))).)))..)))))))((((((((...((((.(((((..............))))).))))...))))))))))))))..))).)))))))))).....))).))))))).)))))).((((.(((((((((.(.....).)))...((........)).((((((((((((......))))).))))))).((((((((.((....((((((((((..(((......))))))).)))))).....)).)))))))).....(((((((((((.((((.......)))).)))))))))))((((((((((((((.((((((..((((((((((((((.(((((.(........)))))).))))))))))))..(((((((...(((............))).)))))))....))..)))))).))).)))....))))))))..))))))))))..(((((..((.....(((.(((((((...((((..(((((((.((((....((((....((((..(((...(((((.(((((((((((....)))).............(((((...(((((.((((..(((((.......)))))..(((.((((((((.(((..(.((.((((((.((((((......))).)))))))))(((((.((((((((.....))))...))))..))))).((((((......)))))).....(((((((((((.......))).))))))))..(((((((.......((((...))))....)))))))...........)).).))).)))))))))))..((((........)))))))).)))))...)))))..))))))))))))..)))))))..))))....)))).)))))))....))))......)))))))))).....))..)))))(((((.(((........))))))))..))))))..)))))))))..)))))....))))))))..))...))))))))))))))))).)))........((((((...))))))(((........))).....(((((.((((.((......(((((((........))))))).(((...((((((.(((.((((.......((.((((..(((((((.(((((((....((........)).))))))))))))))))))))...(((((((.(((((((.....))))).))))))))).((((((((((..((.........))..)))))...)))))..((((((((((((((((.....))))..)))(((...(((((..((......)).))))))))..........((((((.(((.((.((...((.(((((.((.....))..)))).).))..))))..))).)))).))..)))))))))))))..))).))))))...)))...))..)))).))))))))))).)))).((((....)))).....))))))))))))))))))))....))))((.(......).))
uniform_016,-730.5999755859375,(((((((........)))......((((((((((((((((((((...............................................((((....))))......(((((((........)))))))(((((((((((((.((((...(((((...)))))...))))....((.(((((..((((((......(((.((((.(((.........))).)))).))).......))))))..))))).)).))))))))))).))...(((((.(((((((.(((((...))))))))))....)))))))((((((((...........((((..((((((((.((.(((((..........)))))..(((((((.(((..((((((.......((((((.......))))))...(((((((((((((((((((......(((((....)))))))))))))).)))..)))))))((((((((...((((.(((((..............))))).))))...))))))))))))))..))).)))))))((((((...((((..(((((((((..((((..((((((......(((((((((...((........)).((((((((((((......))))).))))))).((((((((.((....((((((((((..(((......))))))).)))))).....)).)))))))).(((..((((((((((.((((.......)))).)))))))))))))..(((((((((.(((((((...((((...))))....)))))))......)).))))))).......(.((((((.......(.((((((.((((.((((((.((((((((.((((...((((((((((...((((((.(((.((....)).))).))))...))...))).)))))))......)))).)))))))).)))))...........).)))).))))))))))))).).)))))))))((((((.........))))))..)))))).)))).)))))))))..)))).))))))(((((((..((((((........)))))).(((.(((..((((((((...))).))))).....))).))).(((.((...)).)))))))))))).))).))))).)))))))))))).................((((((((((((((((((((.....((((....)))).......)))....))))))......(((((((((((((((..((((.......((((((((...))))).)))....)))).))))))))((((.....))))......(((((....(((......)))......))))).........((((((...))))))((..........))...(((((((((((((.(((((((....(((((((.((((((....).)))))....)))))))...))))))).(((((.......(((((((.(((((((.((..((((((((((((((...)))))))).((((((...((((((.......))..))))...))))))(((((((..(((((((............((((((.(..(.((....)).)..)))))))....))))))).)))).)))..((((.(......).))))))))))..)))))))).).)).))))))))))((((...))))........(((((((((((((((((........(((....))).......(((((((((....)).)))).))).......(.(((((((.(((((........(((.((........))..)))..)))))...))))))).)))))...))))))))))))))))))))))))))...)))))))..))))).))))))........((.((((....)))).))..))))))))))))))))))))....))))((.(......).))
uniform_017,-708.7000122070312,(((((((........)))......((((((((((((((((((((...............................................((((....))))......(((((((........))))))).......(((((((((((...(((((...)))))...))))....((.(((((..((((((......(((.((((.(((.........))).)))).))).......))))))..))))).))....(((.(((((((((((...(((((....)))))..((((((((((((...(((.((....)).)))....)))))....(((((((.((......(((((..........)))))..(((((((.(((..((((((.......((((((.......))))))...(((((((((((((((((((......(((((....)))))))))))))).)))..)))))))((((((((...((((.(((((..............))))).))))...))))))))))))))..))).)))))))((((((....)))))).((((.(((((.(.(((((((.(((...((.(((((((.........((((((((((((((((((......))))).))))))).............))))))...(((((..((.((((.((((((((((..........................((((((((((.((((.......)))).))))))))))(((....)))..))))))))))..)))))).)))))..(((((((((........(((((.(.(((........)))).)))))(((((((..(((((((((.(((((((.............(((((.((((((((.(((((((((.((((....((((.......))))....))))))))((((((.((((.(((.(.........).))).))))))))))..((((....))))))))).)))))))).)))))((((((((..(((((...(((((((((((.(((((..((.(....).))..))))).((((((........)))))).((((......(((((((..((((......)))))))))))....)))).(((((((((((((..((((.(((((..((((.(........).)))).......))))).))))..))....))))))))))).....((((((.....((.....))..))))))...)))))))))))))))).))))))))(((((.(((......)))))))).)))))))))))..)))))......))))))))))))))))...)).))))).))))).))))))).)))))))))))).).)))))).....((((((((....((...))...)))))))).))))))).......)))))))))))...)))((((....)).))((((((((...(((((...........))))))))).)))).)))))))((..(((((((.((((((..............((((.....(((....)))((.((((((..(((((......((.((((.((((((...)))))).))))))(((((((.(((..((((((((((.(((((((....((((..((((((.....))))))...))))..))))))).))))))))))(((......))).))).))))))))))))((((...((((((.......((((((..((...(((((...(((((.(((..((((.((((......((((((...)))))).........(((.((........))..)))))))))))..))).)))))...)))))...))..))))))..))))))...)))).......))))))))..)))))))))).))))))).))...........))))))))))))))))))))....))))((.(......).))
uniform_018,-698.0999755859375,(((((((........)))......((((((((((((((((((((...............................................((((....)))).....((((..((((((((((((((((((((((((((((((.((((...(((((...)))))...))))....((.(((((..((((((......(((.((((.(((.........))).)))).))).......))))))..))))).)).))))))))))).)))((((....(((((((((..((((((((((..((((((...))))))(((((((...(((........)))(((((((((((((((((..........)))))..(((((((.(((..((((((.......((((((.......))))))...(((((((((((((((((((......(((((....)))))))))))))).)))..)))))))((((((((...((((.(((((..............))))).))))...))))))))))))))..))).)))))))((((((....))))))......(((.(((((.(((((((((((((((((((.(((((......((((((((((((((((((......))))).))))))).............))))))(((((((............(((((((((..........................((((((((((.((((.......)))).))))))))))(((....)))..)))))))))....(((((((.((......)).)))))))((.((((((((....)))))))).))((((...((((((........))))))...))))..)))))))..))))))))))....))))..))).)))))))))))))))...((((.(((((...(.((((((((.((..(((((((.(((...........).)).))))))))).))))..)))).)....))))).))))....((((((...))))))(((((((.((((((((((......))))))))).....).)))))))...))))..)))))))).)))))))(((..(((...)))...)))..))))))).))).))))))).))...))))....))))))))))((((((.(((.(((.....))).)))..))))))(((...((((.((((((..((((.........(((((((.(((.(((((.((.....(((((...(((((.((.....)))))))............))))).....))))))).))))))))))..(((((...(((((.(((.((((....).))).....))).)))))....))))).(((..((.....(((....)))....))..)))..(((((..((((((((.....(((((.((((....((((((.....((((.....(((.((......)).))).....))))...((((((...))))))....((((......))))))))))....)))))))))...))))))))....))))).....(((......)))..(((((...........)))))(((((.((((.(((.((((((.((((((((....(((((.((....(((((((((..(((.(((((....))))).(((((.....(((((((((...)))))).)))..((((.((((.((.((((((.(((((.........))))).)))))).)).)))).)))).(((((...((((..(((....)))....))))))))).....))))).))).)).)))))))..))..)))))..))))))))..))))))))))))).)))))....))))..))))))))))..)))................))))))))))((.((((....)))).))..))))))))))))))))))))....))))((.(......).))
uniform_019,-720.4000244140625,(((((((........)))......((((((((((((((((((((...............................................((((....))))......(((((((........)))))))((((...))))...((((...(((((...)))))...))))....((((((((((((((((..(((((((.(((((.((((.(((..(((((((((...........((((......(((((((((.....))))))))).))))..(((..((((..(((((((((((((((...(((((..((((..(((...(((........))).((((((((((((((((..........)))))(((((((((.(((..((((((.......((((((.......))))))...(((((((((((((((((((......(((((....)))))))))))))).)))..)))))))((((((((...((((.(((((..............))))).))))...))))))))))))))..))).)))))))))((((.(((((((.(((((((((((((((((((((((((((...((((((.((((((....(((((((((((.(((((((......)))))(((((.(((((...(((.....(((((((.((((((((.(((.((((((((((((((((.................(((..((((((((((.((((.......)))).)))))))))))))((((((((...))).))))).))))))))))).(((((((((.........)))))))))...........)))))(((((......((((((....((((......))))....)))))).....)))))..)))))).))))).)....))))))....)))))).)).))))).)).))))))))).)).....))))......)).)))))))))))........))))))).........))))).)))))).)))).....(((((((((......(.((((((((........))))).))).)..))))))))).((((((((......)))).)))).))))))))))).)))))))...)))))))..)))).))))))).)))(((.....)))..))))))))))..))))..)))......))))))))).))).)))).....))))).)))).)))..((((...........))))..)))..)))))))))))))(((((..............(.((((((((.(.......))))))))).)..................((((((.(((((...((..((...((((.((((((((......(((((.........))))).((((((...))).)))..(((((((((.((((((((((((.........((((.((((.(((((.......(((.((......)).)))....((((((..(((((((((((........))).))))...((((((.(((((((.......))))).)).)...)))))......(((.((......)).)))............))))))))))...))))).)))).))))((((((..(((((((((((.....)))))..((.((((((((((((.((((((...(((((.....)))))...))))))(((((...((((.(((((.....))))).))))..)))))....)))))))))))))))))))).))))))((((..(((..(((..((((((((((((....))))).................)))))))......)))..))).))))))))).)))))).......((((...))))).)))))))))..))))))))...))))....))..))...))))).))))))....))))).))))))))))))))))))))....))))((.(......).))
uniform_020,-720.4000244140625,(((((((........)))......((((((((((((((((((((...............................................((((....))))......(((((((........)))))))(((((((((((((.((((...(((((...)))))...))))....((.(((((..((((((......(((.((((.(((.........))).)))).))).......))))))..))))).)).))))))))))).)).........(((.(((((((.(((((((.((((((...(((.((....)).)))....)))))...........((((........((((((..(((...))).)))))).........))))..((((((((((((.(((((((((......(((((((((((((((((((......(((((....)))))))))))))).)))..)))))))((((((((...((((.(((((..............))))).))))...))))))))(((((.............)))))...((((((..(((((((((((((((.......(((((((......((....)).....((((((((((((((((((......))))).))))))).............))))))((((((((.(......).))).)))))...........................((((((((((.((((.......)))).))))))))))(((....)))..(((((...)))))...)))))))((.(((((.((((((((((.(((.(((.(((...((((((..((.....)).))))))...)))..))).))).))).....(((((((((((((.((((((((((((...((....))))))).)))))......)).)))))))).))))).))))))).)).))).)).(((.(((((((((((((...))))))))....))))).))))))).)))))))).)))..)))))).))))))((((.......))))(((.(((.((((.((((.((((..((....))...)))))))))))).))).)))..))).))))))))))))).))))).)).))))))).)))......(((((........((((.((((((..((((((((........)))).((((((((((((((((..................)))))..))))....)))))))....(((((..((...))..)))))..(((((.(((..(((((((........))).).)))..))).)))))..((((...(((((.........)))))))))....((((((.....))))))..(((..((.((..(((....)))..))))..)))......((((((.((((((.(.((..............(((((....((((.....((((((((((((.(((......(((((........))))).(((((....((........))....))))))))..)))))))....((....)).((((....))))((......))...)))))..))))....)))))(((((........)))))...(((((.(.((((((((((..(.(((((.((.(((.((((.((((((....))))))(((((.........((((..((((.(((.(.((((.((((((...((((((...(((....(.(((.(((((((.(.....).))))))).))))..)))...))))))...)))).))))))).))).))))..)))).........))))).........(((((.((....)).)))))))))..))).))))))))))))))))))))))))))).))))))))))))....))))..)))))).))))........)))))...))))))))))))))))))))....))))((.(......).))
uniform_021,-737.2000122070312,(((((((........)))......((((((((((((((((((((...............................................((((....))))......(((((((........)))))))((((...))))...((((...(((((...)))))...)))).((.((((((((((((....((((((((((((.(((((((.((((.(((.((((((((((((((..((((......(((((((((.....))))))))).))))(((((((.(((...(((((((.(((....(((((((....(((.(((.....(((((((((((.(((((((.....(((((..........)))))..(((((((.(((..((((((.......((((((.......))))))...(((((((((((((((((((......(((((....)))))))))))))).)))..)))))))((((((((...((((.(((((..............))))).))))...))))))))))))))..))).)))))))((((((....))))))......(((((.((....)))))))(((...(((((.(((((((((((((((((((.(((...(((.(((((.((((((((((....((((((.(((....(((((...((((.....)))).)))))..))).))))))..))))))))))....(((((((((((.((((.......)))).)))))))))))(((((.(((.((((((((((........)))...(((((.(((((((((((....(.((((((.....)))...))))...)))))).))))))))))..))))).))))).))))).....))))).))).....)))..)))))))).)))).)))))))..)))))..)))(((((...)))))..))))))).)))))))))))..))))))..)))))))...)))....(((((((.......)))))))......((.((((....(((((((((...((.((((........)))).))...)))).))))))))).))))))).))..))).)))).))).....((((((((((((....((((...(((((((((....))))).))))....(((.((((((.((((((..((((.((...........)).))))..)))))).)))))).)))(((((....)))))...))))....)))).....))))))))(((((.(......).)))))..)))))))))....))))).)))...)))).)))).))).))))).....(((........).)))))).)))....)))))))))))).)).((((..(((.(((....((((((((((...(((((.((......((((.((((((((((((....)))))).(((((((((...((((((.(((((((.....))).((((((((((((........))))).((((.((((((..((((((((....(((((.......)))))......))))))))..........(((..((...))..)))...)).)))).))))((((((..........).)))))...(((((...)))))...)))))))))))))))))..)))))))))...((((((((((...((((((((((((((((..((.(....((((((.............))))))...).))..)))))).....)))))))))).)))))))).))..((.(((((....)))))..))...((((((.(((......((.(((((............)))).).))(((((((.((.(((..........)))))..))).))))...))).))))))))))))..)))))).)))))....)))).))))))))).)))))))))))))))))))))))))))....))))((.(......).))
uniform_022,-735.0,(((((((........)))......((((((((((((((((((((...............................................((((....))))......(((((((........)))))))..((((((((((((..((((.(((((...)))))...((.(((((((((((((((((....(((..(((((((((((.((((.(((((((..((((...............(((((((((((((((.....))))))))............)))))))...(((((.((((((...(((.((....)).)))....)))))...(((((((((((((((..(((((..........)))))..(((((((.(((..((((((.......((((((.......))))))...(((((((((((((((((((......(((((....)))))))))))))).)))..)))))))((((((((...((((.(((((..............))))).))))...))))))))))))))..))).)))))))((((((....))))))((((((((..((....(((((((.(((.(((((((((...((........)).((((((((((((......))))).))))))).((((((((.((....((((((((((..(((......))))))).)))))).....)).)))))))).....(((((((((((.((((.......)))).)))))))))))((((.(((((((((.......)))....(((((((((((((............(((.((((.(((....(((((..........)))))))))))))))....((((((((((((((..((((((......))))))..)).......))))))))))))....((((((.((....))))))))))))))))))))).((((((.(((.....)))))))))......)))))).)))))))))))))..(((((....)))))..))).)))))))..))..))))))))(((.(((((....((.(((((.((((((((((...(((((((.((((.((....)))).)).)))))))))))))...)))))))))))))))))))...))))))..)))))))))).))))).(((((.((.((((......((((((.(((((((..((((((((((....((((((...))))))..))))))..))))))).))))))))))))))))))))).....((((((...))))))....))))..)))..))))))))...)))))))))(..((........))..)...))..)))....))))))))))))........((((........)))))))))))))))..)))...))))))))).(((((..(((((....(((((.........)))))((((((.....(((((((((.(((................((((...)))).)))...)))))....((((.(((.(((((((.((((((........((((.(((....))).)))).)))))).((((((((.(((((((..((.(((.(((.((.(((..(((......)))...))).))))).))))).))))))).))))))))((((((.(((((.((...(((.((((..((.......))..)))).)))....)).))))).))))))((((((((((((...(((((.((.((((((((((....(((((.((.....(..((.(((((((((((.((.....)).)))))).......))).)).))..)..))))))))))))...))))))))))))..))))).)))))))))))))).)))...)))).....)))).))))))..))))).)))))..((.((((....)))).))..))))))))))))))))))))....))))((.(......).))
uniform_023,-732.2000122070312,(((((((........)))......((((((((((((((((((((...............................................((((....)))).....((((..((((((.((((((.((((......(((((((.....(((((((((((.((..(((((((.((((.(((((..((((((......(((.((((.(((.........))).)))).))).......))))))..)))))((((((.....))))))..........((.((...(((((((((((((.((.(((((.((....((((((((...((((((.((((.((.((...(((((((((((..........)))))..(((((((.(((..((((((.......((((((.......))))))...(((((((((((((((((((......(((((....)))))))))))))).)))..)))))))((((((((...((((.(((((..............))))).))))...))))))))))))))..))).)))))))((((((....))))))..((((..((((.(((((.((((((.(((..(((((.(((.(((.((((....((((((((((((......))))).))))))).((((((((.((....((((((((((..(((......))))))).)))))).....)).)))))))).(((..((((((((((.((((.......)))).)))))))))))))...((((((((..((..((((((..(((.((..((((.(((((...((.(((((.((.(((.........))).)).))))).))...)))))))))..)).)))....))))))..))..))))).)))....(((((...))))).)))).))).)))..)))))..)))....))))))))))).))))))))))))))...)))).))))..)))))).))))))))((((.((((.......))))))))))))))).)).))))))).))))))....))))(((((((.((((.(((((((((((((((.....))))).)))(((((((.(((((((((((((...))).))))))..)))).))))))))))))))..)))).)))).))).(((((((..(((((((((...((((((....(((((((..((..((((((((((((....).)))))......))))))..)))))))))...))))))((((((.....))))))..((..((((((...)))))))))))).)))))((.((((......((((((((..(..((((.((........)).)))).)..)))))))))))).))))))))))))).))))))).))))))).))))))...))))).)))))))))))).((((((((...(((((((........))))))).......((.(((((((..(((.((((.(.(((.((((.(.((.((((...)))).))).)))).))).)))))))).........(((((..(((((((.((((.......((((((.....))))))(((((((.......((((((((...))))).)))(((((((....)))))))((((((....))).))))))))))........))))))))))).((((((((((......)))))))))).(((......)))......)))))((((((((...((((((...))))))....(((.....))).....(((((((((.(((((((((((((...(((.....))).))))).....))))..(((.........)))((.((..(.(((.....))))..)).))))))))))))))).)))))))).....))))))))).)))).))))))))))))))((.((((....)))).))..))))))))))))))))))))....))))((.(......).))
uniform_024,-717.2999877929688,(((((((........)))......((((((((((((((((((((..........................................(((((((((((......(((((((((((((........)))))))...((((((((((.((((...(((((...)))))...))))....((.(((((..((((((......(((.((((.(((.........))).)))).))).......))))))..))))).)).))))))))))((((((.....))))))..))))))((((((((((((((...(((.((....)).)))....))))).........((((((((((((((((((....((((((((((((((((((.(((..((((((.......((((((.......))))))...(((((((((((((((((((......(((((....)))))))))))))).)))..)))))))((((((((...((((.(((((..............))))).))))...))))))))))))))..))).))))))))))........(((((......(((((.((....))))))).....)))))(((.((...((((((((((((((..(((((......))))).((((((..((((((((.((....((((((((((..(((......))))))).)))))).....)).))))))))..))))))((((((((.((((.......)))).)))))))).((((....)))).(((((...)))))..(((((((((...(((((....((......))((((.((....))...))))..)))))..)))))))))))))))))...)))))).)).)))))))))))))))......))))))))..))))))..((((.....))))((((.......)))).))))))))).)))))))))))..(((((((.....(((..((((.(((((((((((((.......)))))))..........((((.(((((((((......(((((.(((..((((.((((((((((((((....(((((.((((((((....)))))))))))).)....(((((((((((..((((((.(((((.(..(((((.(.(((.((....)).))).))))))).))))).).........((((.((((((.((((((((((.((((((((((........(((((.........)))))(((....)))(((......))).((((((((((((..((((.(((.(((....(((((((.((.(((.((((((.(((..(...(((((((..(((((.....((((.......(((..((((((((((((..(..((((.....((((.((((........))))))))..))))..)..)).)))))....)))))...))).......)))).....))))).))))))).)..))).)..........((((((((.(((.....((.(((((((....))))))))).....)))))))..))))......(((....)))((((((.....))))))...............(((((.(((........))))))))...))))).))).)))))))))((((......)))))))))).))))...))))))))..)))).)))).)))))).)))))).)))).)))))).))))...(((..((((..(((.((.((((...((((.((((..(((....)))..))))...)))).)))).))..)))..))))..)))..))))))))).)))))))...........)))))))))).....))))))))))).)))))...)))))))))))))..)))))))))).))))))))))....(((((......)).)))((((....)))).....))))))))))))))))))))....))))((.(......).))
uniform_025,-739.9000244140625,(((((((........)))......((((((((((((((((((((...............................................((((....))))......(((((((........)))))))...(((((((((((((((...(((((...)))))...))))(((((..(((((..((((((......(((.((((.(((.........))).)))).))).......))))))..)))))((((((.....))))))...(((((.(((.(((((.(((((((((((((((((...(((.((....)).)))....)))))((((((.....((((((.((((((.(((...((.(((..((((((((((.(((..((((((.......((((((.......))))))...(((((((((((((((((((......(((((....)))))))))))))).)))..)))))))((((((((...((((.(((((..............))))).))))...))))))))))))))..))).)))))))))).....))).))...))).))))))......((((.((((((((....(((...(((((((((((((((((((((((((......))))).))))))).............))))))..((((((..((.((((.((((((((((..........................((((((((((.((((.......)))).))))))))))(((....)))..))))))))))..)))))).)))))).(((((((((((((......(..(((((((((((...((((((.((.(((..((((((((......((((.(........).))))..))))))))..))).((((((.((((...((((..((((((((..........((((((.(((.((.(((((((((.((.(((((..(.(((((((((.(...).))))).)))).)....))))))).))).....)))))).))))))))))).....((((((((((((((((((...(((((.((((((((((..........))))))...)))).)))))(((...(((((((((.....)))))))))..))).))))))))))).)))))))((((((..(((((((((.((((((((((.........)).))))))))))))(((.....)))..........)))))...))))))......)))).)))).))))...))))))))))..................((((((........)))))))).))))))((((.....)))))))))))))))..)((((((..(((((((.....((((.((((.(..((((.(((....((((((........))).))))))))))..).))))..))))...((((((..............)))))))))))))......)).)))))))))).))))))))))))))...........)))....))))...)))).)))).........((..(((((((..........((((((.(.(((((..........))))).)..))))))((((...))))..(((((.(.((((.((.((((((((......)))))))).))..)))).).))))))))))))..))....))))))))))))...(((((......)))))........)))))))))))).)))))))).)))))..))))))))))))))))(((((((((.(((((.((..((..((..((..(.((((((((((..((...))..))))..((((......))))..(((((.(....((.((((..((.....))......)))).))).)))))....))))))).))..)))).)).))))).)))....)))))).........))))))))))))))))))))....))))((.(......).))
uniform_026,-730.7000122070312,(((((((........)))......((((((((((((((((((((...............................................((((....))))......(((((((........)))))))(((((((((((((.((((...(((((...)))))...))))....((.(((((..((((((......(((.((((.(((.........))).)))).))).......))))))..))))).)).))))))))))).))...(((((.(((((((.(((((...))))))))))....)))))))((((((((...(((........)))....((((((((.((((((((..(((...)))..(((((((.(((..((((((.......((((((.......))))))...(((((((((((((((((((......(((((....)))))))))))))).)))..)))))))((((((((...((((.(((((..............))))).))))...))))))))))))))..))).)))))))((((((....)))))).((((..(((((....((((((.((((((((((.((((.........((((((((((((((((((......))))).))))))).............))))))((((((((.(......).))).)))))(((((((((..((((((((((((.(((((((((((((.((((.......)))).)))))))))))....((((((...))).)))...((.(((((((((((.(((((((....)))...)))).))))))))))).)).(((.(.((.((...)).)).)))).(((((((((((((.(((..((((((((((.(...(((((.((((.((.((...)).))))))..)))))..).))))).(((.((((((((.((.((((..........)))).)))))))))).))))))))..))))))))...))))))))...))))))))))))))))))))))).((((((.(((......))).))))))(((((.(((((.....))))).)))))......(((......))))))).))))))).)))...))))))..)))))..))))....)))))))).)))))))).(((((.(((.((((..........)))).))).)))))))))))))((((((((((.....(((((((........))))))).........))))..))))))..((((..(((.(((....(((((((((((.(((((.(((...........))).)))))...........(((((....(..((((((.....((((((((....((((((((...((((((.............))))))..)))).))))(((((((((((((((..(((((((..(........)..))))))).((((((.....))))))....(((.(((....((((.((((((...))).)))))))))))))..((((((((((......((..((((....((((((..(((((((((((((..((...((.((.(((....))))).))))...)))))))...)))))).)))))).(((((((((.(((((((......((((......))))(((((.....((.((((((.(((.((((.((((((((((((.((((((((((.......))))))).......(((((((..................)))))))((((((......)).)))).))))))))).)))))).))))..)))...)))))).))..)))))..))))))).)))))))))))))..)))))))).)))))))))))))))))))......)))))))).))))))..))))))....))))).))))))))).)))))))))))))))))))))))))))....))))((.(......).))
uniform_027,-717.2000122070312,(((((((........)))......((((((((((((((((((((...............................................((((....))))......(((((((........)))))))(((((((((((((.((((...(((((...)))))...))))....((.(((((..((((((......(((.((((.(((.........))).)))).))).......))))))..))))).)).))))))))))).))...(((((.(((((((.(((((...))))))))))....)))))))((((.........(((((((((((...((.((.....(((((..........)))))..(((((((.(((..((((((.......((((((.......))))))...(((((((((((((((((((......(((((....)))))))))))))).)))..)))))))((((((((...((((.(((((..............))))).))))...))))))))))))))..))).)))))))((((((....)))))).....((((((.(((.((.((((((((((((((((((((((((....((((((((((((((((((......))))).))))))).............))))))((((((((.(......).))).)))))(((((.................(((..((((((((((.((((.......)))).)))))))))))))((((((((...))).))))).)))))..)))))).)))))(((...(((..(((..(((.((....)).)))..)))..)))..)))((((((.((...((((((.........)))))))).))))))..))))))..))).)))).))))).))))))(((((((..((....)).)))))))..)).))...))))))))))).((((((((..((((..((((...((((((.....))))))...))))........((((((((.((((((..((((((((.((....(((((..(((....)))....)))))...))))))))))(((((.(((..((((((((..(((((((((((((..((..((((....)))).))..))))).)))))))).(((((((((....)))))))))........)))))))).))))))))(((..((((((........))))))...))).(((......)))....((((((.(((((((((.........((((.((((.......)))).))))((((((...)))))).(((((((............((((((.....(((((.((((((..(((((((...................((((((((...)))).)))).)))))))(((.((.((.(((.((((...(((((..........))))).....))))((((((((....(((((((...)))......)))).((((.((((((((((((((((.(((..((((...(((..(((....)))..........((((....)))).)))...)))).)))))))).)))))))).))).)))).))))))))(((..((..((((((...))))))..))..)))))).)).)).)))..(((((....)))))))))))..))))))))))).(((((.((((....(((((.((...(((((...(((((..(((((.....)))))(((...)))....(((((((((.....)))))))))(.(((((((...))))))).).....))))).)))))..)).))))).....)))).))))))))))))((.(((..........)))))))))).)))).))))))...)))))).)))))))))))))))))))))))).((((....)))).....))))))))))))))))))))....))))((.(......).))
uniform_028,-702.0,(((((((........)))......((((((((((((((((((((...............................................((((....))))......(((((((........)))))))..(((((((((((((...((((((.((((.(((((.....(((((((((((((((((((((......(((.((((.(((.........))).)))).))).......))))......(((((((((.....))))))))).......(((..((((((((((((((..(((((...(((.((....)).)))....)))))..((((((.((((((((((.((((.((..(((((.....((((((((((.(((..((((((.......((((((.......))))))...(((((((((((((((((((......(((((....)))))))))))))).)))..)))))))((((((((...((((.(((((..............))))).))))...))))))))))))))..))).))))))))))...(((((((((..(((((((((((((.(((.(((((((((((((.(((((..((........)).((((((((((((......))))).))))))).((((((((.((....((((((((((..(((......))))))).)))))).....)).)))))))).....(((((((((((.((((.......)))).)))))))))))((((..(((((((..(((((((.....((.(((...((...((((((((......)))))))).....))...))))))))))(((..((((((((.......))))))).)..)))..))..))))).))...))))((((((((......))))))))......(((.(((((.((...((.((.(((((....))))))).)).)).))))).))))))).).))).))).))))))).)).).)))).)))))))))..)))))).)))(((.((.(((...))).)).)))(((((.(((.((.(((.(((((((....)))...)))).))).))))).)))))..))))).)).)))).)))..)))))))))))))(((....)))...((((.....)))).))))).))))))))).)))........(((((.....)))))((((((.....((....................)).....))))))...))))))))))))........((((........))))))))).((((.................))))((((((..((((.........))))..))))))....))))).)))).))))))...(((..(((...((((.......)))).))))))......(((.((.((((((..((((...((((((..((...(........)...))..))))))...))))(((.(((((((..(((((((((((..((((.......(((((((........))))))))))).)))))))...((........)).((.(.(((((...((((((((.((((((((.(((((.....((((((....((.(.......).))..)))))).....))))))))..))))).))))))))..))))).).))....(((((((..((((...))))..)))))))..(((((.....((((((((((.(((.(((((.(.(((.......)))).)))))))).)).)))....))))))))))))))...))))))).)))...(((........)))...((((.........))))..(((((.(....((.((((..((.....))......)))).))).))))))))))).)))))..))))))))).......)))).((((....)))).....))))))))))))))))))))....))))((.(......).))
uniform_029,-723.7999877929688,(((((((........)))......((((((((((((((((((((...............................................((((....))))......(((((((........)))))))(((((((((((((.((((...(((((...)))))...))))....((.(((((..((((((......(((.((((.(((.........))).)))).))).......))))))..))))).)).))))))))))).))...(((((.(((((((.(((((...))))))))))....)))))))((((((((............((.(.((((((((.((((((((..........)))))..(((((((.(((..((((((.......((((((.......))))))...(((((((((((((((((((......(((((....)))))))))))))).)))..)))))))((((((((...((((.(((((..............))))).))))...))))))))))))))..))).)))))))((((((....)))))).(((((((..((((.((((((.(((..((((.((((((((((...((((.(((((((((((((((......)))(((((...)))))...(((...((((..(((.((((..((.......((((((((((..........................((((((((((.((((.......)))).))))))))))(((....)))..))))))))))..((((.(((((.(((((................))))))))))))))))..))))..))).)))).)))))))))))))))((((.((((((((((........(((.(...((((((((((((((.(((..((((......(((....))).......))))..))).)))))).))))))))...).)))))))))))))))))..)))))))).)))))).))))..((((....))))...))).).))))).)))).))))))).(((((((...(.(((.(.......).)))))))))))(((..(((..((((((.((((((((((..........))))))))))..))))))..)))..))).....))).)))).)))).).))))))))))...(((...((((((((((((....((.(((...(((.((((((((...))).)))))...)))..)))))....))))).)))))))..)))((((..(((((((....((((((((((.......(((((.((((((.((..(((((.......................)))))..)).)))))).)))))(((.....))).........(((((((((........)))....))))))(((((.((..(((((((((((((..((.((.....))))))))))....(((((((...((.((((((.........))))))(((..(((.....)))..))).(((...((.((.((((.....))))...)).))....)))......((((((.((((((((((((((((((((((.((((.......)))).))))).)))))).)).))))))(((.....((.(((((.((..((((((((((((((..(((.(((((((((..((.((((((..((((((.((.((...(((....)))....)).))((((...(((((.......)))))......)))).)))))).)))))).))...)))))).))).))))))))))((((((((((((.......((....)).......))))......))))))))...))))).))..)))))))))...)))))).)))))))).))))))).)))))))..))...))))))))).)))))))))))))))))))))))))))))))))))))....))))((.(......).))
uniform_030,-711.2000122070312,(((((((........)))......((((((((((((((((((((...............................................((((....))))......(((((((........)))))))....(((((((((.((((...(((((...)))))...))))....((.(((((..((((((......(((.((((.(((.........))).)))).))).......))))))..))))).)).)))))))))(((((((((.....((((((((((((((((((((.(((((...(((.((....)).)))....)))))...........(((.((((((.(((((....((.(((..((((((((((.(((..((((((.......((((((.......))))))...(((((((((((((((((((......(((((....)))))))))))))).)))..)))))))((((((((...((((.(((((..............))))).))))...))))))))))))))..))).)))))))))).....))).))))))).)))))))))....))))))(((((((.(((((..(((((((((((.(((((((((((((((......))))).))))))..((((((((.((....((((((((((..(((......))))))).)))))).....)).))))))))......((((((((((.((((.......)))).))))))))))(((....))).....(((((((((...(((.....)))))))))))).((((.(((((((((((((((((.((((.....)))).)))).))).))))(((((((((...((((((((.(((((((.........))))....((((((.......)))))).(((((..(((((((((((.......)))))))).)))..)))))))).))))))))...))))))))).(((.(((((((.......)))))))..)))..((((..((((.(.((((.......))))).)))).)))).)))))).))))..))))...)))))...))))))))))).((((...(((......))).))))..)))))))((((..((((......(((.((((.((..((((((((..((.((((((((........(((.((((((...(((....)))....)))))).)))....(((((..((((................)))).))))))))))))).))..)))).)))).)).))))))).....)))).))))..)))))))))))).))......)))))))))...(((((((((..(((((.......))))).................(.((((((..........)))))))..((((((((((.((((((((..........))))))))....(((((...((.((((.(((..((((.......(((((...)))))......))))..((((((((.......))))))))....(((((((........)))))))((.(((..((((((((..((...(((((...........)))))))...))))))))..))).)).(((...((((((((((.((.(((((..(((((((...((((.((.((((((.....))))).).))))))...)))))))..((((.(((((((....((((((((.((((..((((...)))))))).)....((...))((((((.((((((...(((((.(........).)))))))))))))))))......)))))))))))))).))))...((.((..(.(((.....))))..)).)).)))))))))))..))))))...)))))).)))))))))))))))...))))))))))))))).............))))))))))))))))))))....))))((.(......).))
uniform_031,-707.5,(((((((........)))......((((((((((((((((((((...............................................((((....))))..(((((((((((........))))))((((((((((((((.((((...(((((...)))))...))))....((.(((((..((((((......(((.((((.(((.........))).)))).))).......))))))..))))).)).))))))))))).)))..........(((((.(((((...))))))))))....)))))(((((((((......(((.......((((.(((((((..(((((..........)))))(((((((((.(((..((((((.......((((((.......))))))...(((((((((((((((((((......(((((....)))))))))))))).)))..)))))))((((((((...((((.(((((..............))))).))))...))))))))))))))..))).)))))))))((....))..(((((((((((((((.((((.....((((.(.....).))))..((........)).((((((((((((......))))).))))))).((((((((.((....((((((((((..(((......))))))).)))))).....)).)))))))).(((..((((((((((.((((.......)))).)))))))))))))(((((((((((.....(((((((.((...(((...)))...))))))))))).)))))))))........)))).))))))))...))))))).(((..((.....))..)))......))))))).)))).......)))..)))))))))..(((((..((((((((.((....((((.((...((((((((((.(((.((((.(.(((.(((((((((((((((((.((......(((((((((((((((((.((......((((((....))))))......)).((((((.(((.(((((((..(((((.(((((.(......)))))).)))))(((((..((((.(.......).))))..))))).((((((((.......((((((((((..((((((((.((.(((((((((((((.(((.(((.....)))..).)).))))...)))))))))(((((....)))))...)))))...)))))...))))))))))..))))))))...)))))))....))))))))).((((..((.((....)).))..))))((((((.............(((((.............)))))..)))))))))))))))..(((((((((((((..((.((((((((.((.((((((..((.(((((((........)))).....))).)).....)))))).))))))))))...))..))))).)))))))).(((((.((((.((..............)))))))))))..............)))))))).....)).))))))(((((((.(..((((((((...........((.((.((((...((((...)))).)))).)).))..))))))....((((((......))))))..)).).)))))))((((.((((((((.(((((..........((((((.(.(((.......).)).))))))).....((((((.((....)).)))))).........(((((((((((((((....).))))))))..))))))))))).)))))))).))))....((((......))))......)))))))))))))).).))))..)))...)))))))))).))))))..)))))))........(((((......)).)))....)))...)))))..))))))))))))))))))))....))))((.(......).))
uniform_032,-729.0,(((((((........)))......((((((((((((((((((((...............................................((((....)))).....((((..((((((((((((((((((((((((((((((.((((...(((((...)))))...))))....((.(((((..((((((......(((.((((.(((.........))).)))).))).......))))))..))))).)).))))))))))).))).....(((((((...........(((((((((((...(((.((....)).)))....)))).....)))..)))).......(((((..........)))))..(((((((.(((..((((((.......((((((.......))))))...(((((((((((((((((((......(((((....)))))))))))))).)))..)))))))((((((((...((((.(((((..............))))).))))...))))))))))))))..))).)))))))((((((....))))))))))))).....((((((((((((((((((.((.((((...((...(((((((((((.((((((((.(((((.((((((((((....((((((.(((....(((((...((((.....)))).)))))..))).))))))..))))))))))....(((((((((((.((((.......)))).)))))))))))((((((.((..(((((...))))).....)).)))).))((((((..((((.((..((((((((....))...))))))..)).))))..)))))).(((((......))))).........))))).)))))..(((((((.((((((((((((...(((((((...))))))).((((((((((((((((.(((..............))).)))).)))))))).))))..)))))).)))))))))))))...((((.((((((...(((.((.(((((....)))))..)).))))))))).))))........))).)))))))))))..))...)))).))))))..............))))))))))))))((((((....))))))....))))))))))..((((((((...(((.((((((..........((((((.((((((.((.(((..((((((....))))))..))).)).)))))).)))))).(((((.(.((((((((.((((((.............((((..((((..(((.((.((((((((.((((.................))))...(((((....((((((((((((((....((((((..((((..((((.......))))....((((.........))))(..(((((((....(((((..............((((....)))))))))...)))))))..).....)))).))))))((((...))))..))))))))...))))))..)))))..)))))))).)).)))..))))))))....(((.((......)).)))...))))))....((((((((...))))).)))((((((...))))))..............((((....))))))))))))).)))))(((((.((((((((((...)))))))))).)))))..))))))(((....((((((.(((((((..(((((((((((((...((((..(.(((...((((((((((.(((((((....)))))))......))))).((((.................))))....)))))...))).).)))).))))))..)))))))))))))).))).)))......)))..)))...)))))))).....))))))))))((.((((....)))).))..))))))))))))))))))))....))))((.(......).))
uniform_033,-730.0,(((((((........)))......((((((((((((((((((((...............................................((((....))))......(((((((........))))))).((((((((((...((((...(((((...)))))...))))....((.(((((..((((((......(((.((((.(((.........))).)))).))).......))))))..))))).))......(((.(((((((.....))))))).)))......(((...(((((...(((.((....)).)))....)))))...)))((((.(((((((((((((.(((...((.(((..((((((((((.(((..((((((.......((((((.......))))))...(((((((((((((((((((......(((((....)))))))))))))).)))..)))))))((((((((...((((.(((((..............))))).))))...))))))))))))))..))).)))))))))).....))).))...))).)))))).(((..((((.((.((.(((.(((((...((........)).((((((((((((......))))).)))))))............((((((((.(((..((((........(((((((((..........................((((((((((.((((.......)))).))))))))))(((....)))..))))))))).(((((.((((((((((((.(((......))).)))).)))))))))))))))))))))))).))))......)).))).))))).)).))))....))).))))))).))))))))))))))..((.(((((((((.........))))))(((((.((.(((((((.(((((..(((((........((((.(((((((((...))))))))).))))((((...(((((.....)))))))))((((((....(((....)))..((((((..(((......))))))))).((((((((....))))))))(((.((((((((......(((((((...)))))))...((((((((((((((((((.((......)).)))).(((((.(((((((((((.((......((((..((((((..((.((((.(((.(..(..(((((....)))))..).).)))...)))).)).)))))).))))))))))))).....((((((...))))))((.....))..))))))))).((((((..((.(((...((((.(((((((((((....((((....))))(((((..((((((((.((..((((....(..((((((..........)).))))..)))))..)).))))))))...))))).....((((.....(((......)))(((..(((.((((.((((((((((((...))))).((((((((((.((((((.((.((.(((((.(((..((...........(((((((((((((......)))((......))((.((((((((......((((((((.(((((......(((......)))...)))))))))).))).......)))))))).)).....))))))))))(((((((((.(((...))))))))))))....)).))).)))))...)))).)).)))).)))))).))))........)))))).).)))).)))..))).((..(((((....)))))..))))))..)))))).))).)).))))...)))..))..)))))))))))))))))))).)))))..)))..)))((((...)))))))))))))))....))))).))))))).))..)))))))).))(.((((....)))).)...))))))))))))))))))))....))))((.(......).))
uniform_034,-736.4000244140625,(((((((........)))......((((((((((((((((((((...............................................((((....))))(((((((((((((........)))))))...((((((((((.((((...(((((...)))))...))))....((.(((((..((((((......(((.((((.(((.........))).)))).))).......))))))..))))).)).))))))))))((((((.....))))))..))))))((((((((((((((...(((.((....)).)))....))))).....(((.((((((.....(((((..........)))))...((((((.(((..((((((.......((((((.......))))))...(((((((((((((((((((......(((((....)))))))))))))).)))..)))))))((((((((...((((.(((((..............))))).))))...))))))))))))))..))).)))))))))).)).)))(((((...((((((((((((...(..((((((((((((.(((((((((((...((((((((((((((((((......))))).))))))).............)))))).(((((((.((.......((((((((((..........................((((((((((.((((.......)))).))))))))))(((....)))..))))))))))..((((((((....(((((((((((.........).))))))))))..((((..((......))..))))...)))))))).((((((.((((.......)))).))))))....(((......))))).))))))).((((((.(((.(((((.(((((((....))))))))))))..)))))))))))))))....))))).))))))).)))..))..)...)))).))))))))...)))))))))))).))......(((((((...(..((((((.((((((....((((((.((....)).))))))..((((((.((..(((.(((((((...))))))).)))..)).))))))..((((...))))..((...((((((...((((((..(((((((((((((..(((((((((((((((((((((((...)))))))................))))))..))(((....(((((((..((.......)).((((((((.((((((.((..((((((((.((...(((((((((...((((................))))..))))).........(((.....)))..))))((((........))))..((((((((((.((((((.....)))))))))).))))))..(((((((..............))))))))))))))))).))....))))).).))))))))((((...((((((.(((((..((((((....))))))((((...(((((((..(........)..)))))))...(((......)))))))......))))).))))))...)))))))))))....))).(((((.(.((((((.(((((((((.((((((((...)).)))))).))))))))).).))))).).))))).))))))))..)))))))...((.((....)).))........(((.(((((.......(((((((((.........((((.((...)).)))))))).)))))..(((..(((((((((...........(.((.((((......)))).))))))))))))....))).........((((...))))))))))))))))))))))))...))))))..))))))))...))))))..).....)))))))))))))))))))))))))))....))))((.(......).))
uniform_035,-706.4000244140625,(((((((........)))......((((((((((((((((((((...............................................((((....))))......(((((((........)))))))...((((((((((.((((...(((((...)))))...))))....((.(((((..((((((......(((.((((.(((.........))).)))).))).......))))))..))))).)).))))))))))((((((.....)))))).(((((......(((.((.((....(.(((.(((((.(.((((...((((((((((..(((((((.....(((((..........)))))..(((((((.(((..((((((.......((((((.......))))))...(((((((((((((((((((......(((((....)))))))))))))).)))..)))))))((((((((...((((.(((((..............))))).))))...))))))))))))))..))).)))))))((((((....))))))......(((((.((....)))))))........(((.(((((((((((((((((((....(((((......))))).((((((..((((((((.((....((((((((((..(((......))))))).)))))).....)).))))))))..))))))((((((((.((((.......)))).)))))))).((((....)))).....((((((......((.((.(((.(((((.(.((((........((.(((.....((((((............)))))).....))).))))))).))))).))).)).))..)))))).........)))))))).)))).)))))))..)))((((((((...)))))...))))))))))..))))))...)))).....)))).).))))).))).)....)).)).)))..)))))((((((((((..((((.((((((((((((...((((........)))).)))))((((((((..(((.....((((((((((((.((((((((((((((.(.((((((......)))))).).)))))).))))).......((((((((.....))))))))...(((((....(((.......)))......)))))(((((((...)))))))...............)))...)))))))..))))))))..))))))))...(((.(((((((((((((.((((((.(.(((((.(((((.(.......((((((....)))))).......).)))))..))))).).))))......))....)))).))))))))))))(((((((........)))))))..(((((((((((((...(((..(((((((..............)))))))...((((.((((.((((.(.(((.........)))(((((......(((..((((.....(((.((..((((.......))))..)))))......((((((..(((((((...((.(((((.((((((((...((((((((((.((.(((.((((..........))))))).)))))))..........)))))...)))).)))).)))))...))....))))))).))))))(((((....))))))))).)))......)))))(((.((....(((.......)))....)).))).).)))).))))(((((((((.((((...((((.((.((.(((((((((.(((((.((...((.......))...))))))).))))...))).)).))..)).)))).))))))))))))).....)))))))..))))))))......)))))...))))))).))))...)))))..)))))))))))))))))))))))))....))))((.(......).))
uniform_036,-726.4000244140625,(((((((........)))......((((((((((((((((((((...............................................((((....)))).....((((..((((((....((((((..((((((((((...((((...(((((...)))))...)))).((.(((((((((((((((.(((((.(((.((((.(((.........))).)))).))).................(((((((((.....))))))))).((.((((.(((..(((((((((((((((((((...(((.((....)).)))....)))))...(((....(((((((((((((((..........)))))(((((((((.(((..((((((.......((((((.......))))))...(((((((((((((((((((......(((((....)))))))))))))).)))..)))))))((((((((...((((.(((((..............))))).))))...))))))))))))))..))).)))))))))((((.(((((((.(((((((((((((((.(((((((((((((((((..(((..(((...((.((((.((((((((((((......))))).)))))))((((..(((((((..((.((((((.((..((.((((.((((((((((..........................((((((((((.((((.......)))).))))))))))(((....)))..))))))))))..))))))..)))).)))).)).)))))))...))))..(((.(((((...((((((((((....))))..)).))))....))))).))))))).)).....)))..))).)))))..)))))))))))).))))((((...(((..........)))...))))((((((((((((..........))))))))))))((((.(((((....))))).)))).......)))))))).(((....)))((.(((((((((.........)))))).))).))(((......)))(((((.((((((....))))))))))).))).))))))))))).....))))..))))))..)))((((((((.(((((.(((((...((((...(((.((.(((((((.((((.(((((((((..((((((((....(((.(((...((((((....))))))..))).)))..........((((......((((((((((.......(((...(((((.((...))..)))))...)))...))))...))))))......))))....((.((((.(........).)))).))...))))))))...)))........((((.(((((((((...((...))..)))))))))...)))).))))))..)))).)))))))..((((((..((........))..))))))..)).)))..)))).))))).)))))))))))))........))))))).)))))))))).)))).)).....))))).)).....))))))))))))).))........(((((...))))).(((((((.(((((((.((((........)))).)).....)))))...)))))))....(((((.(((((.((((((((((((.((....))))))))))))))))))))))))......))))))))).)....))))))..(((((((((.......))).)))))).(((((.(((((..(((.((((...)))).(((((.(((((............((((.((.....))..))))..((..(.(((.....))))..)).....((((...))))))))).)))))...)))..)))))..)))))..))))))))))((.((((....)))).))..))))))))))))))))))))....))))((.(......).))
uniform_037,-716.7000122070312,(((((((........)))......((((((((((((((((((((...............................................((((....))))..(((((((((((........))))))((((((((((((((.((((...(((((...)))))...))))....((.(((((..((((((......(((.((((.(((.........))).)))).))).......))))))..))))).)).))))))))))).)))......(((((....)))))((((.((((.(((((.(((((((.....(((((....(((((...(((.....((((((((((.(((((....((.(((..((((((((((.(((..((((((.......((((((.......))))))...(((((((((((((((((((......(((((....)))))))))))))).)))..)))))))((((((((...((((.(((((..............))))).))))...))))))))))))))..))).)))))))))).....))).))))))).))))))......(((((((.(((((...((((..........((((.((((((((((((((......))))).))))(.((.....)).)....(((.(((((((((..((.((((.((((((((((..........................((((((((((.((((.......)))).))))))))))(((....)))..))))))))))..)))))).........((((((((((((.....((((((.((.........)).))))))))))))...))))))))))))))).)))..(((((....)))))((((.......))))))))).))))(((((((.......)))))))....)))).))))).))))))).((((......)))).))))....)))...))))).....))))).))))))).))))(((...))).....).)))).))))((((((((..(((((((..(.(((.(((.....))).))))..))).))))..)))))))).)))))....(((((.(((....(((..(((((((((((..((((.((.(((.....((((.....))))(((((.(((((..(((((((....((((((((((..(((....((....))....)))))))))))))....))).)))).....((((....))))((......)).......((((........)))).(((..........)))...(((((...(((.(((((((...((((.(((((((((..((.(((((....((((((((((((((((.....(((((((((((((..(((.....))).)))))((((....))))(..((((((((...((((......((((....((((.......(((..((((((....((((((.........)))))).((.((((((...(((((.....))))))))))).))..))))))...))).......))))......))))))))..))))))))..)...))))))))))).))))).))))))))....)))))..))..)))))......)))))))).......(((((.((((.....))))((.((..((((((..((((((((((..((......))..)))))......(((((((((((((((..(((((...........(((((.((........))...))))))))))...)))))).))))))))))))))..))))))..)).))(((.........)))((.((..(.(((.....))))..)).))..)))))))))))).))))))))......))))))))))))))))))).)))))).))))).)))..))).)))))))))))))))))))))))))....))))((.(......).))
uniform_038,-716.5999755859375,(((((((........)))......((((((((((((((((((((...............................................((((....))))......(((((((........)))))))(((((((((((((.((((...(((((...)))))...))))....((.(((((..((((((......(((.((((.(((.........))).)))).))).......))))))..))))).)).))))))))))).))...(((((.(((((((.(((((...))))))))))....))))))).....(((.....((((((((((..(((((((((((((.(((((....((.(((..((((((((((.(((..((((((.......((((((.......))))))...(((((((((((((((((((......(((((....)))))))))))))).)))..)))))))((((((((...((((.(((((..............))))).))))...))))))))))))))..))).)))))))))).....))).))))))).)))))))........((((((..((((((((((...((........)).((((((((((((......))))).)))))))((((..(((((((.((((.(.(((.((..((..((..((((((((((..........................((((((((((.((((.......)))).))))))))))(((....)))..))))))))))..))..)).))))).).))).).)))))))...))))..)))))))))).((((((........(((((((.(((.((((((....)))))).....(((((....))).))....))))))))))))))))((((((.(((((...)))))...)))))).))).)))))))))..))))))))))..)))((((.(((((((((((((((..((((((((((....(((((.(((....))))))))....(((((.((((((..(((.(((((.......)))))..))).((((((((....(((.(.(((((.(((...(((((((((((((((((....)))).))..)))))))))))))))))))).)))..))))).))).((((((((((.((.......))))))))))))..((.((((((.....)))))).)))))))).)))))...))))))....((((....))))((((.(((((((...(((...(((...((((((...)))))).))).)))....)))))))(((((((........((((((((.((((.(.((((......))).....((((((..((....((((((......)))))).........(((.(....).)))))..)))))).(((...............)))....((((....)))).((((..((.......))..))))...((((((...))))))).).)))).))))))))..((((((((((((((((((................))))).((.((((((((((....((((((.........)))))).))).)))))))))..(((((((((((....)))))..)))))).(((((((...(...(((((.(((((((.((..........(((((((((.(((((((....(((.((((((.....((......)).....)))))).)))...(((....)))))))))))))))).)))(((((((....).)))))).)).)))))))..)))))...)...)))))))..(((......)))((.((..(.(((.....))))..)).))......)))))))))))))...))))))).))))....)))).)))).)))))...)))))).)))).........))))))))))))))))))))....))))((.(......).))
uniform_039,-722.5999755859375,(((((((........)))......((((((((((((((((((((...............................................((((....))))(((((((((((((........)))))))...((((((((((.((((...(((((...)))))...))))....((.(((((..((((((......(((.((((.(((.........))).)))).))).......))))))..))))).)).))))))))))((((((.....))))))..))))))...(((...(((((...(((.((....)).)))....)))))...)))...((((((.....(((((..........)))))..(((((((.(((..((((((.......((((((.......))))))...(((((((((((((((((((......(((((....)))))))))))))).)))..)))))))((((((((...((((.(((((..............))))).))))...))))))))))))))..))).)))))))((((((....)))))).(((((.(...(((..((((((.....((((((((((..(((.....((((((((((((((((((......))))).))))))).............)))))).....(((.(......).)))(((((((((((.................(((..((((((((((.((((.......)))).)))))))))))))((((((((...))).))))).))))))))))).((((.(((......))).)))))))))))))))))....((((....))))......)).))))..))).).)))))((((((.((((((.........))))))))).)))))))))..(((((((((((((((.((.....((...((...((.((((..(.((....(((((((.((....((....((((((((((((((....(((.((((.((((((((..((((.((.(((((((.(((((....)))).).))))((((...((((((((((((((((.(((((.(((((.((((((((((..((((((((.((((((....(((....(((((((...((((((((.((((.((.......)).))).).)))))))).)))))))....)))....))))))((((((((.(((((((.((((......((((((........))))))(((......))).)))).))))....(((.(((((...........)))))..)))..))))))))))))))))))).................)))))).............(((.((......)).)))....(((((........))))))))).))))).)))))..)))))).))))))((((((....)))))).)))).....)))).))).)).)))).....)))))))).)))).))).......((((....))))(((((.((((((((((((((.((((((.....((((...((((................))))))))))))))((((..(((......(((..((((((((.......)).))))))..))))))..))))..(((((((((((((((((...)))).))))))))))))).(((.((((((.((((((((...))))))))....((((........((((....(((..(((((.......)))))..)))..))))..))))((((((.....(((((((....)))))))....)))))).....)))))).)))...(((.........)))....)))..))))))))))))))))...))))))))))))))...))...))))))))))))..)))).)).))...))....)).))))))))))..))))).))))))))))))))))))))....))))((.(......).))
uniform_040,-711.0,(((((((........)))......((((((((((((((((((((...............................................((((....)))).....((((..((((((((((((((((((((((((((((((.((((...(((((...)))))...))))....((.(((((..((((((......(((.((((.(((.........))).)))).))).......))))))..))))).)).))))))))))).)))..(((((.(((((((.(((((...))))))))))....)))))))((((((((...........(((((((((((((.(((.(((((..........)))))(((((((((.(((..((((((.......((((((.......))))))...(((((((((((((((((((......(((((....)))))))))))))).)))..)))))))((((((((...((((.(((((..............))))).))))...))))))))))))))..))).)))))))))....(((((((((((.(((((((..((((((.((((((((..((.((.(((...((((...((((((((((((((((((......))))).))))))).............))))))((((((((.(......).))).)))))......((((((((........(((..((((((((((.((((.......)))).))))))))))(((((.(.(((((((((...)))))....((((((((.....(((.((((......)))).)))........))))))))((((.(((.(((((((.((((..(((((((.....)))))))))))))))).)).)))..))))..)))).).))))))))........))))))))...(((((..(((.(((...))).)))))))))))).))).))..))..)))))))).)))))).((((....)))))))))))))).))))).)))(((((..(((..((.(((((....)))....)).))..))).))))).....)))..))))))).))))))(((((((((...))).))))))))))))))(.((((.((((....)))).)))).))))))))))).((((((...))))))......((((((((((.((..(((........)))..)).))))))))))((((..........))))..(((..(((.(((((((.(((((((..((((........)))).((((........)))).......)))))))(((((.....((((((.......((((.(........).)))))))))).....((((((..((((((((((((...))))))..)))))).))))))((((.(((((((((((......(((.....((((....).)))....))).(((((((((....((.(((.........))).)).((((((.(((((.(((((((.(((.(((((((((...))))))....))).))).)))).........((((......))))........(((((...)))))..((.((....(((((.(((...((((((((((((((....(((.((.......)).)))........)).))))))))))))...))))).))))).)).....(((((.............)))))))).))))))))))).(((((.((.((((..((((((((((((((.(((((.....((((....))))..))))).).))))))))............((((.........))))..))))).)))))))))))...))))))..)))))))))))))))))).)))))))))))))))..)))....))))))))))((.((((....)))).))..))))))))))))))))))))....))))((.(......).))
uniform_041,-737.7999877929688,(((((((........)))......((((((((((((((((((((...............................................((((....))))..(((((((((((........))))))((((((((((((((.((((...(((((...)))))...))))....((.(((((..((((((......(((.((((.(((.........))).)))).))).......))))))..))))).)).))))))))))).))).....(((((((...........(((((((((((...(((.((....)).)))....)))).....)))..)))).......(((((..........)))))..(((((((.(((..((((((.......((((((.......))))))...(((((((((((((((((((......(((((....)))))))))))))).)))..)))))))((((((((...((((.(((((..............))))).))))...))))))))))))))..))).)))))))((((((....))))))))))))))))))..(((((((((((((((((((((.(((((....((.(((((.(((((.(.((((((((((((((.((((((..((((((((.((....((((((((((..(((......))))))).)))))).....)).))))))))..)))))).)))))((((.((((((((((((..((.(..((((.((.....(((...)))..)).))))..).))...)))))))))))))))).(((....))).)).))))))).)..)))(((..(((((((....).)))))))))..)).))))).))..)))))))))))..))).)..))))..))))))).((((((.((((((((.((..(((.....)))..((((((..((.(((...(((((((((.....(((..(((((.(((.(((((((((.....))))))...((((((((..((((((((.((((((((...(((((.((.....((((..((((((((((...(((((..((((((((((((((((((((.......(((((.((((((((..(((((.((((((((((((((.(((((((((((..(((......))).))))))))))).)))..))))))....(((((....)))))..))))).)))))..............))))))))....))))).(((((..((...))..)))))....))))..))))).))))....((((........)))))))))))(((((.....)))))....)))))..))))))))))..)))))).))))).....(((((((((((((((((((((((.((((((((....((((.((((.(...).))))))))............(((.............)))))))))))))))...)))))).)))))))((((((...((((((..((....(((((..(((((((...........(((((..((((((((....)))....)))))..)))))))))))))))))...))..))))))...)))))).......)))))).(((((.(((((.....))))).)))))..(.((((((.....)))))).)((((((((((.(((.(((.(((((((((((((((.....((((((.........))))))....)))))))))))).)))..))).)....(((((.(((.....))).))))).((((.((((.((....)))))).))))......)).))))))))))))))))))....)))))))).)))))))).........((((...)))).)))))).))))).))).)))))))))..)))))..)))))))).))))))))...)))))).))))))))))))))))))))....))))((.(......).))
uniform_042,-720.2999877929688,(((((((........)))......((((((((((((((((((((...............................................((((....))))......(((((((........)))))))(((((((((((((.((((...(((((...)))))...))))....((.(((((..((((((......(((.((((.(((.........))).)))).))).......))))))..))))).)).))))))))))).))...(((((.(((((((.(((((...))))))))))....)))))))..(((((....((((....((((((((((((.((((((.(((((....((.(((..((((((((((.(((..((((((.......((((((.......))))))...(((((((((((((((((((......(((((....)))))))))))))).)))..)))))))((((((((...((((.(((((..............))))).))))...))))))))))))))..))).)))))))))).....))).))))))).))))))))).........((((((((((((((((((((....((((...((((((((((((......))))).))))))).((((((((.((....((((((((((..(((......))))))).)))))).....)).))))))))......((((((((((.((((.......)))).))))))))))(((....)))..(((((...)))))...))))))))).)))))))...........((.(.((((.(((((.(.(((((.((((...((.((.(((.(......)))).)).)).....)))).))))).)))))).))))).))))))).)))....(((((((..(((((((((.(((((((((((.....)))..))))))...))..))))))))).((((.(((.(((((...)))))(((....))).))))))))))))))))))))))))))).(.(((..((((((.....(((((((((.........))))))))).))))))))).).)))))....(((((.(((...((((..((((((((((((.(((((((((.((....((...(((.((..((((.(((.((...(((((((...((((((((....((((((........))))))....))))))))......(((((((((..(((((.((((((((((((..((((..(((.(((.(((..((((((...))))))..))))))))).))))((((.((((((.............)))))).....((((((....((((......))))....((...(((((...))))).))....))))))))))((((((((((((.(((.(((((....((((((.......(((....))).......))))))...)))))))).).))).......)))).)))).))))))((((.((((.(((((((((((((.((....((((...........))))...((.(((((.......))))).)).)).)))))....((((((.......))).)))((((((...)))))).))))))))..))))))))....))))))...))))).)))))))))........((((((((..((.((.((((.......(((((((...)))))))((((((.(((((((............))))))).......))))))...((((((((.(((.((((...........)))))))................((((......))))....)))))))))))).))...))..).)))))))))))))).))))).))))..))))).))))))))))))).))))))).)))))))))..))).)))))))))))))))))))))))))....))))((.(......).))
uniform_043,-722.0999755859375,(((((((........)))......((((((((((((((((((((...............................................((((....))))......(((((((........))))))).((((..(((((((((((...(((((...)))))...)))).((.((((((((((((.((((((((.(((.((((.(((.........))).)))).)))...........(((((((((((((((.....))))))))............)))))))..(((((((((((((...(((.((....)).)))....)))))..........(((((..((((....(((..(((((((((((((((((((.(((..((((((.......((((((.......))))))...(((((((((((((((((((......(((((....)))))))))))))).)))..)))))))((((((((...((((.(((((..............))))).))))...))))))))))))))..))).))))))))).......(((.(((((...(((((((((((....(..((((((..(((((....((((...((((((((((((((((((......))))).))))))).............))))))((((((((.(......).))).)))))((((((.((((((.........(((..((((((((((.((((.......)))).))))))))))))).(((((((.((((((((((......))).))))))).)).)))))............(((((.((((.((((((((.(((.(((((.(((((((.((((((.....(((((.(.(((...(((((.((((((((.((((..((((.....((((((((..((((((.((((((....))))....)).)))))))))))))).......((.(.(((....))).).))..))))..)))).)))))))).)))))...))).).)))))...(((((((..(((((...(((((((((((((((((((.(((((......)))))...))))).))))))).....)))))))...)))))..))))))))))).)).))))))).).)))).))))))).)))).)))))))))((((((((.......(((((((...(((((....)))))(((.....))))))))))))))))))......))))))))))))..((((......))))...............(((.((......)).)))...((((...((..(((((((........))))))).)).)))))))).)))))..))).)))..).....))))).))))))....)))))))))))))))))).))).....)))).)))))..)))))))).................)))))...)))...)))))))))))).)).......(((((........))))).......)))))))...))))..((((((((.(.....((((((((...((((....))))....))))))))(((((((..((((..((.(((((.((.....((((((.....((((....))))..))))))..)).))))).))...)))))))))))(((..((((.(((((...((((((((..((.......))..)))))))).))))).))))..)))...((((.(((((((((..........((((.(((...((.((((((.....)))))).)))))..))))...(((((((((.((............((((............))))..((..(.(((.....))))..)).....((((...)))))).)))))))))..))).)))))).))))....).))))))))((.((((....)))).))..))))))))))))))))))))....))))((.(......).))
uniform_044,-707.0999755859375,(((((((........)))......((((((((((((((((((((...............................................((((....))))......(((((((........)))))))..((((((((((((((((...(((((...)))))...)))).((.(((((((((((((.....((((((((((((((..((.((((((((..(((((((.((.....(((((((...(((((((((.....))))))))).........(((((.(((((...))))))))))...((((.(.(((((((......((((....((..((((((((((((((.(((((....((.(((..((((((((((.(((..((((((.......((((((.......))))))...(((((((((((((((((((......(((((....)))))))))))))).)))..)))))))((((((((...((((.(((((..............))))).))))...))))))))))))))..))).)))))))))).....))).))))))).))))))..(((((((((((((.(.....).))))...((((((((((((((((((((((((......))))).))))))).((((((((.((....((((((((((..(((......))))))).)))))).....)).))))))))......((((((((((.((((.......)))).))))))))))((((((.((((((.(((.((((((...((((((((.........((((((((((((((((.((.((((..((((....(((....)))))))..)))).)).)))))))))........(((((.(.(((....))).)))))).((((((.(((((.((((((....((((((((.(((((((((((((...)))))))))))....)).)))))))))))))).))))).((((((((..(.(.((((((((((...))))..)))))).).)....))))))))..))))))(((((((((((((.((.......)))))))))..))))))....))))))).(((((((..(((((...))))).)))))))(((((......)))))))))))))..))))))...))))))))).))))))...........))))..))))))))....))))).))))(((((....))))).....)))...)))))))...))))((......))(((((..(.(((((.....((((..(((((...))).)).))))...))))).)..)))))..(((((((....((.....)).)))))))))))))).).)))).........)))))))...)).)))....))))..)))..))))).)))))))))...))))))).(((((((..............)))))))))))))))))))).))...(((((.((((...(((((...)))))...)))).).))))((((((.(((((.......((((.((((...................))))))))((((((.(((((.(((((..((.(((.(.((....)).).)))...))..))))))))))(((((..((((..((.(((((((((((.(((((((((((((((((........(((((.....((((((.........)))))).......)))))))))))))))))))).))...))))..))))))))).))))..)))))..))))))..........(((...(.(((((((((......((((((..(((.......((..(((((.((....)).))))).)))))..))))))......)))))))))).)))))))).))))))....)))))))).......)))).((((....)))).....))))))))))))))))))))....))))((.(......).))
uniform_045,-710.5999755859375,(((((((........)))......((((((((((((((((((((......................................(((((((..((((....))))......(((((((........)))))))((((...))))...((((...(((((...)))))...))))....((((((((((((((((......(((.((((.(((.........))).)))).))).......)))).((((((((((((((.....))))))))............))))))((((((((.((((......((((((((((((((((((.........(((((((((((((.(((.(((((..........)))))..(((((((.(((..((((((.......((((((.......))))))...(((((((((((((((((((......(((((....)))))))))))))).)))..)))))))((((((((...((((.(((((..............))))).))))...))))))))))))))..))).)))))))((((((....))))))..((((((..(((((((((((((((.((((((..(((..(((...((.(((((((((((((((((......))))).((((((..((((((((.((....((((((((((..(((......))))))).)))))).....)).))))))))..))))))((((((((.((((.......)))).)))))))).((((....)))).(((((...)))))...((.((.((((((.(((..(((((.(((.((((.((.......)).)))).)))..)))))...))))))))).)))))))))))))))).)).....)))..))).))))))..))))...))))))....))))).))..)))))))...)).)))))))))))(((.....)))....(((((.(((((((((((.((((((.(((((.((((.......))))))).((((.....(((((((((((...((((((((((........)))(((((.(((((((((((((...........((((..((((....(((((((((..(((((..(((((((((((((.(...).))))))))))..)))..)).)))....))).)))))).)))).))))...(((((.(((......))))))))))))))....((((((...)))))).....(((......))).....((((......))))))))))).))))).....)))))))..)))))....((((((........))))))((((.((........))))))...........((....))..)))))))))).)).))).......))).))))..)))).))).))))).)))))))))))((((((.....))))))...))))))).....))))..)))..)))))((..((.(((....(((((((.....((((((..(((....(((((..........)))))..)))..))))))..)))))))....))).))..))))))))))))))........))))))).......((((((.(((..(((((.(.(((..((.((.((((((...((((((((.((((....))))))))))))..((((....)))).....(((((....((((..((......))..))))(((...((((.((((((((((((.((((((......(((((.((((((((((((((.(....(((..(((....)))..).))...).)))))))))............((((.........))))..))))))))))..))))))..)))).)))))))).)))).))).....))))).)))))))).)).))).))))))...))).)))))).............))))))))))))))))))))....))))((.(......).))
uniform_046,-724.2000122070312,(((((((........)))......((((((((((((((((((((...............................................((((....))))......(((((((........)))))))((((...))))...((((...(((((...)))))...))))....(((((((((((((......((((..((((((..(((((((..((((.((((...........((((......(((((((((.....))))))))).)))).((((((((.(((((...))))))))))....)))((((((((((((............(((((.(((.((.(((.(((((..........)))))...((((((......)))))).((((((((((((.(((.(((((((((.((((((((((((((((((((......(((((....)))))))))))))).)))..)))))))((((((((...((((.(((((..............))))).))))...))))))))(((((.............)))))..(((((.((((((.(((....((..(((((((((.((((((((((((((..((((((((((...((((((((((((......))))).)))))))((.((((((((.(((((.(((((..((((.....))))(((((((((..........................((((((((((.((((.......)))).))))))))))(((....)))..)))))))))..(((.(((.((.(((((((((((((....).)))))))))))).)).))).)))))))).).)))).....))))))))..))..))))))(((.((.(((((........))))))))))......)))).))))))..))))))))..((((....))))....)))))))))....)).....))).))))))..))))).).)))))))))....((.(((...(((((((.......(((.(.(((((((((.((((....)))).((((((((((...)))))))))))))))....)))).).))))))))))...)))..))))).)))))))))))))))..)).))))))))((((((((((...........))).)))))))..))))))))).)))......)))).)))))))))))....)))))).(((((.(((....)))))....)))..)))).......))))))))))))).....(((((((..(((((.(((.......))).))))).)))))))(.(((((((((((......(((.(((((((((.....((((....))))(((.....)))........)))))))..)).))))))))))))..)).).......(((((..(((((.((((...(.((((((.......)))))).)......(((.((......)).)))....((((.(((..((((((.(.((((.(((...((((((..(((((((....(((..(((((((..(........)..))))))).....)))....)))))))))))))..))).))))....(((((((((((........)))))))))))).))))))))))))).((((((((((((.(((.......)))))).)))))))))(((((((((((((....))))).))))).)))........((((((((..(((((.............((((..((....))..))))....((((.((..(((.....)))...(((((((((((....(((..........(((......)))((.((..(.(((.....))))..)).)))))....))))))))))))).))))))))))))))))))))).))))).)))))..((.((((....)))).))..))))))))))))))))))))....))))((.(......).))
uniform_047,-713.2999877929688,(((((((........)))......((((((((((((((((((((...............................................((((....))))......(((((((........)))))))((((...))))...((((...(((((...)))))...))))(((((((((((((((((((((((((((((...((((((((.......((((..(((((..................(((((((((.....))))))))).(((((.(((((((.(((((...))))))))))....)))))))(((((.((.((....((((((((((.(((..((((((((((.(((...((.(((..((((((((((.(((..((((((.......((((((.......))))))...(((((((((((((((((((......(((((....)))))))))))))).)))..)))))))((((((((...((((.(((((..............))))).))))...))))))))))))))..))).)))))))))).....))).))...))).)))))((((..(((((((((.(.....).))))..((........)).((((((((((((......))))).))))))).((((((((.((....((((((((((..(((......))))))).)))))).....)).))))))))......((((((((((.((((.......)))).))))))))))(((..(((((((((.(((((((((...((((...)))))))))))))......)).))))))).))).......(((((((((((......).)))........)))))))..(((((.(((((((.........))))))).)))))))))).)))))))))....))))))))).)))))).)).))))))))))..)))).......))).....))))))))))))).)))).((((.(((.(((....)))))).)))).((((((((..((((((.(((((((...(((((((.......(((((((..(((((((((((...)))))))((((((...((((....))))(((((...((((.....((.(((.......))).)).....))))...)))))...))))))..((((((...........)))))).)))))))))))...))))))))))))))..))))))....)))))...)))......)))))))))))))((((((((((((.........((((..(((.((((((........)))))).)))....))))...........))))))...))))))...))))(((.....)))..((((((.........)))))).(((((...(((((.((....((((((((((((((..(((...((((((......((((..........))))))))))...)))((((..((((.((....(((((((....))..))))).)).)))).)))).((((((....((((((...((((((((...(((((((((.(((((((.(....((.((..((.(........)))..)))).).))))).)))))))...))))....))))))))....))))))...((((((((((..((((((((((((((((((((.((.(((((.((((((((((...(((....)))......))))))))))...(((((......)))))..))))).))..)))))....(((((.((((........))))..))).))((.((((.........)))).)))))))))...........))))))))..))).))))).)).....((((...)))).))))))..))))))))))))))....))...)))))....)))))((((....)))).....))))))))))))))))))))....))))((.(......).))
uniform_048,-717.7999877929688,(((((((........)))......((((((((((((((((((((...............................................((((....))))......(((((((........)))))))..((((((((((((((((...(((((...)))))...)))).((.((((((((((((((.((..((((...........((.(((((((((((..(((........)))..(((((((((((((((.....))))))))............))))))).....(((((..(((.((((((.(.(((((((.......(((((..((((...(((((.(((.............((((((((..(((((((.(((..((((((.......((((((.......))))))...(((((((((((((((((((......(((((....)))))))))))))).)))..)))))))((((((((...((((.(((((..............))))).))))...))))))))))))))..))).)))))))((((((....)))))).((((.((((.((.(((((((.((((((((((.(((((((((.....((((((((((((((((((......))))).))))))).............)))))).(((((((.....((((.((((((((((..........................((((((((((.((((.......)))).))))))))))(((....)))..))))))))))..)))).((((((...((.....)).))))))..(((((((((....)).))).)))).......(((((((...((((.((((((.((....))))))))..))))((.(((((((((((((((((((((((((...((.((((((((((.((...((....))....)).))))))))....)).))...))))))..))))))))))).......)))))))).))((((((............)))))))))))))(((((((.((......)).))))))).(((((..(((.....)))..))))))))))))...(((((.((((((((((.(((..(((((((...))))))))))))).))).)))))))))..))))))).)).))...)))))...........(((((((.....)))))))(((((....)))))....(((((((..(........)..))))))).))).))))))).))))))))))..........(((..(((.....))).))))))))))))))..)))))................)))).)))))........))))))).).)))))))))....)))))...((((((...)))))).))).)))))))).)).(((((..(.(((((......))))).).))))).))))..)).))).))))))))))).))..........(((((((((.......))))..)))))..(((((((..(((..((.........))....)))..)))))))..((((.....((((((((.......(((((..(((((((.(((......)))))))))).))))).((((.(((((((((.(.((.(((((....(((.((((((((((...))))))..(((((....(((((....((.((((((.((.(((((.....((.((((((((((.(((.(........)))).))))))..)).)).)).....))))))).)))))).))....))))))))))..(.((((((.......((.(((((............))).)).)))))))).)...))))..)))...)))))))).))..))))))).)))))))))))).)))))))))))).......)))).((((....)))).....))))))))))))))))))))....))))((.(......).))
uniform_049,-722.5,(((((((........)))......((((((((((((((((((((...............................................((((....))))......(((((((........)))))))((((...))))...((((...(((((...)))))...))))....((((((((((((((.((..((.(((.((((.(((.........))).)))).))).......((((......(((((((((.....))))))))).))))..(((...((((((((((((...(((((...(((.((....)).)))....)))))...)).....(((((((((((((((..........)))))..(((((((.(((..((((((.......((((((.......))))))...(((((((((((((((((((......(((((....)))))))))))))).)))..)))))))((((((((...((((.(((((..............))))).))))...))))))))))))))..))).)))))))((((((....))))))..(((.(((((((((((((..(.(((((((..((((((((((((.....((.(((((((((((((......)))))(((...)))(.(((((.(....(((((((.(((((.((((((((.((.((((..(((((((.((((((.............((((((((((.((((.......)))).))))))))))(((....)))(((((.((((((.((((..((.((..(((((((..(((.(......).))))))))))..)).))(((......)))......(((((..........))))).)))).)))))).))).))...((((.((.....)).))))(((((((((((((.(((((.(........).)))))))).))))))))))))))))))))).))..)))))).)))))))).)))))((((((.((........)).))))))..)))))))..).))))).)..)))))))).)).....))).)))).((((((((........))))))))..))))).((((..(((......)))..))))))))))).)..)))))))))))))..))).....))))))))..))))))))))))..)))..((((((((.((((((((.(....)..))).))))).))))))))................))..)).))).)))))))))))(((((.(((...(((((.((((((...)))))).))))).))))))))(((((....)))))..(((....))).....((((((((((.....((((((((((((((((......(((((((((((((...))))))..(((.((..(((.(((((((((((((.((..................))....(((......))).((((((((.(((...((..(((((...)))))..))....)))...))))))))..((((...(((((((......((((...(((........)))..)))).....)))))))))))((.(((((((......))))))).)))))))).))))))).))).)).)))((((.(((((.((((((((..........)))))))).))))).((((((((((......)))))))))))))).))))))).........))))))((((.(((((((((.....)))))...((((((..(((((((((.((...)).)))).))).))..)).))))(((((.((.(.((.(((((..(((.((.....))..)))((.((..(.(((.....))))..)).)).....)))))))))).)))))...))))..)))).)))))...)))))......))))))))))............))))))))))))))))))))....))))((.(......).))
uniform_050,-733.7000122070312,(((((((........)))......((((((((((((((((((((...............................................((((....))))......(((((((........)))))))((((...))))((.((((((((((.((((.(((((..((...((((((.(((((.((((((......(((.((((.(((.........))).)))).))).......))))))..))(((((((((.....))))))))).....(((((....)))))(((((((((.((((...((((...(((((((((.........(((((..((((.((..((..(((((..........))))).((((((..(((((.((((((((((((.((((((.......))))))...(((((((((((((((((((......(((((....)))))))))))))).)))..)))))))((((((((...((((.(((((..............))))).))))...))))))))...((((((((.((((((((((.(((((.((((((......(((((.((....))))))).....))))))...........((((((((((((((((((......))))).))))))).............))))))((((((((.(......).))).))))).........))))).))))).)))))(((((((((((.((((.......)))).)))))))))))....(((((..((((...(((.(((((((((((....))))))))))).))))))).)))))((....(((.((((((....)))))).)))....))...))))))))))))))))))))))))).)))))).........((((((((((...))))).)))))))..))))))..))))))))))))))...))))........(((((((.....(((((((.......)))))))..))))))).(((.(((((..(((((.(((...(((.((.(((.((((((((((........))))))....(.(((((((((....))))))))).)..(((......)))(((((((((((((.((((((...))))))(((((....))))).)).)))))))..)))))))).))).)).)))))))))))..).))))))))))).)))))))))((.((.((((........)))).)).))))).)))))).))))))).)))).)))))).........)))).)).((((((((((((((.....))))...(((.(((((((((.....)))))........((((.(((....))).)))).((((((.((...........((..((((((...))))))..)))).))))))(((((((((((((..(((...(((((((....(......)..))))))).((((((.(((............(((((((((((((((((((((((.....((((....))))..))))))))....(((((...((.((.....)))).)))))....(((.....)))..))))).))))))))))..(((((((.(((((...(((((....))).))(((..((((((((.....(((((((((((((.((((.(..(((((.....)))))..).))))))).))))))))))....(((((((((....(((((..........(((((............)))))...(((((((.((((........(((.((((.....)))).))))))))))))))....))))).))))))))).......))))))))..))).)))))....))))))).((((...)))).))).))))))))))))))))))))))...)))).)))...)))).))))))...........))))))))))))))))))))....))))((.(......).))
uniform_051,-728.7999877929688,(((((((........)))......((((((((((((((((((((...............................................((((....))))......(((((((........))))))).(((((((((((((.......(((((...)))))....)))))).((((((((((((((((((...((((.((((((..((((.(((.((..((((((((((...............(((((((((.....))))))))).(((((.(((((((.(((((...))))))))))....)))))))((((((((.....((((((((((..(((((((((((((.(((((....((.(((..((((((((((.(((..((((((.......((((((.......))))))...(((((((((((((((((((......(((((....)))))))))))))).)))..)))))))((((((((...((((.(((((..............))))).))))...))))))))))))))..))).)))))))))).....))).))))))).)))))).(((..(((((((((((((((......(((((...((((....((((((((((((......))))).))))))).((((((((.((....((((((((((..(((......))))))).)))))).....)).))))))))......((((((((((.((((.......)))).))))))))))((((.(((((..(((((....(((((((((.(((....))).))))))).))))))).)))))))))..((((((((........))))))))..((((.(((....(((((((...(((((....))))).)))))))....))).))))))))...))))).))))))...)))..)))..))).))))))))))..))))))))))......((((.(((((.(((((.....)))))((.......))))))).))))......)))))))).((((((....))))))(((((((.(((((((....)))..(((((((....))))))))))))))))))..)).))))))))))))).))))...)))))).)))))))))(((((((..((.((.....)).))..))))))).(((((((((((.......)))).)))))))(((((((((.(((......))).))))))))).((....)).........))))))))))))).(((((....((((((((((.(((......))))))))(((((((.......)))))))...............)))))....)))))...))).)))).....((((((..(((....(((.((((((...)))))).))))))...))))))(((((((((..((((((((..........((....))...((....))..((((((((..((..(((((.(((((((((((...((((.........((((....))))..(((((((.....)))))))....(((((.............)))))....))))......)).))))))))))))))(((...(((...))).)))(((.(((...(((((..(((..(((((((.((((((((.(..((((.((((((((((.((((((....(((..((((...(((((.((((.(((.(((......)))...))))))).)))))...)))).)))...(((.((((((((.((((...(((.(...........).))))))).)))))))))))...........)))))).))...))...))).)).).))))..).)))))))).)))))))...)))..))))).))))))))))))))))))))))))..)))..)))))).((.((((....)))).))..))))))))))))))))))))....))))((.(......).))
uniform_052,-707.2999877929688,(((((((........)))......((((((((((((((((((((...............................................((((....)))).......((((((........))))))((((((((.(((.(.((((...(((((...)))))...))))((((((((((((..((((((......(((.((((.(((.........))).)))).))).......))))))..))))(((((((.....))))))).........(((...(((((.((((.(((((((((...(((.((....)).)))....)))))...(((((((((((((((..(((((..........)))))..(((((((.(((..((((((.......((((((.......))))))...(((((((((((((((((((......(((((....)))))))))))))).)))..)))))))((((((((...((((.(((((..............))))).))))...))))))))))))))..))).)))))))((((((....)))))).......((((((((.(((..(((((((...((.(((((((((((((((....((((((((((((......))))).)))))))....(((((((.(((((...)))))((((.....))))..((((.((((((.................(((..((((((((((.((((.......)))).)))))))))))))((((((((...))).))))).)))))).)))).......((((((.(......).)))))).)))))))(((((((((......(((((.((((.......)))).))))).(((((.((((.(.((((.....))))).)).)).)))))......((((.((((((((....((((......))))...))))))))..))))))))))).))..))))))))....((((..(..(((.(((((.((((((.((((((((((......))).)))))))((.((((.......))))..))....((((...))))...)).)))).))))).)))..)..))))((....)).....))))))))).)))))))))).))))))))))))))..))))))))))))).)).)).)))))..)))..........))))))))..).))).)))))))).............(((....))).((((((((((....((.(((....((((((((((((((.((...((((((.(....).)))))))))))))).)).))))))(((((((((((((((..(........)..)))))))..)))).....((((((((...((((((((.((((((...(.((...((((..(((((((....)))))))..))))((((((......((.(((.....(((......))).......)))))......)))))).....)).)...)))))).))))).))).....))))))))..((((...............))))......(((..(((.((((((((...............((((((((.......(((((((..((((....))))..))))))).))))))))(.((((..(((((((.(((((((((..(((((.((((((((..........)))))))).......((((((((.........)))))))).((.((.......)).))..)))))))))))))))))))))...)))).)...(((.....)))(((.((.(((((.............(((.((.....))..)))((.((..(.(((.....))))..)).))..((((...))))))))).)).))).)))))))))))..)))))))...)))))))))))))))............))))))))))))))))))))....))))((.(......).))
uniform_053,-726.4000244140625,(((((((........)))......((((((((((((((((((((...............................................((((....))))......(((((((........)))))))..((((((((((((((((...(((((...)))))...))))....((((((((((((((((.(((.(((((((((((((((..((..(.((((((((..........((((((....(((((((((.....))))))))).(((((.(((((((.(((((...))))))))))....)))))))...(((((((.....((((((((..(((((((.(((.(((((..........)))))..(((((((.(((..((((((.......((((((.......))))))...(((((((((((((((((((......(((((....)))))))))))))).)))..)))))))((((((((...((((.(((((..............))))).))))...))))))))))))))..))).)))))))((((((....))))))(((((((((((((((.(((((((((.(.....).))))..((........)).((((((((((((......))))).)))))))................(((((((..((((.....))))(((((((((..........................((((((((((.((((.......)))).))))))))))(((....)))..)))))))))...(((((((((.....((((((.((...........))))))))))))))))).)))))))....((((((.((((.(((..((((((.((((.......)))).))))))))).)))))))))).))))))))))))).......)))))))..........)))..)))))))..)))))))).(((.(((((....)))))..))).((((((.((((((((((.(((.....))).((((((((((((((((.....))))(((.(((((((.(((.(((.((.(((.(((((((....)))...)))).))).)))))...))).))))))).)))....))))))))))))...(((.(((((.((((((.((((...((((....(((((((..((((((.(((...((((((.....)))))).....))))))))).((((....))))....)))))))....))))..)))))))))).))))).)))....(((((........))))))))))))))).))))))))))))).((((((.((..........))))))))...(((....)))(((((..((...))..)))))..))))))..(((.(((((...)))))))).)))))))).).))...)))).))).)))))........)))...)))...)))..)))))))))))))...........((((...(((((((...(((((((((.((..(.((((((.(((((((((...))))))).....)))))))).)..))....(((((.((.((((((((.........(((((((.((..((((((((.((((.(((((((........)))))))..)))).)))..)))))(((((.....)))))...)).)))))))))))).))).)).)))))..)))))))))))))))).))))....((((((..(((((((((((..((((....))))))))....((((....(((((.(......))))))....))))((((((((........((.((.((((.........)))).))))))))))))((.(((...))).)).((((...)))).)))))))...)))))).........)))))))).......)))).((((....)))).....))))))))))))))))))))....))))((.(......).))
uniform_054,-732.5,(((((((........)))......((((((((((((((((((((...............................................((((....))))......(((((((........)))))))(((((((((((((.((((...(((((...)))))...))))....((.(((((..((((((......(((.((((.(((.........))).)))).))).......))))))..))))).)).))))))))))).))...(((((.(((((((.(((((...))))))))))....)))))))(((((.(((....(((...((((((....(((((((.(((((..........)))))..(((((((.(((..((((((.......((((((.......))))))...(((((((((((((((((((......(((((....)))))))))))))).)))..)))))))((((((((...((((.(((((..............))))).))))...))))))))))))))..))).)))))))((((((....))))))....(((((((((((((.(((((((((.....(((((((.(((((((((.(((((((((((((((......))))).))))))).((((((((.((....((((((((((..(((......))))))).)))))).....)).)))))))).....(((((((((((.((((.......)))).)))))))))))(((((((..(((..((((((((((...(((((((.((((.(((.......((((((.((((.(((........))))))).).)))))..)))))))))))))).)))))).))))))).)))))))........)))...)))).))))).)))))))(((....)))((((....)).))))))))))).))))))))))))).(((((((((((..(.(((((((.((.((....(((((((.(((((...(((.(....).)))...))))).)))........))))..)).))))))))).)...)).)))))))))...(((((((((((((......)))))....))))))))))))))).(..(((((((((....))))))...)))..))))))))))......))).))))).............((((((((((((((((((....)))))).....)))))).......((((....).)))((((.(((((..((..(((..(((((.....((((((.(((......)))))))))(((....)))((((.(.(((..(((....)))...))).)...)))).......))))).)))..))...))))).)))).......((((((((((.........(((....)))(((((((((.(((((((.............(((..((...((..((((.(((((((((.((.((((.((((........((((.((.((.((.((........)).)).)).))...)))))))).)))).((((((..((((((((((((...((......))...((((((((((((..((((.(...).))))..)))).))))))))...(((((((.(((......))).))))))).)))))..))))))).))))))...(((((((((((..(((((.(((...((((.(((((((((..(((((((.((((.....(((.......))).....)))).)).(((((.(((.....))).)))))((((.(((((.......)))))))))......))))).))))))))).)))).))).)))))..))))))))))))).)).)))).)))))))..))...))..)))...........))))))))))...))))))))))))))))......))))))))))))))))))))))))))....))))((.(......).))
uniform_055,-693.5,(((((((........)))......((((((((((((((((((((...........))).................................((((....))))......(((((((........)))))))((((...))))...((((...(((((...)))))...)))).((.(((((((((((((.......(((((.((((((.(((.((((.(((.(((((((...(((...(((((((...(((((((((.....)))))))))........((((((((..((.(..(((((((.....(((((.((((...(((...(((((..((((.(....((((((((((.(((((....((.(((..((((((((((.(((..((((((.......((((((.......))))))...(((((((((((((((((((......(((((....)))))))))))))).)))..)))))))((((((((...((((.(((((..............))))).))))...))))))))))))))..))).)))))))))).....))).))))))).))))))..........((..((((((((((((((..((((...((((((((((((((((((......))))).))))))).............)))))).((((((((((.......((((((((((..........................((((((((((.((((.......)))).))))))))))(((....)))..))))))))))..((((((((((....))))))))))(((...((((((((.(((...(((.((((........)))).)))...)))....))))))))....)))((.(((((......))))))))))))))))))))).))))))..))))))))..)).......(((((((((.......))).))))))....))))....).)))))))))..))))))))))))...)))))...))..).))....)))))))).(((((((((((((.........(((.((((.(((((.(..((((((.(((((.((((((((.(((((......)))).))))).)))))))))...))))))..)((((((((((.(((((.(((((((.....))))))).))).))))))..((.((((((((((.(((((((........))))))))).))))))))..)).))))))...))))))))).))))))))))))))))........)))))))...)))..))))...))).)))(((....)))((((....)))).......................(((......)))((......)).(((..((..(((((...)))))..))...)))........))))..))).)))))).)))))................(((......)))...))))))))))))).)).(((((.(((((......((...((((...(((...((((((((((...(((((...(((((((((........((((....))))......(((......)))(((...............)))))))))...)))..))).)).))))))))))...)))...))))..))))))).)))))(((((((((....)))))..)))).....(((((((((((((..((.((((.(((..........))))))).)).....(((((....)).))).....))))....)))))))))....(((((((((...(((...((.((.((((((.(((......((((.(.((((.........))))..(((((.(....((.((((..((.....))......)))).))).)))))..........).))))....))).)))))))).))...))).....))))))))))))))))))))))))))....))))((.(......).))
uniform_056,-736.2999877929688,(((((((........)))......((((((((((((((((((((...............................................((((....))))......(((((((........)))))))(((((((((((((.((((...(((((...)))))...))))....((.(((((..((((((......(((.((((.(((.........))).)))).))).......))))))..))))).)).))))))))))).))...(((((.(((((((.(((((...))))))))))....)))))))((((((((((..((((............(((.((((((.(((((....((.(((..((((((((((.(((..((((((.......((((((.......))))))...(((((((((((((((((((......(((((....)))))))))))))).)))..)))))))((((((((...((((.(((((..............))))).))))...))))))))))))))..))).)))))))))).....))).))))))).)))))))))..((((((((.((((((..((((...(((((...((((((((((((((((((......))))).))))))).((((((((.((....((((((((((..(((......))))))).)))))).....)).))))))))......((((((((((.((((.......)))).))))))))))(((((.((((((((((((......(((.(((((((......).)))))).)))))))))))((((...((((((......(((.((.....(((((..(((((......)))))..)))))..)).)))...))))))...))))...)))).)))))......)))))).))))).)))))))))).))))))))((((......)))).((((....(((...(((((((...))))))))))....))))....)))).....)))))))))).(((....)))((((..((((((((((((..(..(((((((((((((((.......)))))...)))).))))))..........)..))))(((((((((((.(((((...))))).)))))))))))(((((((.((((((((((((((((.......((((((..(((((..((.((.(((((..((((((((....)))))))).)))))...))))..))))).))))))))))))))))......((((((.(((.(((((..........)))))((((.((((((((..((((...(((((...(........)...))))).)))).......))))))))..))))...))).))))))(.(((.((((...))))...))).)(((((((((((((.............))))))(((((..(((....(((.((......)).)))......(((((...))))).......)))....)))))..(((((.((((((......(((((((..(........)..))))))).(((.((......)).)))..((((........))))...(((((((......)))))))((((((((.((((....(((((((((((..((...(((((((....(((((((.(((((((((.(((((.......((((((.((((.((........))))))))))))......((((((...))))))((((.((((....)).)))))).....(((((..(((.....)))..)))))))))).)))......)))))).)))....)))).....)))))))))..)))).))).))))....)))))))))))).)))))).))))).))))))).)))))).)))).))).))))))))..........))))..))))))))))))))))))))....))))((.(......).))
uniform_057,-714.5,(((((((........)))......((((((((((((((((((((...............................................((((....))))......(((((((........)))))))((((...))))...((((...(((((...)))))...)))).((.((((((((((((....(((((((((.((((.(((.........))).)))).))..................(((((((((.....))))))))).((.((((.((((((((((((..(((((((((....(((.((....)).)))...(((((..((((....(((((((((((.((((((............((((((((((.(((..((((((.......((((((.......))))))...(((((((((((((((((((......(((((....)))))))))))))).)))..)))))))((((((((...((((.(((((..............))))).))))...))))))))))))))..))).)))))))))).(((((((.((((.(((.(((..((((..((..(((((((.......((....)).....((((((((((((((((((......))))).))))))).............))))))((((((((.(......).))).))))).............(((.(((((((.((((((((((((.((((.......)))).))))))))))(((....)))......)).))))))).)))))))))..)..).)..))))..))).)))))))))))))).....(((......))).....((.((((((.((.((((((.(((((((...((((.(((....((((((((.(((((((((((.(((.((((((.(((((.(....((((((((((.((((((.(((..............)))))))))))))))...))))(((.(((((((((.((........)).))))))))).)))..(((((.......)))))).)))))...))))))..))).))))))....))))).))))).)))))).))))..)))))))))))...)).)).)))))).)).((((.....))))....)))))).))))))))...)))))))..))))).(((.......)))..(((((((((.(((((.(((((((((...(((........))).)))))))))......((((........(((.....)))........))))...))))).))))).)))).)))).))))))))))))).)))).)))).)).......)))).)))....)))))))))))).)).(((...((((((.....(((((((.(((..(((((........((((.((((((....(((..((........)).)))....((((....))))(((((((((((((((((((..(((((...((((...))))...)))))...))))))..))))).((((((......(((....)))...))))))......((((((..(((((.((.(((.(((.(((..((((((...))))))..))))))))).)))))))((((((((((.....((((......((((((.((((.((((..((((((((((((((..........)))))))))).)).))..)))))))).))))))(.((((..((((((.((((.......)))).))))))....)))).)...(((((((.(((.((((((....(((..((.(((((.((((.....((....))....)))).))))).))..)))...))))))))))))))))..)))))))))))))))))).)).)))))))))))))).)))))))))...))).)))))))..)))))).)))))))))))))))))))))))....))))((.(......).))
uniform_058,-735.9000244140625,(((((((........)))......((((((((((((((((((((...............................................((((....)))).((((((((((((........))))))((((((((((((((.((((...(((((...)))))...))))....((.(((((..((((((......(((.((((.(((.........))).)))).))).......))))))..))))).)).))))))))))).)))..(((((.(((((((.(((((...))))))))))....)))))))((((((((..............((..((((((((...(((((..........)))))..(((((((.(((..((((((.......((((((.......))))))...(((((((((((((((((((......(((((....)))))))))))))).)))..)))))))((((((((...((((.(((((..............))))).))))...))))))))))))))..))).)))))))((((((....))))))(((((((((((.(.(((((((.((((..(((((((((....((..((((((((((((...(((((......))))).....(.((.....)).)((((((((((((((((((((..........(((((((((((.................(((..((((((((((.((((.......)))).)))))))))))))..((((((...))).)))...)))))))))))...)))).)))))(((((((((....(((((..((.(((((.....(((((.(((((......((((((((((.((.(.((((((.(((((......))))))))))).))))))).)))))).(((((....))))).))))).)))))))))).)).))).))....))))))))).)))))))))))))))))))).))))).)))))))))((((..(((((..((((((((.((((.((..(((...))).))..))))))))))))..)))))..))))....)))).((((.(((((((((((((((((((..((((........)))).)))))))))))).((....))((((((.(((((.....))))).)))))))))))))))))(((((((((((.((((((.(...).))))))..))))))))))).................((((....)))).))))))).)))))))).......(((((.((..((((.(((.(((((((.(((((((((((....)))))...............((((....)))).......((......))...))))))..))))))).)))..)))).)).)))))))))...)))))))).))))))))))................(((((..((((((((.(((((.(.(.((((((((.((((((((((...(((((((((........))))((((.((((((..(((((.(((...((((((.......)))))))))......(((((((((.(((...(((((.........)))))))).).)))))))))))))...)))))).))))..))))).)))))....))))).))))))))).).))))).))))))))..)))))))))))...(((((((.((((((((((.((........(((.(((...((((((((((..((((.(((.(((((....))).)))))..)))).))))(((((.(((...))))))))(((((.......)))))(((.((.....))..)))((.((..(.(((.....))))..)).))..((((...))))..)))))).))))))......)).)))))))..)))...)))))))((((....)))).....))))))))))))))))))))....))))((.(......).))
uniform_059,-731.7999877929688,(((((((........)))......((((((((((((((((((((...............................................((((....))))......(((((((........)))))))....(((((((((.((((...(((((...)))))...))))....((.(((((..((((((......(((.((((.(((.........))).)))).))).......))))))..))))).)).)))))))))(((((((((....(.(((((((.(((((((.(((.((((((((((((.(.(((((((((......((((..(((((....(((((((((((((..........)))))(((((((((.(((..((((((.......((((((.......))))))...(((((((((((((((((((......(((((....)))))))))))))).)))..)))))))((((((((...((((.(((((..............))))).))))...))))))))))))))..))).)))))))))((((((((((((.(.(((((((..........((((((((((((.(((((((((((........)).((((((((((((......))))).)))))))((((.(((((......((((((.(((.(((((((((.((((((((((..........................((((((((((.((((.......)))).))))))))))(((....)))..))))))))))...))).))))))...))).))))))(((((((((...((.(((((.((((((..........)))))).)))))))....))))))))).))))).))))))))).))))...)))).)))..((.((.((.(((((((((.(((....))).)))).)))))..)).)).))....((((((.(((.....))))))))))))))))))))).).))).)))))))))...((((((((..((((.(((((((((......)))...)))))).))))(.(((((((.............))))))).).(.((((((...((((((((........)).).))))))))))).)((((((...)))))).)))))))).)))))))))))))..)))).(((((((..........)))..))))...((((((((.((.(((((....((((((................)))))).(((.((......)).))).((..((((((...))))))))..))))).)).)))))))))))))))))(((.......)))......((((((..........))).)))..).))))..................(((((...)))))...)))))))).))).))))))).))))))).)......)))))))))..((((((((((.....((((......))))........((((((...))))))............((((....))))(((((((((.(((..........))).)))...).)))))......(((.((((((((..((((..((.(((((((((..(.((((((((..........))))))))..)...))))))))).))......))))..))))))..(((((((((.((((....))))))))))..)))(((((....(((((((.....(((...((((((...(((((((......(((..((((((((((((((....))))...))))))(((....))).((.(((((((....((((......((.((.((((.........)))).))))......))))..))).)))))).))))...)))))))))).....))))))))).....)))))))))))))))))))))))))))............))))))))))))))))))))....))))((.(......).))
uniform_060,-720.2000122070312,(((((((........)))......((((((((((((((((((((.............................................(((((((((((((....((((((((((........))))))((((((((((((((.((((...(((((...)))))...))))....((.(((((..((((((......(((.((((.(((.........))).)))).))).......))))))..))))).)).))))))))))).)))........(((....)))(((((((((((.((((.((((((.((((.(((((((...(((((..((((((((.(((((((..(((((..........)))))(((((((((.(((..((((((.......((((((.......))))))...(((((((((((((((((((......(((((....)))))))))))))).)))..)))))))((((((((...((((.(((((..............))))).))))...))))))))))))))..))).)))))))))..((((((((.(.((.(((((((.((((.((((..((((.(.....).))))..(((....((((((((((((((((((......))))).))))))).............))))))..))).((((.....))))(((((((((..........................((((((((((.((((.......)))).))))))))))(((....)))..)))))))))..(((.(((((((((...((((((((....).)))))))...))))))))).)))........)).)).))))))))))).))...).)))))))).....))))))).))))...)))))))))....))))))).))).......).))).)))...)))).))))))).))))....))))....))))))).))))))(((((((((((...((((((((.(((.((((.((...((.((((..(((((((((....(((((((((((....((((((...))))))((..((((((........))))))..)).((.(((..(((((...((((((((((((((((((...(((((((.((((((((......))..)))).)).)))))))..)))))...)).)))))....)))))))))))..))).)).).))))))))))..)))))))))))))))..)).))))))))))).))))...))))......(((((((......))))))).(((((........)))))..((((((((((......)))....))))).))((((((((....((((((....((.(((..................(((((...........((((....))))((((.((((.(.(((..............(((..((((((......)))((((((((.((...(((((((((((......(((((...))))))))).)))))))((((.(.(((((((((............(((((...((((((......(((((.(.(((.(.((((((((((((((((((((......(((...)))(((((((....))))))).))))))))))))).))...))))).).)))).))))))))))).(((((((.(((((..((((((((.((....)))))).))))..))..))).)))))))...((((.......)))))))))((((((.......((((...))))((((.(((.((((......)))))))))))......)))))).((((.........))))....))))))))).).)))).)).))))).))))))..))))))))))).)))).)))))...))).)).)))).))....)))))))).......)))))))))))))))))))))))))))....))))((.(......).))
uniform_061,-726.0999755859375,(((((((........)))......((((((((((((((((((((...............................................((((....))))......(((((((........)))))))((((...))))...((((...(((((...)))))...))))..(((((((((((((((...(((((((...........(((((((((((..(((((((.((.....(((((.....(((((((((.....))))))))).......((((((((....((((((((...(((((((((((((.((((((((...........((((((.(((((((....(((((..........)))))(((((((((.(((..((((((.......((((((.......))))))...(((((((((((((((((((......(((((....)))))))))))))).)))..)))))))((((((((...((((.(((((..............))))).))))...))))))))))))))..))).)))))))))((((.(((((((.((((((.....(((..((((((...........((.((.(((((....((((((((((((((((((......))))).)))))))....((((((..((((((((((...((((.....)))).)))))(((((((((.((((((((...........((((((((((.((((.......)))).))))))))))(.(((..((((((..(((((((((..((......))..)))))))))........(.(((((((((((.(((((((.((.((..(((.(..((((.(((....)))))))..)..))))).)).))))))).))))))))))).)...))))))..))).)....((((((((..((((((.......))))))))))))))....))))))))((((((......))))))..))))))))).....((((((((.........)))))))))))))))))))))))))..))))))).)).(((((((..........)))))))....))))))..)))))).))).))))))))))).))))))).)))))))))))))).((((((((((((((.......)).))))))))))))((((((((((........((((((........))))))..))))))))))............)))))).....(((......)))((......)).....................((((....))))))))))))).))))))...)))))).))....((((...........))))........(((((......))..)))......)))))...)).)))....))))....))))))))))).(((((((.(((.(((....))).)))))))))).)))).)))...)))))))))))).))).....(((((((((....(((((((.(((..(((((((((..(((.(((.....))).)))...((.(((((((((......(((((((.(((((...........))))).)))......(((((.((....)).))))).(((((((((((...((.(((((.......))))).))...)))))))))))))))))))).)))).))..)))))....(((((....)))))((((((((((......((.((((((..(((((((...........((((.((((((((...(((.........(((((.(((..((((....)))).))))))))......)))))))))))........(((((.((....)).))))))))).........((((...)))).))))))).)))))).))...))))))))))..))))...))).))))))).))))))).)).))))))))))))))))))))....))))((.(......).))
uniform_062,-701.0999755859375,(((((((........)))......((((((((((((((((((((...............................................((((....))))......(((((((........)))))))((((...))))...((((...(((((...)))))...))))....(((((((((((((.....((((.(((((((((.((((.((..((((((((((((............(((((((((((((((.....))))))))............)))))))......))))((((((..(((((..(((((((((.....((((.(((((((.((((((.....(((((..........)))))...((((((.(((..((((((.......((((((.......))))))...(((((((((((((((((((......(((((....)))))))))))))).)))..)))))))((((((((...((((.(((((..............))))).))))...))))))))))))))..))).)))))))))).)).)))..(((..(((((((((((((.(((.(((((((((((((..((((......((((((...((((((((((((......))))).))))))).((((((((.((....((((((((((..(((......))))))).)))))).....)).))))))))......((((((((((.((((.......)))).))))))))))((((.(((((((.((((..((((.((.((.((.......)))).))))))..))))))))))))))).(((((.(((((...(((..........((((.......))))....(((((.((((((.........))))))))))))))))))).)))))((.((((((..(((..(((((((......))))))).)))..)))))).))))))))....))))..))))))..))))))).)).).))))).))))))))..))).)))).))))..(((((((..(((...)))))))))).......(((.....)))...)))))))..))..)))))..))))))((...(((((...)))))...))(((((((......)))).)))..((((((((.(((......))).))))))))...........)))))))).))))))...)))))))))...)))).............((((....).)))....)))))))))))))(((((.((.((((((.....(((.(((.....((..(((.(((((((.((.(((.((((........))))..))).))..)))).)))...)))..)).....))))))..))))))))..((((((((.......)))...)))))...((((.(.(((((..((((...(((....)))...(((((((...(((...((((((.(((.......((((((((..........((((...))))...(((((((((.......)))))).)))........((((((((...((((((((((.(.(((..((...))..))).).))))............(((((((((.(((((((((((.....)))))).)))))....)))..)))))))))))).)))))))))))))))).(((...((((((((..(((((.....((((((....))))))..((((((((((((.(((((.(.......(((.(((.....)))..)))).))))).(((((........)))))(((((((...)))))))................((((......)))).))))...))).)))))))))).....))))))))...)))))).))))))...)))...)))))..)).))))..))))).).)))).........))))).))))))))))))))))))))....))))((.(......).))
uniform_063,-728.7000122070312,(((((((........)))......((((((((((((((((((((...............................................((((....)))).....((((..(((((((((((((((((((((...))))...((((...(((((...)))))...))))(((((..((((((.((((((......(((.((((.(((.........))).)))).))).......))))))....(((((((((.....))))))))).(((((.(((((((.(((((...))))))))))....)))))))((((((((....((((...((((..((((..(((((((.(((((....((.(((..((((((((((.(((..((((((.......((((((.......))))))...(((((((((((((((((((......(((((....)))))))))))))).)))..)))))))((((((((...((((.(((((..............))))).))))...))))))))))))))..))).)))))))))).....))).))))))).)))))))....(((((.((((.(.....).))))..((........)).((((((((((((......))))).))))))).....(((((((((((((((((.(((.((((.((((.((((((((((..........................((((((((((.((((.......)))).))))))))))(((....)))..))))))))))..))))...))))...))).))))))..(((((((...))))))).......((((((((..((((.(((.(((((......)).)))))).))))....))))).)))....((((((((.(((((((.(((((((.......))))))).)..)).))))..)))))))))))))).)))))..)))))((((....)))).)))).)))).(((((((.......))))))))))).......))))))))))))))....)))))..((..(((((.(((((..((((..((((((....(((((((.((((..(((..........)))....)))).)))))))))))))..))))))))).)))))..)).)))))))))))....((..((((((((...........))))))...(((((((((......)))))))))...((((((......(((........(((((...((((....(((((.((((((.........))))))(((..(((((........)))))))))))))...)))).)))))........)))......)))))).((.(((((((((((((...............(((((..........)))))....(((.(((((((.((((((.((....(((((.....((((....).)))........)))))...)).)))).((..(((((...)))))..)).........))))))))).)))))))))....................(((((....)))))...((((((.....((...(((((...........)))))))..((.(((((........))))).))((((((((((.((.(((...((..((..((((((.(((.((((((....(((((((((..((((((((((.((..((.((.((((.((.....))(((((((.((...((((.......))))....)).)((((....))))(((((((....))).))))..)))))))))).)).)))))))))))..)).)..))))))))).........)))))).))).))..))))..))..))..)))))))))))))))))))))...)))))))..))..))..))))))))))))((.((((....)))).))..))))))))))))))))))))....))))((.(......).))
uniform_064,-718.0999755859375,(((((((........)))......((((((((((((((((((((......................................(((((((..((((....))))......(((((((........)))))))((((...))))...((((...(((((...)))))...)))).((.(((((((((((((..((..((((...((((.(((.........))).)))).((((.((((((....((((((((((((((.....))))))))............))))))(((((((((((((((((((((.(((....((((((...(((((....(((((((....(((((((.(((((....((.(((..((((((((((.(((..((((((.......((((((.......))))))...(((((((((((((((((((......(((((....)))))))))))))).)))..)))))))((((((((...((((.(((((..............))))).))))...))))))))))))))..))).)))))))))).....))).))))))).))))))).((((((((...(((((.(((((..((..((((...((((((((((((((((((......))))).))))))).............))))))(((((.((.....(((((.(((((((((..........................((((((((((.((((.......)))).))))))))))(((....)))..)))))))))..)))))...)))))))((((((.(((((((((.(((((((((.(((((((((((((((((((((((((((((..((((..(((..((...))..))).))))..)))))))..)))))..)))..))).)))))))))).........).))).)))))....).))))))))).))))))..)))).))..))))).))....)))...))))))))((((((((((.((((((...((((((((.(.((((...((((((((...(((..(((((((((((..(((((...(((((((........)))))))))))).))))))............))))).)))...)))))))).(((((....)))))))))).)))))))))))))).))).)))))))............)))))))...)))))..))))))....(((((....))))).((((.((....(((((.....(((.......))))))))....)).))))..(((....)))))).))))))).)))....))))))))))).))))))..)))).........))))..))...))))))))))))).)).....)))))))......((((((((((........(((....))).((((((((...(((((((.(((((........)))))((((....))))((((((((...((((((...((((...((((((...))))))....(((.((((........))))))).......(((((..((((.............))))))))))))).)))))).....((((((...)))))).......(((((((((((..(((((((...)))))))..).))))..)))))).(((((((.......((.((.(((..(((..(((((((..(((((((((.((((.((.(((((...(((((..((.((.....(((.......))).....)).))..(((((((.((((.((.(((((.((....)).)).)))..)))))))))))))....)))))..))))).)).))))...((.((....)).))))))))))).....))))))).)))))).))))))))))))))))))))))))))...)))..))))))))).))))))...........))))))))))))))))))))....))))((.(......).))
uniform_065,-724.9000244140625,(((((((........)))......((((((((((((((((((((......................................(((((((..((((....))))......(((((((........)))))))((((...))))...((((...(((((...)))))...))))..(((((((((((((((((((((((..((.((((((((((((((..(((((((((((........)))..(((((((((((((((.....))))))))............)))))))....(((...(((((...(((.((....)).)))....)))))...)))......(((((((((((((..........)))))..(((((((.(((..((((((.......((((((.......))))))...(((((((((((((((((((......(((((....)))))))))))))).)))..)))))))((((((((...((((.(((((..............))))).))))...))))))))))))))..))).)))))))((((((....))))))..(((.(((.((((((((...(.((((((((((((.((........(((((((((((..((((((....((((((.(((((((((.(...........((..(((((((((((......(((((.((((((.....................(((..((((((((((.((((.......)))).)))))))))))))..((((((...))).)))........((((.....((...(((((((......)))))))...))......))))..))).))).)))))...))))))))))).))((((((((((((((((.(((.((.......)).))).))))(((((.(.(((((.(((((..........)))))))))).))))))(((..((...))..)))......))))))))))))..).)))))..)))).)))))).....))))))..))))))))).))........)).))))).(((((((..((.(((((((.((((((........))))))))))))).))..))))))).(((........)))))))))).)...)))))))).)))..))).....))))))))...(((((......))))).......)))))))))))).)))).)))))).))...((((...))))..........)))))...)))..)))))))))))).))).....))))))).....((((((..(((...)))..)))))).(((..((((..((((.....((((...........)))).((((((((((.((......)).))).....((((((...))))))(((((..((((.(((((((((((..(((((.....(((((..........)))))......)))))..)))..)))))).)).)))).....)))))..((((.((.((((...)))).))))))....)))))))((((.(((.......)))...))))(((((.........((((((.(((((((..((.(.(((...........((((((........)))))))))).))..)))).((((((..(.(((((.((.((((((((.((((((....))))))((((.(((((((((((((..((((.((.((((..(((((((.....)).))))).)))).)).))........))..))))))....)))))))))))((.(((((((...((((.(((((((...))))))).))))............(((.........)))......))))))).)).))))).))).)))))))).))))))))).)))))).........)))))))))..))))..)))...((.((((....)))).))..))))))))))))))))))))....))))((.(......).))
uniform_066,-729.0999755859375,(((((((........)))......((((((((((((((((((((...............................................((((....))))(((((((((((((........)))))))...((((((((((.((((...(((((...)))))...))))....((.(((((..((((((......(((.((((.(((.........))).)))).))).......))))))..))))).)).))))))))))((((((.....))))))..))))))((((((((((((((...(((.((....)).)))....)))))..(((...(((((((((((((.(((((....((.(((..((((((((((.(((..((((((.......((((((.......))))))...(((((((((((((((((((......(((((....)))))))))))))).)))..)))))))((((((((...((((.(((((..............))))).))))...))))))))))))))..))).)))))))))).....))).))))))).))))))).......(((((((((.(...(((.((..((((...((((((((((((((((((......))))).))))))).............))))))...((.(((((((((((.((.(((((.(((...((((((((((.........((((((((((((.((((.......)))).))))))))))))((((.((((((((((.((((.(((((..(((((........)))))..)))))))))...))))....(((((.(((....))).)))))......(((((((.((((((.(((((....))))).)).....)))).))))))).)))))).))))........))))))))))..))).))))))).))))))))))))).)))).)).))).).)))))))))...(((((((...)))))))..))))))..)))........))))))).))......((((((...((((((((((((((..((((.((((((((((.(((..(((((...((((......))))....)))))..)))..)))))))))).))))(((......)))((((.(((........)))))))(((((((.(((((((.(((((((.((.((.(((((((.(((((......((((...))))......)))))..))))))).))..)).)))))))(((((((..((((........))))......(((((........)))))))))))).(((((....(((((........(((....)))........))))))))))..................))))))).))))))).((((........(((((((((((..........(((((......(((........)))......)))))((((((..((.(((.(((((((..((.((.(((((.........))))))).))((((((.......(((........))).......))))))...(((((...........)))))...)))))))))).)).(((((..((....(((((((....))))))).(((((((((((.((((((((..(((...)))...)).)))))).)))))))))))..))..)))))..(((((...)))))((((...((((((((((((....((((.......))))..))))))))....))))..)))).))))))(((....))).....(((.(((((((((........))))(((.((.....))..)))((.((..(.(((.....))))..)).))..((((...))))...))))).)))))))))))))).........))))..)))))))))))..)))...))))))))))))))))))))))))))....))))((.(......).))
uniform_067,-744.5,(((((((........)))......((((((((((((((((((((...............................................((((....))))......(((((((........)))))))..(((((((((((.((((...(((((...)))))...))))....((.(((((..((((((......(((.((((.(((.........))).)))).))).......))))))..))))).)).)))))))))))(((((((..(((((((((((........((((.(.((((((...))))))).)).)).....(((((((((((.((((((((..((((((.(((...((.(((..((((((((((.(((..((((((.......((((((.......))))))...(((((((((((((((((((......(((((....)))))))))))))).)))..)))))))((((((((...((((.(((((..............))))).))))...))))))))))))))..))).)))))))))).....))).))...))).))))))..........(((((..(...((((...(((....(((((((((((((((((((......))))).)))))))......((((.(((((....((((((((((.......((((((((((..........................((((((((((.((((.......)))).))))))))))(((....)))..))))))))))(((((((((((.(........).)))))..))))))((((.((.......))))))(((....)))..((((((((..(((....)))......)))))))).((.((....)).))))))))))))...)))))..)))))))))))...))).)))))..))))))))))))).))))))))))).)))))))))))..)))))))((..(((((...((((((..((((((.........))))))..))))))....))))).))(((((((((((.(((((((((((((...((((((((.(((((((((((((((.((((((((((...))).))))))).)..........))))))))))))))))).(((((((.(((((((((.((((((....))))).).)))))..)))).)))))))..((((....(((((((....((........))..)))))))))))....(((.((......)).))).(((..((((((.(((((((((.....))).(((........))).(((((((((((.....)))))).).))))...(((......)))(((.....)))..))))))..)))))).)))))))).)))))).))))))).))))((((((((.((((..((((...(((((........).))))(((((....((((((((.(.((..((.(((.(((((((((((((..........))))((((....))))(((((((................)))))))...(((....)))(((((..((...))..))))).)))))))))))).)))).).))))))))....)))))((((((((.((.......(((((((.((((((((((((((((....((((((((((.(((.(((.(((..((((((((((((((.......))))........))))))))))..)))((((((...(((((...(((.((((((((((......))).))))))))))..)))))......))))))......))).))).)))))....))))).....)))))..))))....))))))).)))))))))))))))))))))...))))))))))))..(((....(((((......)).)))....)))..))))))).))))))))))))))))))))....))))((.(......).))
uniform_068,-720.0,(((((((........)))......((((((((((((((((((((...............................................((((....))))......(((((((........)))))))(((((((((((((.((((...(((((...)))))...))))....((.(((((..((((((......(((.((((.(((.........))).)))).))).......))))))..))))).)).))))))))))).)).........(((...(((((((((((((((((.(((..(((((..(((((((((...(((........)))............(((((..........)))))...((((((.(((..((((((.......((((((.......))))))...(((((((((((((((((((......(((((....)))))))))))))).)))..)))))))((((((((...((((.(((((..............))))).))))...))))))))))))))..))).))))))((((..((((((((((((.((((((((..((......(((((((((.....(((((((..((((......((((((((((((......))))).)))))))......(((((.((((.......(((((((((((.(.((.(((((((((((((....................((((((((((.((((.......)))).))))))))))((((((.((((((((((...)))))....)))))....((((((.....(((((......)))))....)).)))).))))))))))))))).(((((.((...(((....)))...((((((((((.((....)))))).)))))))).)))))(((((((((((...))))))).).))).)))).)).).))))))))))).......)))))))))((((((((((.((((......)))))))))).)).))..))))..))))))).))).)))))).))..))))))))..))..))))))).)))....))))....)))))))..))..)))))..))).))......(((((..((.(((...(((((((....)))))))..))).))..)).)))...))))))).))))))))..))).(((((((..(((.((((..(((....((((..((.(((.((((...........(((((....)))))......((((((((......((((.((((((((..((((.((((...))))...........(((.((((..........(((((((....(((........)))....)))))))...)))))))..)))))))))))))))).((((.(.......)))))(((.(((((.(((..(((.((((((....((..((((((((..........))))...((((..(((((((((.(((((.((((.(((..((.((((((.....(((....)))((((((..........(((((.....(((((............)))))..)))))))))))..((...(((((...))))).)))))))))).))).)))).))))))))))(((((((((((((...((((((((((((((.((((((((...(.((..(((.(((..(((((((.(((((((....(((.((.((((....)).)).)).)))..))))))).))))))))))..)))..)).)...))))......(((.((((......))))))))))).)))))))).))))))...))))))))......)))))....))))..))))))))..)).....)))))).)))..))).))))).)))..))))))))))))))).))))))...)))..)))).)))...))))).)).))))))))))))))))))))....))))((.(......).))
uniform_069,-726.4000244140625,(((((((........)))......((((((((((((((((((((......................................(((((((..((((....))))(((((((((((((........)))))))...((((((((((.((((...(((((...)))))...))))....((.(((((..((((((......(((.((((.(((.........))).)))).))).......))))))..))))).)).))))))))))((((((.....))))))..))))))((((((((((((((...(((.((....)).)))....)))))...(((((.((((((((...(((((..........)))))(((((((((.(((..((((((.......((((((.......))))))...(((((((((((((((((((......(((((....)))))))))))))).)))..)))))))((((((((...((((.(((((..............))))).))))...))))))))))))))..))).)))))))))((((((((((((.((((((...........(((((((((((((((.((((((((((((..(((((((((((((((((((......))))).))))))).((((((((.((....((((((((((..(((......))))))).)))))).....)).))))))))......((((((((((.((((.......)))).))))))))))(((....))).((..((((((((((((((..((.((((((...(((....)))...)))))))).)))))))((((((((((..((((.(((.(((.........))).)))..))))....)))))......(((((((((((..(.(((....))).(((((....))))).)..))))))))))).)))))..((((......)))).)))))))..)))))))))....)))))).)))))).))))((((................))))((((..((..(((.(((((.(.......))))))..))).))..)))).)))))).))))).)))))))))).))).....))))))))))))).)))))..)))))))))((((((((..((((.....)))))))))))).(((.(((((((.........(((((..((((((..((((((....))))).)..)))))).....)))))...))).)))).)))(((.((......)).)))..))))))).......(((((((((...(((((.((.(..((((((.((.((((......((((((((...(((......)))....))))))))((.(((..((((.(((((((..((((.(....)))))..)))).))).)))).((((((((..((((((....)))))).))))))))))).))......((.((((((....((((((((.((..(((.((...(..(((.((((....(((((..(((((.(((((.((((....((((((..((...(........)...))..))))))......))))...((((((((...)))).)))))))))....)).)))..))))))))).)))..)...))..)))..)).)))))))).(((....(((((((((((((((((.(((((((((..(((((..((((....(((((.........)))))))))..)))))..)))).....(.((((...(((((((((.(((....)))..)).)..))))))...)))).)))))).)))......))))))))).........(((((.((....)).)))))))))))))......(((...))))))))).))))))))..))))))..)..))...)))))....))))))))).............))))))))))))))))))))....))))((.(......).))
uniform_070,-710.7999877929688,(((((((........)))......((((((((((((((((((((...............................................((((....))))(((((((((((((........)))))))...((((((((((.((((...(((((...)))))...))))....((.(((((..((((((......(((.((((.(((.........))).)))).))).......))))))..))))).)).))))))))))((((((.....))))))..))))))...(((...(((((...(((.((....)).)))....)))))...)))((((((((((((..(((((..........)))))..(((((((.(((..((((((.......((((((.......))))))...(((((((((((((((((((......(((((....)))))))))))))).)))..)))))))((((((((...((((.(((((..............))))).))))...))))))))))))))..))).)))))))((((((....)))))).......((((((((((((..((((((((((.((.((.((((((((((.((((((((((((((((......))))).))))))).....((((((....(((((((((((((.((.((...((((((((((..........................((((((((((.((((.......)))).))))))))))(((....)))..)))))))))).....(((((((..(((........))).)))))))))))))).)))))))))).....(((......((((((.(((((((......)))).))))))))))))))).)))..))))..))))...)))))).)).))..)))))....(((((((.....)))))))((((.(((((((.(((.(((((((((((.(((......))).)))((((((((.....)))))))).((((.(((((((((.....(((....))).)))))).))).))))..)))))))).).((((((........)))))).)).))))))))))).....(((((..........))))))))))))))))))))))))))))..)))))).((((((((((((((.((((..............(((.((((((((...((((((((((((.((((((((((((....((....))..)))))))..((((......)))).......(((((((...)))).)))..((((((((.((....(((((((..(((((.((..........)))))))...)))))))...))))))))))..(((.(...((((((((.....(((..(((..(((((..(((....((((.((....(((((((.....)))))))....)).)))).....)))..)))))......))).))).)).))))))....).))).(((.((.((((.((((..((..((((((((.(((.((((....(((...((.((..((((.(((....(((((......))..)))....(((....)))...((((.(((((...))).)).))))......((((.(((((((((....))))))).)).)))).))))))).)).))..)))...)))).))).))))))))....((((((....)))))).......)).)))).)))).)).))).)))))))))))).....((....))(((((((((.((((.((((.(((..((..((((..(((((........(((.((........))..)))..)))))..))))))..))).))))...)))))))))))))))))))))))))).))).............)))))))))))).))))))..............))))))))))))))))))))....))))((.(......).))
uniform_071,-731.7999877929688,(((((((........)))......((((((((((((((((((((...............................................((((....)))).......((((((........))))))(((((((((((((..((((...(((((...)))))...))))(((((.((((((((..(((((((((((((.((((.(((.........))).)))).))..................(((((((((.....)))))))))....(((((((...........(((((((((((...(((.((....)).)))....)))).....)))..)))).......(((((..........)))))..(((((((.(((..((((((.......((((((.......))))))...(((((((((((((((((((......(((((....)))))))))))))).)))..)))))))((((((((...((((.(((((..............))))).))))...))))))))))))))..))).)))))))((((((....)))))))))))))((((((((.(((((((((((.((((((((((..((........)).((((((((((((......))))).)))))))(((((.((((((..((((.(..((((((..........(((((((((..........................((((((((((.((((.......)))).))))))))))(((....)))..))))))))).........)))))).).))).)..)))))))))))...))))))))))((((((((((((((.((...)).))))).........)))))))))(((...(((........))).))).((((.((((.(..(((((.......))))).).)))).)))))))).)))))))))))))))...))))))).))))))))...)))).)))))((.(((((.......)))))))..........(((.(((((....))))))))(((((((.((......(((....(((..((((((((....))))))))..))))))...)).))))))).))))))).)))))).((((((.((((...((((..(((.((((.((((((.((((.(.(((((..(......((((((((((((((...(((((...)))))...)))...))))))))......((((((((...((((((((...((((.....)))).((((((..((((...((((((((((.((((....((((....)))).(((.(((.(((..((.((((.........)))))))))..))).)))))))))))...))))))....)))).))))))((((((((((..(((((((((....)))))((((((.(....(((((((........)))))))).))))))...((((..(((((((((((((.((((....((((...((((...(((((((......)))...(((((.................)))))....((((....))))((..((...))..)).......))))...))))...))))....))))..)))))))..))))))..))))..)))).))).)))))))..))).)))))..)))))))))))......)..))))).).))))))))))..)))).)))(((((.(....((((((...((((((........(((.((((((....((..((((.(((......))).((((((((((..(((........)))....))))))).))).((((......))))..))))..))...))))))..))).....((((...)))).))))))..))))))....).))))))))))))).))))))..((.((((....)))).))..))))))))))))))))))))....))))((.(......).))
uniform_072,-713.9000244140625,(((((((........)))......((((((((((((((((((((...............................................((((....))))......(((((((........)))))))(((((((((((((.((((...(((((...)))))...))))....((.(((((..((((((......(((.((((.(((.........))).)))).))).......))))))..))))).)).))))))))))).))...(((((.(((((((.(((((...))))))))))....)))))))((((((((((.....((((.(((..((((((((..((((((.(((...((.(((..((((((((((.(((..((((((.......((((((.......))))))...(((((((((((((((((((......(((((....)))))))))))))).)))..)))))))((((((((...((((.(((((..............))))).))))...))))))))))))))..))).)))))))))).....))).))...))).)))))).((((((.(((..((((((((......(((((...(((....((((((((((((......))))).)))))))(((((.((((((..((((.(((((.(((....((((.((((((((((..........................((((((((((.((((.......)))).))))))))))(((....)))..))))))))))..))))..)))))))).))).)..))))).).)))))..((((((....((((((((.(((((.((((((((((.(......))))))).......)))).)))).).).......))))))))))))))))...)))))))))))))..)))........))))))))))))))..))).))))....(((((((..((....((((.(((((((((((((.....))))))))...........((((((....))))))..((((((......))))))....))))).))))..))..))))))).(((((......)))))....(((......))).)))))))))).....(((((.(((.(((((..(((.(((........)))))))))))))))))))........((((((...(((((((((.(((((.((((.(....(((((((..(((..................))).)))))))))))).(((((.(((((.((((.......)))).)))))..))))).((((((((((((.........(((((((.(((..((((..(...((((((..(((.((.......))..)))..))))).)....)....))))..))).))))))).(((((.((..((((...(((....))).))))......((((..((.((((.((...(((..((((((((..((((((.(((......))))))))).))))).)))...))).(((........))).....)).)))).))))))..(((((((((((...((........(((((........))))).........)).))))))...)))))(((((((........)))))))(((((......)))))...((((((((..((((((...))))))..))))))))........(((((...))))).(((((((..(((.((....)).)))(((((((((((((((..((((((...(((.((.(........).)).)))))))))))))))).......................(((((.((....)).))))))))..)))))...((((...)))).)))))))....)).))))))))))))).))))...))))).))).)))))).....))))))))))))))))))))))))))....))))((.(......).))
uniform_073,-725.5999755859375,(((((((........)))......((((((((((((((((((((...........................................((((((((....)))...(((((((((((........))))))((((((((((((((.((((...(((((...)))))...))))....((.(((((..((((((......(((.((((.(((.........))).)))).))).......))))))..))))).)).))))))))))).)))..........(((((.(((((...))))))))))....))))).(((((((((.....((((((((((...((((((((((((.(((((....((.(((..((((((((((.(((..((((((.......((((((.......))))))...(((((((((((((((((((......(((((....)))))))))))))).)))..)))))))((((((((...((((.(((((..............))))).))))...))))))))))))))..))).)))))))))).....))).))))))).))))))).....((((((((((((...(((((..((((.....((((((((((((((((((......))))).))))))).............))))))((((((((..((.(((((.(((((((((..........................((((((((((.((((.......)))).))))))))))(((....)))..)))))))))..))))))).)))).))))((((((((((((....(((((((.......))))))).....)))))))...))))).)))))))))))))))).((((((.((((......))))))))))......)))))...((((((((.((((........))))..)))))))))))))...))))))))))...((.(((((((((..(((..((((.((...)).))))..)))))))))))...).))))))))))).)))))..(((((((((((((((..(.((((((..(((((((((((..(((((.(.(((((((((((......)))............))))))))..).)))))))))))).))))..)))))).).(((((((((((((((....(((((((((.......))).)))))).((((((((((..............))))))).....)))....((((....))))(((((((((((((((((.(((....((((.(((......)))))))...))).)))..))))))(((.(((...(((((......)).)))))))))....(((((((.....(((((((.((.(((((.(((.(((((((...)))))...)).)))....))))).)).)))))))............((((((.(((..((((((((.(((.(((((.(((.....(((.(((((((((((.((((.((.......)).)))).((((((((((((........))))))))).))).........((..(((((.......))))).)).)).))))))))))))...(((.....)))...((((.......)))).))).))).)).))).)...))))))).))).)))))))))))))....((((((((.(((((...))))).)))))))).((.((.((.((.(((((((((((((((((((((..........))))))).((((.....(((.((((.((((.....)))).))))))).)))).((((...))))........((((.........))))..((..(.(((.....))))..))..)))))))))))))))).)).)).))..))))))))))))))).))))).)))..)))))))))........))))))))))))))))))))))))))....))))((.(......).))
uniform_074,-749.4000244140625,(((((((........)))......((((((((((((((((((((...............................................((((....))))......(((((((........)))))))...((((((((((.((((...(((((...)))))...))))....((.(((((..((((((......(((.((((.(((.........))).)))).))).......))))))..))))).)).))))))))))((((((.....)))))).....((((((((((((..(.(((.(((.((....)).))).....((((((((((...(((.(((.((.(((((..........)))))(((((((((.(((..((((((.......((((((.......))))))...(((((((((((((((((((......(((((....)))))))))))))).)))..)))))))((((((((...((((.(((((..............))))).))))...))))))))))))))..))).)))))))))((....))((((.((((..((((((((((.(((((((((.(.....).)))).........((((((((((((((((((......))))).))))))).............))))))...((((((((........(((((((((..........................((((((((((.((((.......)))).))))))))))(((....)))..)))))))))........((((((((((((((.(((.((......))))))))))....))))))))).....((((.((.((((((.(...(((.(......).))).....).)))))))).)))))))))))).)))))))))))))))...)))).)))).........))...))).)))...))))))))))..(((.(((.((((((((((((....)).))).))))))).))).))).....))).)..))))))))))))....(((((((.(((((((((((.(((.((..(((((((((((....)))))))))).((((...((((((((...))).))))).))))(((..(((((.((((..((...((((.(......).))))..))((((((....)))))).........((....))..((((.(((((((((((((((.............(.((((..((((.((((.....((((((((((((((((((((((((((..((((.......))))..)))).))))))))..))))...((((...(((((((..(((((.............))).)).)))))))..))))..((((........))))..))).))))))))))).))))..)))).)(.((((((((((..........((((((....((((((..((........))..))))))....))))))......((((....))))..((((((((((..((.......(((((....(((((..(((((((..(((((((...((.(.((((((((.((((...............)))).((((...))))..)))))))).).))...)))))))....(.((((((.(((((((((((((((.(((((.((....)).)))))))).)))))(((((....)))))...)))))))..))))))))))))))))))))))))(((((..((..((....))..))..)))))))..))))))).)))((((((......))).)))(((........)))...((((.........)))).)))))))))).)((.(((..........)))))))))).))))))))))))))..)))).)))))..))).)..)).))).))))).))))))..)))))))))))))))))))))))))))....))))((.(......).))
uniform_075,-718.7999877929688,(((((((........)))......((((((((((((((((((((...............................................((((....))))......(((((((........)))))))(((((((((((((.((((...(((((...)))))...))))....((.(((((..((((((......(((.((((.(((.........))).)))).))).......))))))..))))).)).))))))))))).))...(((...(((((...((..(((((((((.((((...(((..((((..(((.....(((((..((((...((.((((..((.(((((..........)))))..(((((((.(((..((((((.......((((((.......))))))...(((((((((((((((((((......(((((....)))))))))))))).)))..)))))))((((((((...((((.(((((..............))))).))))...))))))))))))))..))).)))))))((((((....))))))..((((((.......((((((((((.((((((..((((..((........)))))).....(((((.((((((((((((((((....((((((.(((....(((((...((((.....)))).)))))..))).))))))..)))))))))).....((((((((((.((((.......)))).))))))))))(((.((((((((.......((((((.(((((((......)))))))....))))))))))))))))).......(((((((((..((((((.......)))))).)))))))))........)))))).)))))))))))..)))..))))))).))))))....(((((((...(((((.........))))).))))))).....))..)))).))..)))).))))))))..))))..))).....((.((((((......((.((((((((((....))...)))))))).))(((((....)))))))))))))..)))).))))))))))))))))...))).(((((.(((...((.(..((((.((((((..(((((((((....((((((.......))))))....((((((...))))))..............((...(((((.(((((((.(((.((((((((........(((.......((((.....(((.((......)).))).....))))....))).......)))))))).)))..((..((((.(.(((((((((.((.((....(((((((...((((......((((................)))).......))))..)))).(((((.((.(...(((((((((..(((((((((((..(((((((........))))))).(((.....(((((.(.(((...(((((...........))))))))..).))))))))(((((((.....)))))))(((..(((((((........))))))).)))...((((((.....))))))...((((........))))..)))))))))...)).)))))))))..).))))).))(((((((..(((((((((((.((.(((((((.(((..(((.((((...(((.(((((.....(((((((((.(((..........))))))))))))..))))).))))))).))).))))))).......((((....)))).(((..((((.....)))))))))).)))))).))))...)))..)))))))..)))....)).))))))))))).).))))..)).....((((...)))).))))))).)))))....)).....)))))))))..)))))).))))..).)).))).)))))))))))))))))))))))))....))))((.(......).))
uniform_076,-755.5,(((((((........)))......((((((((((((((((((((...............................................((((....))))......(((((((........)))))))(((((((((((((.((((...(((((...)))))...))))....((.(((((..((((((......(((.((((.(((.........))).)))).))).......))))))..))))).)).))))))))))).))...(((((.(((((((.(((((...))))))))))....)))))))((((.........((((((((((((..(((((.....(((((..........)))))(((((((((.(((..((((((.......((((((.......))))))...(((((((((((((((((((......(((((....)))))))))))))).)))..)))))))((((((((...((((.(((((..............))))).))))...))))))))))))))..))).)))))))))((((....)))).((.(((.(((((..(((..(((((((.(.....).))))..((........)).((((((((((((......))))).)))))))............((((((((((((.((((.....))))(((((((((..........................((((((((((.((((.......)))).))))))))))(((....)))..)))))))))...((.((((((.(((((((...(((.......))).))))))).)))))).)))))))))).))))....(((((((((...(((((......)))))..))))).)))).....(((......)))(((((((....))))))).)))..)))..))))).))).))))))).))).))))))))).((((((...((((...(((...(((((((..(((..((((((((.((((((....((((((((((((((...))))))))))))))((((....))))....(((((((((((........)))))).)))))((.(((((((((..(((((...........)))))))))))))).)).......)))))).)))))))))))((((((((((((..(((.........(((..(((.(((((.(.((((.(((...(((......)))...((((((....((.(((((..((((.((((((((((((.(((((.((((((((.......((((.((((((((((((...))))))(..(((.(((....)))..)))..)......(((.......)))..(((((..........)))))...((((((...))))))....(((((((...)))))))(((((...(((....)))....((((((....).))))).(((((.......)))))..(((((.((((((((((((((((...))))).)).........(((.((((...(((((.(((((((....((....))..)))))))...)))))....)))))))....))))))))))))))..)))))..))))))))))..(((((((....))))))).)))).)))).))))).))))))))...)))).)))).))))).))...))))))...((((.((((....(((((.((...(((((...((.((...((((.......))))...)).))..(((((((((((.....))))))))))).(((((((.(........))))))))....)))))..)).))))).....)))).))))))).)))).).))))).)))))))))..))))))))))))...)))))))...)))..))))))))))........)))).((((....)))).....))))))))))))))))))))....))))((.(......).))
uniform_077,-736.5,(((((((........)))......((((((((((((((((((((...............................................((((....))))......(((((((........)))))))((((...))))...((((...(((((...)))))...))))....((((((((((((((((......(((.((((.(((.........))).)))).))).......))))))....(((((((((.....)))))))))....(((((((...........(((((((((((...(((.((....)).)))....)))).....)))..)))).......(((((..........)))))..(((((((.(((..((((((.......((((((.......))))))...(((((((((((((((((((......(((((....)))))))))))))).)))..)))))))((((((((...((((.(((((..............))))).))))...))))))))))))))..))).)))))))((((((....)))))))))))))...(((((((((..((((.(.....).))))..((........)).((((((((((((......))))).))))))).((((((((.((....((((((((((..(((......))))))).)))))).....)).)))))))).(((((((((((((((.((((.......)))).)))))))))).((((.(((((((..(((((((......))))(((((((((((((.((.((((((...((.((((.......)))))))))).)).))))))).)))))))).(((((((.....)))))))((((((.(((...(((((((((((((....)))))).((((((((((((......)).))))))))))(((.((.((.((((...((((((.(((((((..(((((.....((((((.((((((((....))))..(((((....))))).(((((....))))).)))).))))))...)))))...))))))).)))))).)))).)))).)))((.(((...((((((((((.(((...)))))))))))))...))).))..((((((...((((.((((...((((...((.(((((((.((((.((.((.((((((....((..((.(((..((((((((....))))))))...))).))..))..)))))).)).)))).))..))))))).))))))......)))).))))..))))))((((((((((((..(((((..........((((((..((((................)))).)))))))))))))))))).)))))..)))))))))))))))).......)))..))))))).)))).((((..............))))..))))))))))))))))))))))))..(((((.(((((((.(((((.(((((((.((.(.(((((((((((...(((((((.(((((...((.(((....))).)).)))))....(((((.......))))).(((.(((.(((((.((((((...)))))).)))))..))).))))).)))))...))))....)))))))).))..)))))))...)))))(((.....)))....))))))))))))(((((((....((((.((((((((.(.((.((.(((...(((((((((......((((.(((((((.((((..((..(((.(.(((((.(((((((((..((...((((....)).))...))...))))).))))......))))).)))).)).)))).))..))))).)))).....))))))))).....)))))..)).).))))))))....))))..)))))))((((....)))).....))))))))))))))))))))....))))((.(......).))
uniform_078,-709.2000122070312,(((((((........)))......((((((((((((((((((((...............................................((((....))))......(((((((........)))))))..((((.(((.(((((((...(((((...)))))...)))).((.((((((((((((((..(..((((...(((((..((((((...(((..(((((((.(((((..((((((....(((((((((.....)))))))))((..(((((((((((.(((.((.(((((..((((((...))))))...(((((....(((..(((((.((.(((((((((.(((((..........)))))..(((((((.(((..((((((.......((((((.......))))))...(((((((((((((((((((......(((((....)))))))))))))).)))..)))))))((((((((...((((.(((((..............))))).))))...))))))))))))))..))).)))))))((((((....))))))......(((((.((....))))))).(((((((((((((((....((.((((((((((..(((((......))))).....(.((.....)).)...(((((((.....((((.....))))(((((((((..........................((((((((((.((((.......)))).))))))))))(((....)))..)))))))))...((((.((((((........)))))))))).((((((((....((((.((.(.....).)).))))..))).)))))))))))))))))))))).))..)))))).)))..))))))..((((((....)))))))))))........)))))).))))))))...)))))))))).))...)))..)))))))))))..))..((((((((..((((....((((...(((((.(((..((.....(((((((((((..(((((((((((((((.......)))).))))).((((((((.(((((((((((((..((((((((((((((...))).)))))))..((((.((.(((((.(.((((..(((....)))....)))).)..))))).)).))))))))...))))))))))..))).)))....)))))....))))))...))))......((((....).)))..)))))))....)))))(((((..((((...........(((((..........))))))))))))))(((((((.((..........)))))))))..))))).))))....))))..)))))))).....))))))))))).))...).))))..)))....)))))).)))))(((((((.....)))))))..........))))..)..))).))))))))))).)).............(((.((((((.((........)))))))))))((((.((((((.....(((((((..............))))))).((((((.((((((.((...(((............(((((((..(((((.(((((((...)))))))))))).((((((.(((..((.(((((......(((((....))))).((.(((((((.....(((((.(((((.....((((....))))...((((((..(...((((((((((....((((.((((...((....))...))).)..))))..))).)))))))..)..))))))))))).))))).....))))))).))...........))))))).)))))))))...))))))))))...)).)).)))).))))))......))))))..)))).....)))))).)))).((((....)))).....))))))))))))))))))))....))))((.(......).))
uniform_079,-733.9000244140625,(((((((........)))......((((((((((((((((((((...............................................((((....)))).....((((..(((((((((((((.((.(((((..(.((((((....((((((((((((((....))))....(((((((((((((....((..((..........((((.(((((((..(.(((((........(((((.....(((((((((.....))))))))).(((((.(((((((.(((((...))))))))))....)))))))((((((((..((((((....((.((.((.((((((((((((.(((...((.(((..((((((((((.(((..((((((.......((((((.......))))))...(((((((((((((((((((......(((((....)))))))))))))).)))..)))))))((((((((...((((.(((((..............))))).))))...))))))))))))))..))).)))))))))).....))).))...))).))))))...(((((((((.(((((((((((((((((((...((.(((.((((((((((((......))))).))))))).((((((((.((....((((((((((..(((......))))))).)))))).....)).))))))))......((((((((((.((((.......)))).))))))))))(((....))).))).))((((......)))))))))).)))))))))....(((((.....))))).((((((((((((((((.(((.....((((((.(..(.(((((.......))))).)..)))))))....)))...))))).))....((((((.....)))))).)))))))))..)))).))))))))))))))).))...)).)).....)))))).)))))))).(((...)))......(((((((..(((.(((((((((((((((((((.....((((((....))))))...))))))((((((.(((((....)))))))))))(((........)))....(((((((....(((.(((..((.........))..))).)))...)).)).)))..((((((((....))))))))((((((((((((((....(.......)...))))))))))))))))))))).))))))..)))..).))))))(((.....)))..........)))))...((((...))))))))).))))))))))))..((((((................))))))...))..))....)))))))))))))(((.....)))............)))).)))))))))))).)...))))))))))))))..((((..(((....)))...))))(((..((((((.((((......(((((((...............))).)))))))).)))))).)))....((((((((.(((((.........((((((((((.....(((((((.....(((...(((((((((((((.....((((.(((......)))))))....)))))))..))))))...)))((((((((((((((..........))))))))))))))....))).))))))))).))))).((((..(((((....)))))))))....((((((...((((((..(((((.((((((......)))))).))))).(((...((((((....)))))))))(((((((((((........))))(((............)))((.((..(.(((.....))))..)).))...)))))))....))))))..)))))).)))))...)))).))))))))))))))((.((((....)))).))..))))))))))))))))))))....))))((.(......).))
uniform_080,-722.5999755859375,(((((((........)))......((((((((((((((((((((...............................................((((....))))......(((((((........)))))))...((((((((((.((((...(((((...)))))...))))....((.(((((..((((((......(((.((((.(((.........))).)))).))).......))))))..))))).)).))))))))))((((((.....)))))).((((((.((((((((((((((...(((.((....)).)))....)))))((((..((((.(((((((..(((((..........)))))..(((((((.(((..((((((.......((((((.......))))))...(((((((((((((((((((......(((((....)))))))))))))).)))..)))))))((((((((...((((.(((((..............))))).))))...))))))))))))))..))).)))))))((((((....))))))(.(((((((.(((.(((((..(((......(((((((..........((((((((((((((((((......))))).))))))).............))))))..(((.((..((.((((.((((((((((..........................((((((((((.((((.......)))).))))))))))(((....)))..))))))))))..)))))).)))))..)))))))...(((((((....)))))))..............))))))))...)))))))))).)(((((........))))).))))))).)))).....))))))))))).)).))))))......((((...(((((.((...(((((.((((((....((((...((.(((......((((((((((...((((((((((((((((((((((.((....))))))))))).)))).(((((((..(((((((((..(((.(((.((((.((((.((((((((....)))))))).(((.((((.....(((((..((.(((((((..((((.((((((((.(((.((((((.((.(((.(((........)))))).)).))))))..))).)))))))...).))))..))))))).))..)))))......(((((((((.((((((...(((......)))((......))......(((.(((((((.((((((((((.(.((((....((((((....))))))(((((..............)))))....((((....)))))))).)))))...))))).).))))))))))(((((((.(((...))))))))))...))))))..))))))))).(((((((..............)))))))..(((((((((((((((((.((..(((((...)))))..)).....(((((.......(((((.(((..((((.....))))....))).)))))........)))))((((((((((..((...((...(((((...))))).))....))....))))))))))((((.(((((..((((((((((..((.((.((....)).)).))))))))))))...))))).))))((((((((...(((((...((((..((.........))..))))..)))))...))))))))........(((((.....)))))...)).))))..))))))))))).)))).))).................)))).)))).).)).)))..))))).)))).)))))))..))))).))))))))))))))))))).))))..)))))).)))))...))..))))))))).((.((((....)))).))..))))))))))))))))))))....))))((.(......).))
uniform_081,-728.0999755859375,(((((((........)))......((((((((((((((((((((...............................................((((....)))).....((((..((((((........((((((((..((((((((....(((((.(((((.((..(((((..((.((((((((((((((..((((((((.....(((((((.((((((((..(((((((.(((((..(((((((...(((((((((.....)))))))))....(((((((...........(((((((((((...(((.((....)).)))....)))).....)))..)))).......(((((..........)))))..(((((((.(((..((((((.......((((((.......))))))...(((((((((((((((((((......(((((....)))))))))))))).)))..)))))))((((((((...((((.(((((..............))))).))))...))))))))))))))..))).)))))))((((((....)))))))))))))((((((.....((((((((((((((((.((..........((((((((((((((((((......))))).))))))).............)))))).(((((((((((((((..((((((((((..........................((((((((((.((((.......)))).))))))))))(((....)))..))))))))))......(((((.(..(((...)))..)))))).......(((((...(((..(((.((((.((((.......((((.((((((.((((((((.((((.((.((((.(((....(((((..(((..((((....)))))))...)))))........))))))).)))))).)))))))).))....)))))))))))))))).)))..))))))))(((((.......)))))..)))))...)))))))))))).)))...)))))((((.....(((((((((((....((((((((.....(((.((((......)))).)))..(((....((((((.(......)))))))...))))))))).))....)))))..))))))....))))))))))))....))))))(((((((.(((....((((...((((.......(((...))).......))))...)).))....))))))))))..............)))))))))))).)).)))...))....)))))))).)))).)))((((((((..((((((..(((..................))).))))))(((.(((...((((((((.((((.......)))).))))).)))....))).))).))))))))...............))).)))))...)))....))))))))))).))...........))))).)))))))..)))))))))))))....))))))))(((((((.(((......(((((.((((.(((((((..(((((((...((.((((((.....(((((.((.....((.(((.((((.........))))))))))).))))).....)))))).)).)))))))....))))))))))).).))))....((((.((....(((((....))))))).)))).(((.(((..((((.((((.(((((((((...((((...))))...)))))).))).(((((((((.((((.(...(((...((((((.(((((((........((.((((.((.....))..))))...)))))))))))))))..)))...)))))))))))))).)))).))))...))).))).))).)))).)))))))))))))((.((((....)))).))..))))))))))))))))))))....))))((.(......).))
uniform_082,-718.9000244140625,(((((((........)))......((((((((((((((((((((...............................................((((....))))......(((((((........)))))))((((...))))...((((...(((((...)))))...)))).((.((((((((((((....(((((.(((.((((.(((.........))).)))).))).................(((((((((.....))))))))).(((((.(((((((.(((((...))))))))))....)))))))....(((((..(((........)))((((((((.((.(((((..........)))))..(((((((.(((..((((((.......((((((.......))))))...(((((((((((((((((((......(((((....)))))))))))))).)))..)))))))((((((((...((((.(((((..............))))).))))...))))))))))))))..))).)))))))((((((....))))))....((((((.((((((.((((((((((((..((((((.((((....((((((((((((((((((......))))).))))))).((((((((.((....((((((((((..(((......))))))).)))))).....)).)))))))).(((..((((((((((.((((.......)))).)))))))))))))..((((((...))).))).(((((((..((((((...((((((...((.(((((.(((((((.......))))))).))))).))...))))))(((((((((.((((((((((((....)))....))))))))).))))...)))))....)))))))))))))(((((((.((.(((.(((.((((.....)))))))...))).)))))))))..))))))...)))).)).))))(((((((((((.(((((((...((((((((((((((...)))))))))...)))))....(((....)))(.(((((((((....))))))))).).((((((((..(((((..((((((..((((((((((...........))).)))))))....))))))....)))))))))))))..((((........))))....)))))))...))))))))))).((((...))))......((((....).)))(((((((((.((.(((((((((...............)))).)))).).))...))).))).)))..)))))))..(((((...)))))...))).)).)))))).))))))........((((((..(((...(((((...((((...))))...))))).))).)))))))))))))))).)))))..((((.(......).)))))).)))....)))))))))))).)).....(((((.(((....((((((((((.(((........)))(((..((((((.(((...((((((................)))))).((.(((((((...(((((((((((((.....((((((((...)))).)))).(((((.(....).)))))..)))))))))..)))).((((((...((((..((((((((((((((((.....))))))))))))))....))..))))(((((...)))))(((.((((((((...(((((..((((.(((.((((.(.(((.(((((((((.........)))).))))).)))))))).)))..))))...)))))..((((.........))))..((..(.(((.....))))..))))))))))))).(((....)))))))))..)))))))..)))))))))))..)))..)))).))))))))).))).)).))))))))))))))))))))....))))((.(......).))
uniform_083,-715.0,(((((((........)))......((((((((((((((((((((...............................................((((....))))......(((((((........)))))))..((((.(((.(((((((...(((((...)))))...))))....((((((((((((((.((..((((...((((.(((.........))).))))(((.(((((..((((((....(((((((((.....)))))))))(((......))).(((((((((((...((((.((..(((((((((.((((((............(((((.((((((((...(((((..........)))))(((((((((.(((..((((((.......((((((.......))))))...(((((((((((((((((((......(((((....)))))))))))))).)))..)))))))((((((((...((((.(((((..............))))).))))...))))))))))))))..))).)))))))))....((((((((((((.((((((((.((....)))))))(((.....(((((..(((....((((((((((((((((((......))))).))))))).............)))))).(((((((((((.(((((((((((((((((((.................(((..((((((((((.((((.......)))).)))))))))))))..((((((...))).)))...))))))))))).....(.((((..((.((((.((..((((.((((...(.((((((..((....((((((((.(......)))))))))....))....)))))).)..)))).)))).)).)))).)).)))).)..))))))))))..........))))))))))))..))))).....)))))))))))).))))))(((((((((((((((((((.....)))))))).((((.(((.(((((..(((((((.......))).))))...)))))))).)))).(((((......)))))((((((....)))).)).)))))).)))))..)))).))))))))).)))))))))))))))....)).))))..)))..))))))))..((((.((((.....(((((((((((.(((((.........)))))..)))))))))))((((..((((((((....)))....))))).)))))))).)))).....))))))))))).))).......(((..((((....))))))).((((((....))))))...........))))..)).))).)))))))))))..(((((.((((((...((((.(((.((((((.(.(.((((((....)).)))).).).))))))....((((...........))))(((....)))(((......)))(((((((.(((((...((..(((((((((((((....(((....)))....)))))))....))))))..))...........(((((((((...((.....(((((((((((((((((..((((.......))))..)))).)))).)))))))))....))))))).)))).))))).)))))))))).)))).)))))))))))(((((((..(((.....)))..)))))))((((((((((........(((.(((...((((((((.....((((((...((((((........))).)))(((((((........)))))))(((((((((((.((((.(((..(.((((.........))))...).....)))..))))...)))))).))))))))))).))))))))...))).)))...))))))))))...)))))).)))).((((....)))).....))))))))))))))))))))....))))((.(......).))
uniform_084,-704.5999755859375,(((((((........)))......((((((((((((((((((((......................................(((((((..((((....))))......(((((((........)))))))((((...))))...((((...(((((...)))))...))))..((((((((((((((...((..((((((((((((.((((((((..(((((((.(((........)))........(((((((((.....)))))))))....(((((((...........(((((((((((...(((.((....)).)))....)))).....)))..)))).......(((((..........)))))..(((((((.(((..((((((.......((((((.......))))))...(((((((((((((((((((......(((((....)))))))))))))).)))..)))))))((((((((...((((.(((((..............))))).))))...))))))))))))))..))).)))))))((((((....)))))))))))))((((((...((...(((((((((.....(((((((.....((((((((((((((((((......))))).))))))).............))))))...(((((((((.((((.((((((((((..........................((((((((((.((((.......)))).))))))))))(((....)))..))))))))))..))))...((((........)))).....((((((((.((.((...((((..((........))..))))...)).)).)))))))).......(((((((......))))))).)))))))))((((((((((((.((.....((((((....(((((.((((((.....(((((((.((((...(((((.......)))))((((((...)))))).((((....)))).)))).))))))))))))).)))))..)))))))).)))))))(((....))).........)).)))((((((((((..((((((.(((.(.((.(((....(((......)))...))).))).))).)).)))).)))).))))))..)))))))))))).))))..))....)))))))))))))....))))))))..))))))))....(((...))).............))))..))....))))))))))).))).....)))))))........((((...))))....(((((.....)))))(((((((((....................))))).).)))(((.((......)).)))..((((((((.....((((((((((....((((...(((.((((((.((.((.((.((((((...(((..(((((...(((.((((.((((((....(((((((....((((((.(((..(.((((...((((((..((((..(((((.((..((((...(((((.((........)))))))....))))..))...)))))....))............))..))))))...)))).)..)).).)))))))))))))((((((((........))))))))(((((..........))))).((((((((((((.....((((((((((((((...(((.(((.((((.....)))).)))...((((((..............))))))..(((((((...(((......)))...))))))).)))..))))))))...))))))..))))))))))))......)))))).))))..))))))))..)).)...))))))....((((.........)))))))).)))))))).)))..)))).....))))))))))..))))).))).))))))))))))))))))))....))))((.(......).))
uniform_085,-710.4000244140625,(((((((........)))......((((((((((((((((((((...............................................((((....))))......(((((((........)))))))..((((((((((((((((...(((((...)))))...)))).((.(((((((((((((.....(((.((((((((((.(((.(((..(((((((.............((((......(((((((((.....))))))))).))))......(((((..((((((((..(((((...(((.((....)).)))....)))))...((((((((((.(((((((.(((((....((.(((..((((((((((.(((..((((((.......((((((.......))))))...(((((((((((((((((((......(((((....)))))))))))))).)))..)))))))((((((((...((((.(((((..............))))).))))...))))))))))))))..))).)))))))))).....))).))))))).))))))).....((((((((((((...(((.(((((((.....((((((((((((((((((......))))).))))))).............))))))((((((((.(......).))).))))).........(((((((.(((((((.((((((((((((.((((.......)))).))))))))))(((....)))......)).))))))).)))))))((((((((((((((((((((..((((........))))(((.(((((......((((((((.((((((((...))))).))).))))))))((((((......((((((((...((((.((((((((.(((((...(((.......))).))))).)))(((.(((..(((...))).))).))).(((((((...(((((.(........).)))))...)))))))......((((((.......))))))..))))).)))))))))))).....))))))....)))))))).))))))))))).)))))).)))..........))))))).))))))))))))))).(((((...)))))))))))).))).))))))))..)))))............)))))))......))).)))))))))).))).)))..............((......))....))))))))))))).)).....((((........)))).(((((((......).))))))..(((((((((........))))))))).((.....))((((....))))(((((((..................(((((((((((...)))))...))))))...((((.(((.((((..(((....)))....((((((((..(((.((.(((((.(.......)))))).............(((((((.....((((...(((..((((((((((.(.(((((......)))))..).))))))))))..)))...))))((.....)).((((.....((...(((((((..((......))..)))))))...))((((....)))))))).)))))))((((....)))).)).))).))))))))((((((((((..((.......))..)))))))).)).((((.....)))).(((.....(((((((..(((.((((((((..((((((.((((((((((....)))......((((((((.((....((((......))))..)).)))))))).....))))))).)))))).))))..))))...))).)).))))).....))))))).))).))))))))))).....)))))))).......)))).((((....)))).....))))))))))))))))))))....))))((.(......).))
uniform_086,-721.2999877929688,(((((((........)))......((((((((((((((((((((...............................................((((....)))).....(((((((((((((((((((((((((((((.(((((..((((...(((((...)))))...))))((.(((.(((((..((((((......(((.((((.(((.........))).)))).))).......))))))..)))((((((((.....)))))))).)).))).)).....(((..((.(((((((((((...(((.((....)).)))....)))))..(((((((((.((((.((((((((..........)))))(((((((((.(((..((((((.......((((((.......))))))...(((((((((((((((((((......(((((....)))))))))))))).)))..)))))))((((((((...((((.(((((..............))))).))))...))))))))))))))..))).)))))))))..((((((((((((......(((((.((....))))))).....))))))....((........)).((((((((((((......))))).))))))).((((((((.((....((((((((((..(((......))))))).)))))).....)).)))))))).(((..((((((((((.((((.......)))).))))))))))))).((((((((.((((.......((((((((((....)))))))..)))..))))))))))))))))))....((((((..((((.....(((((((.(((((((..((((((((((.((((((((((((((....((((.((.(((....))).)).)))).......)))).)))))))...))).))).)))))))..))))))).)))))))))))....))))))))))))).((..(((((....))))).))..........(((((((((.......(((((((.((........)).)))))))..)))))))))))))))))).)))))).))..))).........))))).)))))))((((((.((((......))))))))))...)))))))))))).(((((((((.((.(((......((((((.(.....((((.(((((...((((((((((((((((.......((((...((.......))))))((.....))(((((..((((((...((((((..(((.....))).))))))...)))))...)..)))))))))))))))....))))))...))))).))))).))))))((((((.......((((...((((((.((((((((.(...(((((((((((((((.(((((((((((.....((....(((.(((.(.((((((.....(((.((((.(((.(((...............)))..)))..)))).)))((((((((((((((.(((((.(((((...))))).).).)))..)))))))....(((.((......)).))).............(((....)))..((((((........)))))).))))))))))))).).)))...)))...))))).)))))))).)))))).))))....)))))).))))))))....))))))...)))).......))))))......((.(((((((.((....)).)))(((....)))..((((((((((..(((.((((..(.((((....(((((((((....((..(((....((.....))..)))..)).))))))))))))))..)))).))).))))..))))))))))))))).))))))))))).......))))))....))))((.((((....)))).))..))))))))))))))))))))....))))((.(......).))
uniform_087,-708.7000122070312,(((((((........)))......((((((((((((((((((((...............................................((((....))))......(((((((........))))))).((((..(((((((..((..((...(((((.((..(((((((...((((((((((((((((......(((.((((.(((.........))).)))).))).......))))......(((((((((.....))))))))).((.((((.((((.((.((((((((((((..((((((.((((..((...(((((((((.(((..((((((.((((((....(((((..........)))))..(((((((.(((..((((((.......((((((.......))))))...(((((((((((((((((((......(((((....)))))))))))))).)))..)))))))((((((((...((((.(((((..............))))).))))...))))))))))))))..))).)))))))((((((....))))))..((((((..(((((.((.((((.((((((((((((((.........((((((((((((((((((......))))).))))))).............))))))((((.((.((((.((((.((((((((((..........................((((((((((.((((.......)))).))))))))))(((....)))..))))))))))....)))).)))).)).))))(((((((......))))))).(((((((((((((((((....)))......(((((...((((((((.(.....).)))))))))))))......))).)))).)))))))))))))..))))))))...((((.(((((...((((.(((...))).)))).....))))))))).((((((........))))))(((((...(((((.....)))))....))))))))).))))))).))))))((((((((((..(((((((((((.((((((.....(((((((.((((((.((.((((((((((......)))))...)))))))))))))..(((..........)))(((((.((((((.(((...))).)))))))))))...((((((.((.((..(((((((...)))))))..((((....))))....................)).)).)))))).))))))).....(((..(((((((..............)))))))..)))....)))))).)))).(((((((.((((((....((((((..((........))..))))))....))))))...)).))))).)))).))))))))......))))))))))))))))))))))))))......)))...)).........(((.((......)).))).))))))))))..))).((((((........))).))).....)))))).))).)))))).)))).)).((.....)).........))))))))))))............))))))).)))))))))..))..)))))))...))))..(((((((((.....(((((((.........(((.((((((....)))))))))...(((((((((....((.(.((........)).).))....)))))))))((((.(((((((.((((((...((((((((((....(((((((((((.(.......).))))))((((.(((...))).)))).......................)))))))))))...)))).))))))...((.....))....((((......))))))))))).)))).))))))).....)))))))))((.((((....)))).))..))))))))))))))))))))....))))((.(......).))
uniform_088,-724.0,(((((((........)))......((((((((((((((((((((...............................................((((....))))......(((((((........)))))))(((((((((((((.((((...(((((...)))))...))))....((.(((((..((((((......(((.((((.(((.........))).)))).))).......))))))..))))).)).))))))))))).))......(((((((...........(((((((((((...(((.((....)).)))....)))).....)))..)))).......(((((..........)))))..(((((((.(((..((((((.......((((((.......))))))...(((((((((((((((((((......(((((....)))))))))))))).)))..)))))))((((((((...((((.(((((..............))))).))))...))))))))))))))..))).)))))))((((((....)))))))))))))(((((((..(((((((..(((((..(((((.((((((...(.((((((((((((((((......))))).)))))))............(((((((((((..((((.....))))(((((((((..........................((((((((((.((((.......)))).))))))))))(((....)))..)))))))))...((.((((((.((((((((((((....)))...))))))))).)))))).)).))))))).)))).)))).).))))))..)))))((((((((.(...(((((.((....)))))))......).)))).)))).........(((........))))))))..))))))).)))))))(((((((..(((.(...(((...(((((((((((.((((((.....)))))).......(((....))).(((((((.........((..(((((((((....(.((((..((((.......))))..)))).)...))))))))).))((......))....((((.((((((((....(((((((......(((.(((((.((((((((((((((......)))))...)))))))..)).))).)).)))(((((((.(((((......((((((....((....))..)))))).(((((...((...((....))...))...))))))))))))))))))))))))......(((.(((((((((((...(((((((......(((..((.((....(((.((.(((((((((((((..(.(((((........))))).........(((((....)))))...)..)))))))....))))))..)))))....)).))....((((..((((..(((.((((((((((.(((((((((((...))))))..)))))))))))))..)).)))..)))).....)))).....)))......)))))))...(((..((...))..)))..((((((.((....))..)))))).((((((((((.(((.......)))))))))).)))((((...((((((.((..(((((....))))).(((((((..((((((.(((..(((((........)))))))).......((((((((((((......))).))))...)))))((((((((........))))))))...))))))..)))))))..((((((((........((.((.((((.........)))).))))))))))))))))))))))))..))))))))))).))))))))))))))))))))))))))))).))))...)))))))..)))))))...........))))))))))))))))))))....))))((.(......).))
uniform_089,-737.2000122070312,(((((((........)))......((((((((((((((((((((...............................................((((....))))......(((((((........)))))))(((((((((((((.((((...(((((...)))))...))))....((.(((((..((((((......(((.((((.(((.........))).)))).))).......))))))..))))).)).))))))))))).)).((((((((((.(((((...(((((((...(((((...(((.((....)).)))....)))))...))).....(((.((((((.(((((....((.(((..((((((((((.(((..((((((.......((((((.......))))))...(((((((((((((((((((......(((((....)))))))))))))).)))..)))))))((((((((...((((.(((((..............))))).))))...))))))))))))))..))).)))))))))).....))).))))))).)))))))))........((((.(.....).)))).........((((((((((((((((((......))))).))))))).............))))))..))))((((.....))))(((((((((..........................((((((((((.((((.......)))).))))))))))(((....)))..))))))))).....))))).))))))))))..........((((.((((((((((..((.((((((((.((((..((.....(((((((....(((((((...)))))))...)))))))....))..)))).)).)))))).)).)))))))))))))).....(((((((...((((((((((((.((((.(((((.....))))).))))..)))).((((((((((((.........(((...((...(((((((..(((((.....))))).))))))).)))))..)))))))))))).(((((((......))))))).))))))......(((((......)))))(((((((((.(((((((((((((((((((((.(......).)))))))..)))((((.((((.....)))).))))((.(((...((((.(((((((.((((((......((((.....(((((............)))))..))))(((...((((((.........)))))))))..(((((((((((((.((((((((..((..(((((((((((((..............)))))))...((((((..((((((((..((((........))))......(.((((.((((......)))))))).)))))))))...))))))..((((((...........(((..(((......))))))..((...((((((.(((((((.((........((.((((((((((.(..((((((.....))))))..)))).((((.((......)).))))))))))))).......))))))))).)))))).))...)))))).......)))))).))..)))))))).)))).....)))))))))...(((((....(((.(((((...((((((((((.(.((((.(((.(((((((.(((((((....)))))))........((.((((((.......)))))).))((((...(((((.(.(.((((((((....)))))))).).))))))..))))..........)).)))))..)))...))))...).))))))))))))))))))..)))))..)))))).)))))))))))..)))))........))))))).)))))).))))))).))...))))))).))))))))))))))))))))....))))((.(......).))
uniform_090,-733.7000122070312,(((((((........)))......((((((((((((((((((((...............................................((((....))))......(((((((........)))))))((((...))))...((((...(((((...)))))...))))....(((((((((.((((((......(((.((((.(((.........))).)))).))).......))))))....(((((((((.....)))))))))(((......)))(((((((((...(((((((((..........(((((((((..............(((.(((((......(((((..........)))))(((((((((.(((..((((((.......((((((.......))))))...(((((((((((((((((((......(((((....)))))))))))))).)))..)))))))((((((((...((((.(((((..............))))).))))...))))))))))))))..))).)))))))))((((....))))((((((((((..((..((((((((.((((..((((((.((..(((((..((((((((((((((((((......))))).))))))).............))))))(((.((((((((.((((..(((((((((..........................((((((((((.((((.......)))).))))))))))(((....)))..))))))))).....)))).)))).).))).)))..((((((((.((((((((((((..((((..(((....)))..))))((((((..(((........)))..))))))((((.(((.............))).))))......)))))))))))))))))))).((.(((.((((.....)))).)))))))))).)).)))))).......(((.((((....((((((.....))))))))))))).....))))..))))))))))..)))))))))).(((((((((.(((.(((((.((((((.(((((((((((((.(((((....((((.((...(((((...)))))...)).)))).))))).))))))..(((.(((.((((((.((..(((.((((....)))).)))((((((((((((..((((.......))))..))).)))))))))........))))))..........)).))).)))))))))).((((((.........))))))((((...))))..((((....))))((((((....(((.............)))....).)))))......)))))).)))))))).)))))))))....)))))))).....(((((.(((.....))).))))))))))))))....((((...........))))....(((.(((((..((...))..))))).)))((((.((((((...)))))).))))))))))))))))))))))(((..................)))....((((....)))))))))))))(((((...((((........))))(((((.(((...))))))))..(((((.(((.((..((...(((((((.......((.((((.((((((((((.(((((((((((((...))))))))))))).)))).....)))))))))).)).(((((((...((((((.(((((((((((((.((((((((.((((((.....)))))).))))....(((...)))))))..))))))))))))).........(((......)))((.((..(.(((.....))))..)).))..((((...)))).))))))...)))).)))....)))))))...))..)).))).))))).........))))).))))))))))))))))))))....))))((.(......).))
uniform_091,-724.0999755859375,(((((((........)))......((((((((((((((((((((...............................................((((....))))(((((((((((((........)))))))...((((((((((.((((...(((((...)))))...))))....((.(((((..((((((......(((.((((.(((.........))).)))).))).......))))))..))))).)).))))))))))((((((.....))))))..))))))...(((...(((((...(((.((....)).)))....)))))...)))..(((((((.....(((((..........)))))(((((((((.(((..((((((.......((((((.......))))))...(((((((((((((((((((......(((((....)))))))))))))).)))..)))))))((((((((...((((.(((((..............))))).))))...))))))))))))))..))).)))))))))......((((.(((((((((((((((((.....((((((....((((((.(((((......((((((((((((((((((......))))).))))))).............))))))..(((((.((((.((((.((((((((((..........................((((((((((.((((.......)))).))))))))))(((....)))..))))))))))..))))((((((((((.(((((...........))))).))))))))))..)))).))))).(.((((..((.((((((...))))))))..)))).)..))))))))))).....)))))).(((((((.((((((..(((((((((...(((....)))...)))))))))..))).((((.......)))).((((((....))))))...))).))))))).)))).))))))).))))..)).)))))))))))....(((((((..((.((((((..((((((.......(((....)))((((((((((...(((......))).))))).))))).((((.((((((((.((((((..(((..((((.((....)).)))).)))(((((((((((....(((((((.((((((((.((...((((.(((...(((((((....(((((((........))))))).....))))))).....))).)))).((((((((.(((.(((..((......))..))).)))((.(((((((.(((((.....)))))...))))))).))((((((..((........))..)))))).))))))))..........((((.(((((((((.(((((...(((((((.(((((((.............)))))))...(((......(((((..((((((..((((..(.(((...(((.((((..(((........))).)))))))..))).)..))))...))))))...)))))......)))......(((((((((.((((...(((((.........)))))))))..))))))).))......(((((((((((................)))).)))))))..)))))))....)))))))))))))))))))))))))))).)))..))))((((.((....)).)))).(((((((((((((((....((.((((((((((.(((..((...(((...((.(((.((((.....)))).)))))....)))......))..)))(.((.....)).)...))))))...)))).))))))).))))).))))).)))))))))))))))))))))..........)))).))))))))))....)))))).))....)))))))))))))))))))))))))))....))))((.(......).))
uniform_092,-704.7999877929688,(((((((........)))......((((((((((((((((((((......................................(((((((..((((....))))(((((((((((((........)))))))...((((((((((.((((...(((((...)))))...))))....((.(((((..((((((......(((.((((.(((.........))).)))).))).......))))))..))))).)).))))))))))((((((.....))))))..)))))).((((((((..((((.((((.((((.(((.(((.....(.((((((((.....(((.((((((.(((((....((.(((..((((((((((.(((..((((((.......((((((.......))))))...(((((((((((((((((((......(((((....)))))))))))))).)))..)))))))((((((((...((((.(((((..............))))).))))...))))))))))))))..))).)))))))))).....))).))))))).))))))))).(((((((.((((((((..((((((.(((((...((((((((((((((((((......))))).))))))).............))))))...((((((((((((((((((.((((((((((((....................((((((((((.((((.......)))).))))))))))((((.((((((((((((...)))))....(((.((........)).))).......)))))))(((((....)))))..))))))))))..)))).)).))))))).)))((.(((((....))))).)).........))))))))...)))))...)))))))))))).))((((((.....)))))))))))))..)))))))).)..))))))(((((((((((((.......(((((.(((...((((..(((((..(((((((((...((.(((.....((((((((((........)))))).))))..)))))(((((((((((.(((..((((((...((.(((((......))))).))...))))))..))).)....)))))))))).............))))))))))))))..))))..)))...))))))))))))))))))((((((((((((((....((((...........))))........(((((..((...))..)))))..))))).........)))))))))))))))))))))..))))))))((((((...................))))))......((((((.....))))))...)))))))......(((((((((((.(.((((.......(((((((((((((..(((......((((.......))))(((((......(((((..((...))..)))))..........((((((.......))).)))..(((..((((....(((((....((((((........(((....((((....))))......))).........(((........))))))))))))))....)).))..))))))))((((((((((..((.((((.((((((((((((.((..((....((.((((.(((((((....((((((.((((((....)))).((.(((...))).))(((((((.((.....)).)))))))..(((((((((((((((..((.((((....)))))).))))))....))))))))).)).))))))....))))))).)))).))...))..)).)).)))).....)))))).)))).))...))))))))))..))).))))))))))))).........))))..).))))).))))))...........))))))))))))))))))))....))))((.(......).))
uniform_093,-718.9000244140625,(((((((........)))......((((((((((((((((((((...............................................((((....))))......(((((((........)))))))..((((((((((((((((...(((((...)))))...))))(((((.((((((..((((((......(((.((((.(((.........))).)))).))).......))))))..)))((((((((.....)))))))).(((((..((((((((((((((((((...(((((...(((.((....)).)))....)))))...))).....(((.((((((.(((((....((.(((..((((((((((.(((..((((((.......((((((.......))))))...(((((((((((((((((((......(((((....)))))))))))))).)))..)))))))((((((((...((((.(((((..............))))).))))...))))))))))))))..))).)))))))))).....))).))))))).)))))))))..((((..(((((((......((((((((((..(((....((((((((((((......))))).))))))).......(((((...(((((((.(((((((((((((..(((((((((..........................((((((((((.((((.......)))).))))))))))(((....)))..)))))))))....))).)))))).).))).))))))))))))..(((((((.......))))))).(((.((((.(((.....((((.....((((((((((...(((((((((((......)).)))))))..))...)))))))))).......))))....))).)))).))).))))))))..)))))......)))))))..))))..))))...))))))))))).)))))...))).)))))..(((((((.(((((((((((.....((((.(......))))).))))))...(((((((..((((((((((((((((((.........))))..))))))..((((..(((((((..(((((............(((((.(((((((((((((((((.(((.(((((.(((......(((((.....)))))....)))))))))).....).))))))))).........((((((....(((.((......)).)))(((..(((((...)))))..))).(((((((.(((......(((((((((((...((((...))))...))))).)))))).....))))))))))...)))))).....))))....)))).)))))(((((...((((((.....))))))))))).)))))...)))))))...))))..))))))))....)))))))....))))))))))))...(((((.(((((((((...(((((((.((((((.((((.((.(((((......)))))..)).))))...))))))...)).)))))..)))))...))))..)))))....(((..(((.(((((....((((.((((....)))).))))(((((((((.((((((..((((((.....)))))))))))).)))))))))..(((((((...))))))))))))))))))(((((.(...(((.(((..(((((((((.((((((((((.((((((((((............)))..))))))).))).....))))))).))))..............((((.........))))..((..(.(((.....))))..)).....((((...))))..)))))..))))))....).))))))))))))).......)))).((((....)))).....))))))))))))))))))))....))))((.(......).))
uniform_094,-719.5,(((((((........)))......((((((((((((((((((((..........(((((................................((((....))))......(((((((........)))))))..(((((((((((.((((...(((((...)))))...)))).(((((.........(((((......(((.((((.(((.........))).)))).))).......))))))))))(((((((((.....))))))))).......(((((.(((((((((((((((((((((..(((((.((((...(((((..((((((........((.((((((((((((.(((...((.(((..((((((((((.(((..((((((.......((((((.......))))))...(((((((((((((((((((......(((((....)))))))))))))).)))..)))))))((((((((...((((.(((((..............))))).))))...))))))))))))))..))).)))))))))).....))).))...))).)))))).....(((((((((((((((((((((((((............((((((((((((......))))).)))))))......((((..(((((.(((((((((((((.((((.((((((((((..........................((((((((((.((((.......)))).))))))))))(((....)))..))))))))))..))))...)))).....((((((...((.(((...(((((............)))))...)))))...)))))).))))))))).))))))))).....)))))).)))..)))))).)))))..))))).((((((((.....(((.(((((...)))))..))))))))))))))))).))..))))))....)))))...)))).....(((.(((((.....))))))))............(((((.((((......))..)).)))))..(((((.((((((((((......)))))))))).))))).)))))..))))))(((.(.......).)))))))))).))))))))))).)).))))))).)))).)))))((((((((((...(((((.((((.......((.((.((((.(((....((((((((............(((((.......)))))(((..((((((((..((((...((.((..(((((....))).))..))))...)))).))).)))))..)))((((((((((.((((.......((((................(((.((......)).))).(((.(((((((((((((((((.((..(((((.((.....))))))).)).))).......(((((((.............((((....))))..)))))))....)))))).))))))))))).(((((..(((((...((((..........))))((((.....))))..((((((((.....((((....)))).((((..((....((((((.........)))))).))..))))......(((((..((.(((((((......)).))))).))))))).......))))))))...(((((((((..(((.(((....))).)))((......((((((.((......))..))))))...))(((((((.......)))))))...((((((.((.(((...((..(((....)))...)).))).))..))))))........)))))))))..............))))).))))))))).....)))).)))))))))))))))))))))))))..))))........))))))))).)))))).))))................))))))))))))))))))))....))))((.(......).))
uniform_095,-721.2999877929688,(((((((........)))......((((((((((((((((((((...............................................((((....))))......(((((((........)))))))..((((.(((.(((((((...(((((...)))))...))))((((((((((((..((((((......(((.((((.(((.........))).)))).))).......))))))..))(((((((((.....))))))))).(((((.(((((((.(((((...))))))))))....)))))))((.((((((..........(((((((((((((((((.(((((..........)))))..(((((((.(((..((((((.......((((((.......))))))...(((((((((((((((((((......(((((....)))))))))))))).)))..)))))))((((((((...((((.(((((..............))))).))))...))))))))))))))..))).)))))))((((((....))))))..((......))(((((((((((((((.((((..(((..(((.....((((((((((((((((((......))))).))))))).............))))))((((((((.(......).))).)))))...........................((((((((((.((((.......)))).))))))))))(((....))).....(((((((.....(((.....)))..)))))))...(((.(((.((((.(((........))).))))))))))....(((((((...((.....))..))))))).....)))..))).))))...)))))).)).)))))))((((((.((......)).))))))..((((((((((.(((((.........))))).)))))))))).)))..)))))))).))))))..((.((((((......((.((..((((((((((((((....)))).))))))))))..)).))..((((((((....))))))))(((((((((((........((((..(((((.((......)))))))))))))))))))..)))(((((.....))))))))))).))((((.((.........(((((((.(((((((.((((((((((((((.((.....))))))).......))).)))))).)))))).).))))))))).))))(((((.(((((.((((((...)))))).)))))..))))))))))).)).((((((((....)))....)))))...........(((.((((((...(((((((.((..((((..((((((..(((.....))).)))))).....))))..)).)))).)))...))))......)).))).....))))))))))(((((((((.((....((..(((((...)))))..))......))..)))))))))(((((((((((......(((((..................)))))....(((((((..((((((((((((..(((.((((((((.(..(..((((........))))....)..).))))).)))..)))..)))))))).)))).((((((((((((..(((((((.(((((.(.((((((....))))))...).)))...(((((((.((...((((((.((((..(((.....((((.(((....))).))))....)))...))).).))))))...)).))))))))).)))))))..))..((((.........)))).))))))))))..((.(((..........((((...)))).........))))))))))))))))))).)))).)))))).)))).((((....)))).....))))))))))))))))))))....))))((.(......).))
uniform_096,-737.2000122070312,(((((((........)))......((((((((((((((((((((...............................................((((....))))......(((((((........)))))))(((((((((((((.((((...(((((...)))))...))))....((.(((((..((((((......(((.((((.(((.........))).)))).))).......))))))..))))).)).))))))))))).)).((((((.((((((((.(((((((((....(((((...(((.((....)).)))....))))).....((((.(((((((((((.(((((....((.(((..((((((((((.(((..((((((.......((((((.......))))))...(((((((((((((((((((......(((((....)))))))))))))).)))..)))))))((((((((...((((.(((((..............))))).))))...))))))))))))))..))).)))))))))).....))).))))))).))))))).........(((...)))...)))).))))......((((((((((((((((((......))))).))))))).............)))))).)))).((((.....))))(((((((((..........................((((((((((.((((.......)))).))))))))))(((....)))..)))))))))...)))))))))....))))..))))))((((((.((((((((((..((((((.((((((((..........(((((((((((.((.(((((((.((((((((......))))))..)).))))))).)))))((((((.....))))))......((((((.((.((.((((((((((..........)))))))))).)))).)).))))((....))(((((.(.((((.....)))....).).)))))(((((..((.....(((((.((((.....)))))))))))..))))))))))))))))))))).))))))......))).))))))).))))))...(((((((..(((((((.((((...))))..(((.((..((((.(((((((.(((((((.((((((....(((....((((((((((....))))))))))..((((((((..((((((....(((((...((........))...)))))....)))))).....)))))))).(((((........)))))...(((((..(((.......)))..).))))(((((((......(((((.((((((..(..((((((..((((((.(((((..(((((.((((...(((....))))))).)))))(((((((..........)))))))...(((....))).((((......))))..)))))..)))))).))))))..)...))))).).)))))....(((((....)))))..)))))))..(((((.....((((((..((........))..)))))).....)))))...(((....))).(((((..((((......(((((.((.((((((.((...)).)))))).)))))))))))..))))))))..))))))....)))))))..(((((((........)))).)))..((((..(((((((....((((((..........)))))).)))))))))))(((((((((..((((.(..(((....(((((((.(((((.(....((..(((...............)))..)).).))))))))))))....))).))))).))))))))))))))))))))...))))).......)))))))..)))))))((.((((....)))).))..))))))))))))))))))))....))))((.(......).))
composition_shuffle_001,-758.7000122070312,(((((((........)))......((((((((((((((((((((...............................................((((....))))......(((((((........)))))))(((((((((((((.((((...(((((...)))))...))))....((.(((((..((((((......(((.((((.(((.........))).)))).))).......))))))..))))).)).))))))))))).))...(((((.(((((((.(((((...))))))))))....)))))))((((((((...........((((..(((((.(((((((.(((((....((.(((..((((((((((.(((..((((((.......((((((.......))))))...(((((((((((((((((((......(((((....)))))))))))))).)))..)))))))((((((((...((((.(((((..............))))).))))...))))))))))))))..))).)))))))))).....))).))))))).))))))).....(((((((((.(.....).))))..((........)).((((((((((((......))))).))))))).............(((((((.((((((((.(((....((((((((((..........................((((((((((.((((.......)))).))))))))))(((....)))..))))))))))....((((....))))...(.(((((((......))))))))))).))).)))))..)))).))).((((((((.......((.(((.(((......))).))).))........))))))))...)))))((((((.........)))))).........))))).))))))))).))).((((((((((.((((.((((.(((((..(((((((.((((((((((((((.((((((((......((((.(((((.((....((((((........)))))))).))))).))))..(.((((..(((((((....))))))).)))).).....)))))))).))))...)))))))))).))))))).....((((((((.....))))))))((..(((((((.(((.((((..((....))..)))).))).(((.......((((....)))).......))).)))))))..))((((((.(((.((((((((((...........)))))((((...))))...(((((((((((..(((((...(((.((((((.(((((((((...(((((.....(((......))).)))))...)))))).....))).))).))))))...))))).)))))))))))(((((((.((((.((........))))))..)))))))....((.(.(((((((.((.(((.((((........)))((((((.(((((..((((((((((.(((((((.((((((....((((........((.......)).......)))))))))))(((((((((((((((...((((((.(..(.......((((....))))...)..).)))))).)))))....))))))))))((((((((((((((......).).))))))))))))...(((((......))))).))))......)).))))..)))))).(((((........((((((((.((.(((((((..((......)).)).))))).))......)))))))).......)))))...(((.........)))...)))))))))))).))).)).))))))).).)))))))..))).))))))............))))).)))))))).)))....)))))))...........))))))))))))))))))))....))))((.(......).))
composition_shuffle_002,-767.4000244140625,(((((((........)))......((((((((((((((((((((...............................................((((....))))......(((((((........)))))))...((((((((((.((((...(((((...)))))...))))....((.(((((..((((((......(((.((((.(((.........))).)))).))).......))))))..))))).)).))))))))))((((((((.((..((....((((((((...(((((((((.......((((((((((((...........((((((....((((((..(((((..........)))))(((((((((.(((..((((((.......((((((.......))))))...(((((((((((((((((((......(((((....)))))))))))))).)))..)))))))((((((((...((((.(((((..............))))).))))...))))))))))))))..))).)))))))))((((.(((((..(((((..((((.((..(((((((((..((.......((....))........(((((((((.(((........(((((.((((((..((((((((.((....((((((((((..(((......))))))).)))))).....)).))))))))..)))))).))))).......((((((((((.(((.((.(((((((.....(((...)))..)))))))..)).))).))))))))))((((((((.((((((.(...............(((((..((....))..))))).......((((.(((((.......))))).))))..).))))))))))))))))).)))))))))...(((((.((((((((((((((.(((((....))))).))....(((.((....)).)))..((....))(((.(((((..((((.(((.((((((((....)))).))))))))))).....))))))))........)))).))).)))))..)))))))..))))))))))))))).)))))..)))))))))...))))))))))))))))))))((((((((((((((((.....))))))).)))))))))(((((((((((.....((((......((((....((((...(((((((......((((...........))))......)))..))))...))))..))))..))))......)))))))))))...)))))))))))))))))))))(((((((..(((((((.((((.(((.............(((((..((...))..)))))))).)).....)).)))).)))..((((((((......))).))))))))))))))..))..))))))))...((((((((((..((((.((((((((.(((....((((((((....((..(((((..........)).)))..))((((.(((..((((..((((((................)))))).....))))..))).)))).)))))))).......((((((....(((.....)))((.(((((.....((((((((.((((((((((((((.(((((((((.....))))...((((((((.(......).)))))))).....(.((((((((......)))))))).).(((((((...))))))).))))))))..((((((......)))))).....))).))))).))).(((((((((((((....((..(((.((........))..)))..)).)))))))))..)))).)))))))))))))...))))))))...)))...))))))))...)))).............))))))))))............))))))))))))))))))))....))))((.(......).))
composition_shuffle_003,-768.5,(((((((........)))......((((((((((((((((((((...............................................((((....)))).((((((((((((........)))))))..(((((((((((.((((...(((((...)))))...))))....((.(((((..((((((......(((.((((.(((.........))).)))).))).......))))))..))))).)).))))))))))).(((((((((.(((((..((((((((((((...(((((...(((.((....)).)))....)))))...))(((.((((((.....(((((..........)))))...((((((.(((..((((((.......((((((.......))))))...(((((((((((((((((((......(((((....)))))))))))))).)))..)))))))((((((((...((((.(((((..............))))).))))...))))))))))))))..))).)))))))))).)).)))..(((((..((((((((.((((.....((((.(.....).))))..((........)).((((((((((((......))))).))))))).((((((((.((....((((((((((..(((......))))))).)))))).....)).)))))))).(((..((((((((((.((((.......)))).)))))))))))))..(((((((((((((((((((.((((...))))..))))))).)))....)).)))))))((....))..)))).)))))))).....)))))...........))))))))))...))))).)))).))))).)))))((((.(((((((..(((((.(.(((..((((......).)))))).).)))))....((((((....(((((.((((.((((..((..(((((.((((((((((((((((((.((((((((((((((.(((((((((((((((.......))))))).(((((.((((..((....)))))).)).)))((((((...)))))).(((((((......)))))))..)))))))).))))))))...........)))))).))))))))).)))))).)))..)))))....(((((((..((....((((((((((.((.(....((((....))))..))).))).)))))))...))..)))))))..)).))))))))))))).....(((((((((((.((((((((((....)))).)))..))).)).)))..)))))).))))))..(.((((((.....((((((((..........((((((........))))))...((((((..((((....))))..)))))).((((((.((.(((..(((((((.((((.(((....(((((..((...))..)))))..))).....(((((.((.....)))))))...)))).)))))))....))).)).)))))).....(((........)))...((((((.((((((((((((((((.((.....(((((..........)))))))))))))).....(((..((((((((((..((((((((((....(.(((((((((((.(((((((...((((.(((.(((.((((((......))).(((((......)))))((.((...((((((.(((.......))).)))))).)).)).))).))).))).))))....)))).))).)))))).))))).)......)).)))))))).)).......))))))))..)))..((.(((..........)))))))))).)))).))))))..)))))))).)))))))......))))))).))))................))))))))))))))))))))....))))((.(......).))
composition_shuffle_004,-775.7999877929688,(((((((........)))......((((((((((((((((((((...............................................((((....))))(((((((((((((........)))))))...((((((((((.((((...(((((...)))))...))))....((.(((((..((((((......(((.((((.(((.........))).)))).))).......))))))..))))).)).))))))))))((((((.....))))))..))))))....(((((..(((.((((((.(.((((((.................(((.((((((.....(((((..........)))))..(((((((.(((..((((((.......((((((.......))))))...(((((((((((((((((((......(((((....)))))))))))))).)))..)))))))((((((((...((((.(((((..............))))).))))...))))))))))))))..))).)))))))((((((....)))))).((((.(((((.(.(((((((.(((((((.....((....)).....((((((((((((((((((......))))).))))))).............)))))).)))).((((...((((((.(((....((((...((((((((.......(((..((((((((((.((((.......)))).)))))))))))))(((((((((...(((.((.....((((((.((......)).))).)))))))))))))))))..((((.(((((...(((((..((((((((.....((((((((((.(((((.....))))).)))))(((((((((.((.(((..(((.(((..((((((....))))).)..)))))).))))).)))).)))))((((((((((((((((((((((....((((((((((((((((((..(((((((((...)))..))))))...)))))))....))))...))).))))...)))))))))..)).)))))).)))))(((((((((...))))))))).)))))........))))))))))))))))))))))((((((((.((((((.....))))))...(((.(((((((((((((.........)))..)))))))))))))))))))))..))))))))....))))))).)))))).))))....))).))))))).)))))))))).((((((...))))))............((((....))))...)))))))))..(((((.((.(.........).))))))).)))))).).)))))))))....)))))........((((((((....((((.(.(((.(((((((((.(((.(.(((..((((((...(........)...)))))).((.((((((.(((.(((((((((((((((((((((((((((....(((..(((.(.((......)).)))))))....((((((.....(((............)))))))))).)))...))))).)))))))).....((..((((..((..(((((((((....))))).))))..)).)).))..)))))))))))).))).(((.(((.((((.(.(((((((((.((((((((((((((....)))((((((((.......))))))))..(((.(.......).))).)))))))).((((((......))))))..(((.((((.....))))..)))))).))))))))).).)))).))).))).........((.((..(.(((.....))))..)).))...(((...))))))))).)).)))).))).)))))))))))).))))).....))))))))..............))))))))))))))))))))....))))((.(......).))
composition_shuffle_005,-755.0999755859375,(((((((........)))......((((((((((((((((((((...............................................((((....))))......(((((((........)))))))...((((((((((.((((...(((((...)))))...))))....((.(((((..((((((......(((.((((.(((.........))).)))).))).......))))))..))))).)).))))))))))((((((.....))))))..((((((((((((((((((((...(((.((....)).)))....))))).....((((.(((((((((((.(((((....((.(((..((((((((((.(((..((((((.......((((((.......))))))...(((((((((((((((((((......(((((....)))))))))))))).)))..)))))))((((((((...((((.(((((..............))))).))))...))))))))))))))..))).)))))))))).....))).))))))).))))))).........(((...)))...)))).))))......((((((((((((((((((......))))).))))))).............))))))((((((((.(......).))).)))))...........................((((((((((.((((.......)))).))))))))))(((....))).((((((((((((....((((((((......))(((((((......))))))).........(((((((.((...((((((.......)))))))).)))))))))))))....))))).......)))))))))))))).))))))))((((......))))....(((((((((((((((((((.(((.((......(.(((.((((((....((((..(..(.(((.(((((((((.((((((((((((.((.(((((..(((((((.((((((((((((...)).))))))))))((((.((((((.((((((..((((((((...))))))))..)))).((((((...)))))).((....)).((......))....((((((.....)))))))))))))).)))).)))))))..((((((((........((((.((....)).))))))))))))((((...........))))........))))).)).)))))))))))).(((((.....(((((((.....(((......(((((.((.((((((.....((.(((((.(..(........)..).)))))...))......)))))))))))))((((((...))))))(((((......((((......))))...)))))...))).....))))))))))))..)))))))))...))).)..)..))))..))))))))).).....)).))))))))........))))))))))).)))(((((.....)))))..........(((((((((((...((((((.(((((((((...((((..((((.....(((((((........))).)))).((.(((.(((..((((((((....((((((((((((((((.(((((...(((((((((((((.(((.....))))))))))...)))).))))))).))))))....((((.....((((((...))))))...))))..(((((.((.(((((((((((.((...)).))))))......))).)).)).)))))..)).))))))))..........))))))))..)))..)))..))))))..).)))...))))).)))).))))))...))).........(((....))).......))))))))............))))))))))))))))))))....))))((.(......).))
composition_shuffle_006,-775.9000244140625,(((((((........)))......((((((((((((((((((((...............................................((((....)))).....((((..((((((((((((((((((((((((((((((.((((...(((((...)))))...))))....((.(((((..((((((......(((.((((.(((.........))).)))).))).......))))))..))))).)).))))))))))).)))..(((((.(((((((.(((((...))))))))))....)))))))....................((((((.(((((((((.(((((..........)))))(((((((((.(((..((((((.......((((((.......))))))...(((((((((((((((((((......(((((....)))))))))))))).)))..)))))))((((((((...((((.(((((..............))))).))))...))))))))))))))..))).)))))))))...(((((((((((......(((((.((....))))))).....))))))....((........)).((((((((((((......))))).))))))).((((((((.((....((((((((((..(((......))))))).)))))).....)).)))))))).)))))((((((((((.((((.......)))).))))))))))(((....))).....((.((((((..(((((((((........).)).))))))..))))))))((((.((.((((((......)))))).)).))))((((((.....))))))((((((((((((.((.((.......)).)).)))))))))..)))......(((((((((.(((((.((..((((((((..((((.((((..((((((.((.((((.(((((((.(((((.((((((((((((((((.((.(....).))))))))).))))))..........)))..))))).)))))))...)))).)).))))))..).))).))))))))))))...)).))).)).)).))))))))))..))))))))))))...(((((...))))).))))))))))...(((((((((((((((((((.(((((((((((...(((.......)))...)))).)))))))((((...........))))((.((.....)).))(((((.((.....))))))).....)))))))))))......))).)))))((((.((((((((.....(((((((...(((((...((.......))(((((..((...))..))))).))))).....((((.(((((((.(((..((((....)))))))))))))).))))......(((....))).......))))))).((((((.(((((((((...((((((((((...)))).)))...((((...(((..(((.(((((((((((((((..((((.((........)).)))).)))))).((((((((((((((((((((..((((((...))))))(((.((.(((((((((....)))).))))))).)))...)))))..))).))))..)))).))))..(((((((((((((..(((.((((.((((((((((.((..((((....))))...)).)))))))))).))))..........((((((((((.((.(((....)))..(((((.........)))))....)).)))))).))))...)))..)))))))))....))))......)))))))))..))))))...))))..)))...))))).)))).)))).))........)))))).))))))))))))))))((.((((....)))).))..))))))))))))))))))))....))))((.(......).))
composition_shuffle_007,-765.2000122070312,(((((((........)))......((((((((((((((((((((..........................................(((((((((....))))......(((((((........)))))))(((((((((((((.((((...(((((...)))))...))))....((.(((((..((((((......(((.((((.(((.........))).)))).))).......))))))..))))).)).))))))))))).))...((((.(((((..(((((((.((((((.(((((...(((.((....)).)))....)))))...........(((.((((((.(((((....((.(((..((((((((((.(((..((((((.......((((((.......))))))...(((((((((((((((((((......(((((....)))))))))))))).)))..)))))))((((((((...((((.(((((..............))))).))))...))))))))))))))..))).)))))))))).....))).))))))).)))))))))........(((((((.....(((....(((....((((((((((((((((((......))))).))))))).............))))))..))).)))....((((.((((((((((..........................((((((((((.((((.......)))).))))))))))(((....)))..))))))))))..)))))))))))(((((((.((.(((((((((.(.(((((.......))))).).))).)))))))).)).))))).)))))).)))))))......))))).))))))))).((((.((((.(((((((....(((......((((.(((((((((((........)))))))...(((((((.(.((((.((.(((((..(.((.(((((...))))).)).)..))))).))((((((((..((((((((((((((....(((((..((((((....))))))))))).((((.((((((((..((((......))))...((.(((.....))).))((((.(((.((((((.(((((((....)))).)))(((((..(((((((((((....)))))))).)))...)))))....(((((((.(((((.((((.((((......(((((((..(((((..............))))).)))))))((..(((.(.(((((....((.(((((.((.......)).))))).))((((.((((........)))).)))).............))))).).)))..)).((.(((((.((..((((((...))))))(((((((((..((((((....)).))))..)))))))))....(((((..(.((((..............))))))))))))..))))))).((((((((.(((((.(((((((((((((.((....)).)))))...((((.(......(((....))).....(((((((((..((((((((((((.((((((((((...........((..((((((.....((((((((....))))).)))....)))).))..)))))))))))).)))..))))).)))).)))))))))).)))).))))))))....))))))))))).)).)))).)))).)))))..(((....)))....))))))))))))).))).)))))))))))).)).))(((((((.(((..((((....))))..)))...)))).))).........)))))...))))))))).)))))))).........))))))))))))..............))))))))........)))..))))))).))))))))...........))))))))))))))))))))....))))((.(......).))
composition_shuffle_008,-759.7000122070312,(((((((........)))......((((((((((((((((((((...............................................((((....))))......(((((((........))))))).......(((((((((......((((((((.((..((((((((..((((((((((((((......(((((((((((((((((..........((((((((.................(((((((((.....))))))))).((...((((((.(((((..(((((.(.(((((((.(((.((((((((((((............(((.......((((((((.(((((....((.(((..((((((((((.(((..((((((.......((((((.......))))))...(((((((((((((((((((......(((((....)))))))))))))).)))..)))))))((((((((...((((.(((((..............))))).))))...))))))))))))))..))).)))))))))).....))).))))))).))))))).).......)))....((((((((((..........((((((((((((((((((......))))).))))))).............))))))(((.(((.((((.((((.((((((((((..........................((((((((((.((((.......)))).))))))))))(((....)))..))))))))))....)))).))))...))).)))(((((......))))))))))))))).........(((..(((.(((((((...(((..((((((.((((.......)))).))))))))).)))))))))).)))))))))...(((((((((.((((((.(((.((....))))).))).))).)).))))))))).)))).(((((((((((((.((.(((.(.(((((...(((.....)))...))))).)))).)).)))..)))))))).))((((.......))))))).)))))))).)))))....))))).))))))...))...))))))))......)))))..))))))))))))..(((((((((((((.......))))).))))))))(((((((((..........((((.((((......)))).)))))))).)).)))..(((((..(........)..)))))))).)))))))))))((((((....(((((.....((.((((.(((...((((((.((((.((...)))))))).))))))))))).)))))))...)).))))....(((((..((...))..))))).)).)))))).))))))).)))..))))))))).((.((((((.(((((.((.((...(((((((..(........)..)))))))...((((.(((((((((((.(((((((((((..((((((.((((............(((((((((.((((..(((.(((.(((((((..(((........)))...(((((..((...))..)))))...........)))))))..))).))).)))))))))))))....))))))))))))))))....))))).)))).(((...(((((((.((((((((((((.....((((((.(((((......))))).).........((.((.(((((((.((..(((......))))).)).))))).)).)).(((..((((.(((........))).))))..))).....))))).....))))))))))))....(((((.((....)).)))))))))).)).....)))....))).)))).))))..))))))))))))))).))(((((......)).)))((((....)))).....))))))))))))))))))))....))))((.(......).))
composition_shuffle_009,-783.5999755859375,(((((((........)))......((((((((((((((((((((...............................................((((....))))......(((((((........)))))))..((((.(((.(((((((...(((((...)))))...))))(((.((((((((((((((((((((((((((((((.(((.........))).)))(((........)))........(((((((((.....)))))))))....(((((((...........(((((((((((...(((.((....)).)))....)))).....)))..)))).......(((((..........)))))..(((((((.(((..((((((.......((((((.......))))))...(((((((((((((((((((......(((((....)))))))))))))).)))..)))))))((((((((...((((.(((((..............))))).))))...))))))))))))))..))).)))))))((((((....)))))))))))))(((((((..(((((((..((((.....((((..((........))))))..((.(((((.(((((((((.((((((..((((((((.((....((((((((((..(((......))))))).)))))).....)).))))))))..)))))).)))))((((((((....(((((..(((((.(((((((.....(((...)))..)))))))..)))))..))))))))))))).((((((((.(((.............))).)))..)))))....(((((((((..(((......)))))))))))))))).)))))))....))))..))))))).))))))).)))))))))).)))))))..))))))).))))))...(((.((.(((((((((.(..(((.(((((((((((((....))))))))..(((((((((((..((.(....((((((((...((((((((....))))..(((((.(((.((((((((......))))))))))))))))(((((((((.(.(((((((((.((((((((.(((((..((((((.(.((((((((((.((..((.(((((.(.((((((....(((...)))...)))))).).))))))))))))).)))))).)))))))...............)))...((((((..((.......))...)))))).)).)).)))))).)))))((((...)))).((((((((...)))).))))))))).))).......))))))....)).))...))))))))).)))))))))))))(((........)))((((((.((((((((.(.((...)).).)))))((((((((((.((((((................))))))..((((...(((((..((((((((.......(((.(.(((((.((((.(((.(((.((((..(.(((((((.(((....((((...........))))..))).))))))))..))))(((.(((.((.((((....((.(((((.((.......)).))))).)))))))).))))))....))).))).).)))..))))).).)))(((((((((..((((....((((((((..((((((((....)))((((..(((....))))))))))))..))))))))....)))).))))))))).(((....))).((((((.........)))))).)))))))))))))...))))........((((.........)))).))))))))))..((.(((..........))))))))))))))..))))).)))..).))))))))).)).))))))))).)))).((((....)))).....))))))))))))))))))))....))))((.(......).))
composition_shuffle_010,-753.9000244140625,(((((((........)))......((((((((((((((((((((...............................................((((....))))..(((((((((((........))))))((((((((((((((.((((...(((((...)))))...))))....((.(((((..((((((......(((.((((.(((.........))).)))).))).......))))))..))))).)).))))))))))).))).....(((((((...........(((((((((((...(((.((....)).)))....)))).....)))..)))).......(((((..........)))))..(((((((.(((..((((((.......((((((.......))))))...(((((((((((((((((((......(((((....)))))))))))))).)))..)))))))((((((((...((((.(((((..............))))).))))...))))))))))))))..))).)))))))((((((....))))))))))))))))))....(((((((((((((.....(((..(((......(((((((((((((((((......))))).))))))..((((((((.((....((((((((((..(((......))))))).)))))).....)).)))))))).....(((((((((((.((((.......)))).)))))))))))((.(((((((.((((((((((......))).))))))).)).))))))).(((.(((((((.((....((.(((.((......)).))).))....)).))))))).)))..))))))......)))..)))..)))...))))..))))))...((((((.((((((((.((((((((((.(((((((...)).)))))))))..((((((((.((((((.....(((((((((((((((((((....(((.....)))........)))))))))...)).....(((((((((((......))).)).)))))).(((((.(((((((((((((((((.(((((((.......(((((...........)))))((((((.(((....))))))))).....(((((.((.(((..((((.(((((.....((..(((..((((.((.(((((((((((((.((.....))))))))...(((((....((((((....(((......)))))))))....)))))..................((((((((((((...)))).))).))))).....))))))).)))))).))).))...))))).))))..))).))))))).(((((....((.((((((..........)).)))).)))))))(((..((((.(...(((((((..............)))))))...).))))..))).....(((..((((((...)))))))))..))))))))))))))).(((..((.(((((......)))))..))..)))...).)))))...))).))))).))))))))(((((.((((....((((...))))....))))..))))).(((((((((((((((((.((((((......))))))..(((((((.(((.(((..(((((((((.((((((.((((.((((....))))((((((.........)))))).....((((((...((.(((..((((((.((((.....))))....))))))))))).)))))).))))..)))))).)))))))))..))).))).)))......(((((.((....)).)))))))))))))))).))))...))))))....)))))).)))))))).............))))).....).))))))))...)))))).))))))))))))))))))))....))))((.(......).))
composition_shuffle_011,-783.2000122070312,(((((((........)))......((((((((((((((((((((...............................................((((....))))......(((((((........)))))))...((((((((((.((((...(((((...)))))...))))....((.(((((..((((((......(((.((((.(((.........))).)))).))).......))))))..))))).)).))))))))))((((((((.((..((....(((((((((((.((.(((((((((((.((....)).)))..............((((...(((...((((...(((..((((........(((((((.(((..((((((.......((((((.......))))))...(((((((((((((((((((......(((((....)))))))))))))).)))..)))))))((((((((...((((.(((((..............))))).))))...))))))))))))))..))).)))))))((((((....))))))..(((.(((((.(.(((((((((((((((..(((((((.......((.((((((((((((((((((...((((((((((((((....((((((.(((....(((((...((((.....)))).)))))..))).))))))..)))))))))).....((((((((((.((((.......)))).))))))))))(((....))).....(.((((((((.(((....))).)))))))).).))))...))))))))))(((((......((((((..((....))..))))))....))))))))))))).))..((((((.(......((((......)))).((((((...(((..((((..(((((.(((((((.((((((((....))))(((((((...(((((((((((((((((..(((((.....((((((.((((.((((......)))).)))).)))))).)))))))))))))))....((((....))))..((((.((((....)).)).))))((((((((((..(..((.((......)).))..)..))))))).)))((((((((((((((.(((.....))).)).)))))))))))))))))))....)))))))((...((((((....(((....)))))))))...))..)))).)))))..)))))))..)))).))).))))))).)))))))))))))...)).)).))))........(((((....))))).((((((((((....((((...........))))..))))))))))))))))).))))))))))))).)))...)))).)))...)))))))).))))))))).)))))))).....))..))..))))))))...((((((((((....((((((((((...((((((...(.(((.((.(((((((((.(((((((((((((....))))((((((((((....(((((((..............)))))))(((((((((.((((((.(((((.(((....))))))))(((((((((.(((((((((((....))))))).......)))).)))..))))))((((((((.......)))).))))......((((((((....((((((....)))((((((((...))).))))))))....))))))))......)))))).))))))))).)))))).)))))).))))))))))))(((.((((...)))).))).......)))).))))).)...)).))))..(((((.(....((.((((..((.....))......)))).))).)))))...)))))))..............)))...))))))))))............))))))))))))))))))))....))))((.(......).))
composition_shuffle_012,-769.5999755859375,(((((((........)))......((((((((((((((((((((...............................................((((....))))......(((((((........)))))))...((((((((((.((((...(((((...)))))...))))....((.(((((..((((((......(((.((((.(((.........))).)))).))).......))))))..))))).)).))))))))))((((((.....))))))...(((....((((((((((((...(((.((....)).)))....)))))...(((((((((((((.((.(((((..........)))))..(((((((.(((..((((((.......((((((.......))))))...(((((((((((((((((((......(((((....)))))))))))))).)))..)))))))((((((((...((((.(((((..............))))).))))...))))))))))))))..))).)))))))((((((....))))))((((..((((((((((((.(..((((((((..((((....)).....((((((((((((((((((......))))).))))))).............))))))(((((.((..((.((((.((((((((((..........................((((((((((.((((.......)))).))))))))))(((....)))..))))))))))..)))))).)))))))...((.(((((((.((((....((((....((((((.(((((((..((((.......((((((...))))))....))))....))))).).).))))))....)))))))).))))))).))......(((((((((((((..((.(((..(((((((..(((((((((((.(((((.((((((......))))).)...))))).))))).))).))))))))))))).))..))))))).)))))).(((((((.((.(((((.((.(((((((((.(((((.((....))))))).)))))..)))).))))))).))))))))).))))))).))).).))))))))))).)..)))))).)))))))))))))..)))))))...)))..((((((((((.((((((((..((((((((((...((((...((((((..(........)..))))))..((((((.(((((((((..(((.((((.......(((((.((((..(((..(((......)))))).)))))))))...((((...........))))..(((((...(((..((.((((..(((((..((((((...))))))((((((.((....(((((((....)))))))))))))))..(((((..................))))).)))))..)).))))..)))...))))).....(((.((((..(((((...((((....))))((((((((.(((..(...(((....))).)..)))))))..)))).)))))..))))))))))).))).........((((((..........)).)))).((((((((((((((.(((.((((..(((((.((((((((...)).)))))).......((((((((.((((((((((((((........)))).((((...((((.((((((..((.............))..)))))).).)))..))))....(((((........).))))..))))).))))).))))))))....)))))..))))..))).)))..))))))))))).((.(((..........)))))))))).)))).))))))..))))....))))))....))))...)))).)))))))))..)))))....))))))))))))))))))))....))))((.(......).))
composition_shuffle_013,-755.9000244140625,(((((((........)))......((((((((((((((((((((...............................................((((....))))......(((((((........)))))))...((((((((((.((((...(((((...)))))...))))....((.(((((..((((((......(((.((((.(((.........))).)))).))).......))))))..))))).)).))))))))))((((((.....))))))....((((((((((((((((((...(((..(((((.((((((..((((.....(((((((((((((((..(((((..........)))))(((((((((.(((..((((((.......((((((.......))))))...(((((((((((((((((((......(((((....)))))))))))))).)))..)))))))((((((((...((((.(((((..............))))).))))...))))))))))))))..))).)))))))))((....))..((((......(((((.((....))))))).....))))((((..((........))))))((((.(((((.((((((((((((((((....((((((.(((....(((((...((((.....)))).)))))..))).))))))..))))))))))(((((((((((((((.((((.......)))).))))))))))(((....)))..(((((...))))).....))))).........((((.(((((((((((.(((((((..((((((........))))))..))))..))).)).))))))))).))))...)))))).))))))))).))))))...(((((((((..(((((....)))))))))))))).))))))))).))))..))))...))..))))).)))..))))).))))))).))))))(((((..((((((.(((.(....).)))((((((((..(((((.((.((((((((....)))))).((((((((((((((.(((((((((((((((.(((((((..(..((.((......)).))..)..))))))).))))((((..((.(((((.((((..((((((....(((((((((((..((((.........((((((..((((((.(((((((((..(((.........(((....))).......)))..)))(((((..((...))..))))).((((......((((.((((.(((((((.((..(((..(((((((((((...(((....)))....))))).)))))))))...)))))))))))))))))))))..))))))...))))))....)))))).(((.(((((...)))))))))))))))..))))))))....))))))....))))..))).))))....))))..)))).)))....))).).)))))).)))))).))((((....))))....(((((((...(((.........)))...)))))))..)))).)))))..))))))))..((((........)))).(.(((((((((((......((((...))))..))))).)))))).)....(((((.(((..(((((((((((((((.((.....)).)))))).(((..((((....))))..)))....))))).)))))))...)))))..........((((((((((((((((........)))....)))))).))))))).)))))))))))...((((.(((((((.(((.((((......))))..(((((.(....((.((((..((.....))......)))).))).)))))...............(((....)))....))).))))))).....))))...))))))))))))))))))))....))))((.(......).))
composition_shuffle_014,-759.4000244140625,(((((((........)))......((((((((((((((((((((...............................................((((....))))......(((((((........)))))))(((((((((((((.((((...(((((...)))))...))))....((.(((((..((((((......(((.((((.(((.........))).)))).))).......))))))..))))).)).))))))))))).))...(((((.(((((((.(((((...))))))))))....(((((.(((((((((....(((.....(((((.((((((((((((((((..........)))))(((((((((.(((..((((((.......((((((.......))))))...(((((((((((((((((((......(((((....)))))))))))))).)))..)))))))((((((((...((((.(((((..............))))).))))...))))))))))))))..))).)))))))))((((.(((((((.((((((.(((((((((.(((((((((.(.....).))))............))))....).))))).)))))))((((((((((....((((((.(((....(((((...((((.....)))).)))))..))).))))))..))))))))))....(((((((((((.((((.......)))).)))))))))))((((((((((.(((((...)))))..(((((((....))))))).((((((....((((((((.......)).))))))..)))))).....((((((((...))).)))))....)).)))))))).(((((((...)))))))(((((((..((.(.(...((((((((((((((((((((..(((((.(((...))).))))).))))((((((((((...((((..(((.((((.(((((.((((.((((........)).)).))))))))).))))..)))..))))..)))))).))))....)))))))).))))))))...).)))..))))))).))).))))))))))).))))))))...)))...))))).....((((......))))..))).)))))))).))))))((.((((.....(((((((...((((.(((.(..((((.(((........)))))))..)...)))..))))......))))))).)))).))........)))))))....((((((((((.......((((....)))).((((..((((....((((((.....((((..(..(((((((.(((((.((..((((..(((..............)))))))..))((((((..((((....))))..)))))))))))..)))))))..)..)))).....))))))..((.(((((((((((....((((((........(((((((((((.......((((....))))....))))).........)))))))))))).)))...........((((.(((((((((..(((((.(((((...)))))(((..........))))))))((((.(.((.((((.((((((.(((......)))(((((.((((((..(((((...((.((.((((((((.((((.((.(((....)))))..))))..).))))))))).))....)))))..)))))).)))))((((.((((......)))).)))).)))))).)))).)).).))))(((((((..........(((.((........))..)))((.((..(.(((.....))))..)).)))))))))))))).)))).))))....))))))))..))))))..))))......))))))))))............))))))))))))))))))))....))))((.(......).))
composition_shuffle_015,-778.7999877929688,(((((((........)))......((((((((((((((((((((...............................................((((....))))......(((((((........)))))))...((((((((((.((((...(((((...)))))...))))....((.(((((..((((((......(((.((((.(((.........))).)))).))).......))))))..))))).)).))))))))))((((((((...((...(((..(((((((((((.((((((.((((((((.((((((((....(((........))).(((((((.((((((((..........)))))..(((((((.(((..((((((.......((((((.......))))))...(((((((((((((((((((......(((((....)))))))))))))).)))..)))))))((((((((...((((.(((((..............))))).))))...))))))))))))))..))).)))))))((((((....))))))..(((.(((((((((.((...((((((((((((((((...((........)).((((((((((((......))))).))))))).((((((((.((....((((((((((..(((......))))))).)))))).....)).)))))))).....(((((((((((.((((.......)))).)))))))))))((((.(((((.(((((...))))).((((((.(((((.(((((((((((......)))))))).....(((((.....)))))((....))..(((((..(((((((.((..(((.((((.((((((((.......)))))))))))).)))..))...(((((((((........))))...))))))))))))..))))).)))))))).))))))((((....))))))))).)))))))))))..(((((((((((..((((..((..(((((..........(((((((((.........)).)))))))...((((((.....))))))...)))))..))..)))).....)))))))))))))))).))))..)).)))))))).).))).))).)))))))..)))))))).))))))))(((.((....)).)))))))))..))))).))))))...)))...)).))))))))...((((((((((....(((((((((((((((.(((((((.........(((((((..((((((..(((......((((((((((((((....(((((((..(........)..))))))).(((.((......)).))).((((((((..........((((...))))..((..((((.(((((((((((((........))))))..))))))).))))..))....(((.((......)).))).)))))))).....((((...)))).......)))))))..))))))))))..)).)))).))))))).)))))..)).))))....((((((.(((((..........)))))........((((((........))))))((..((((...(.(((((((((((((.((((((..((((((..((((.(((.((((..........))))...((((.((((((.......(((((((((.......)))))))))...)))))).)))).((((((((((.(((.((((......))))))).)))......)))))))))))))).)))))).........)))))).))))))............))))))).)...))))..)).....((((...)))).....))))))..))))))))..............)))...))))))))))............))))))))))))))))))))....))))((.(......).))
composition_shuffle_016,-757.0,(((((((........)))......((((((((((((((((((((...............................................((((....)))).....((((..((((((((((((((((((.(((((((((((.((((...(((((...)))))...))))....((.(((((..((((((......(((.((((.(((.........))).)))).))).......))))))..))))).)).)))))))))))(((.....)))..(((..((((((((((((((((((((...(((.((....)).)))....)))))..............(((((((((((..........)))))(((((((((.(((..((((((.......((((((.......))))))...(((((((((((((((((((......(((((....)))))))))))))).)))..)))))))((((((((...((((.(((((..............))))).))))...))))))))))))))..))).)))))))))((((....))))(((.((((((.(((((((((.(((((((..(((((((((....((..((((((((((((.(((((((......)))))(((((((....((((((.(((....(((((...((((.....)))).)))))..))).))))))..)))))))...(((..((((((((((.((((.......)))).)))))))))))))..((((((...))).)))((((((((((.(((.(.((.((.....)).))...).))).)))).)))))).((((..(((.((((.(((((((((((.(((((((.((.....)).))).)))).))).....)))))))))))))))))))(((((((.((((..((((.((.(((((........)))))...)).))))...)))).))).)))).)).))))))))).))))).)))))))))(((.....)))....(((((..(((.(((((.((...(((((.......))))).)).))))).))).))))).))))..))).)))......)))))).))))))..))).))))))))))))).)))))))).)))((((...))))))))))))))))..(((.((((....)))).)))......(((....))).((((((.(((((......((((....((((((((...((((.((.((((..((((((((.(((((.((((.(((.((((......((((..((..(((((...((((......(((((((((((.((..(((....))))).))))....))))))))))))))))..)).))))))))..((((((...)))))))))..))))...))))).))))))))..)))))).))))..)))).............))))........((((((.(((((((((...((((.(((....(((((((((((((((.....((((((...(((..(..(((((.....)))))..)..))).......((((..(((((((((..(((((.......((((((....((...(((.((.((((((((((((((.......))))).)))...))))))...)).)))..))..(((((.((.((((((((((((((.(((...))))))))))))........(((((((...)))))))))))).)).)))))...)))))))))))..)))))))))..)))).))))))....)))))).))))(((((((...)))))))..........)))))...)))........((.((..(.(((.....))))..)).))))))...))))).)))).))))))..))))...))))))))).)).))))))))))((.((((....)))).))..))))))))))))))))))))....))))((.(......).))
composition_shuffle_017,-765.2999877929688,(((((((........)))......((((((((((((((((((((...............................................((((....)))).....((((..((((((.....(((((((.((.((((((((.((((...(((((...)))))...))))((.(((((((((..((((((......(((.((((.(((.........))).)))).))).......))))))..)))))((((((.....)))))).......(((((((...........(((((((((((...(((.((....)).)))....)))).....)))..)))).......(((((..........)))))..(((((((.(((..((((((.......((((((.......))))))...(((((((((((((((((((......(((((....)))))))))))))).)))..)))))))((((((((...((((.(((((..............))))).))))...))))))))))))))..))).)))))))((((((....)))))))))))))(((((..((((((((((.(.(((.((.(((((.((.....((((((((((((((((((......))))).))))))).............))))))((((..((((((((.....(((((((((..........................((((((((((.((((.......)))).))))))))))(((....)))..)))))))))((((.((((.((((...((((((((((((((((((((((.((((.......)))))).((....))..((((.(((..(((...(((((.(((((.....))))).))))).)))..))))))).))))))))(((.(((((....))).)))))..((((.((((((((((((((((((.(((..(..((((.(((((((((((.......))))))((((((..(((.((((((((.......)))).)))).(((..((.((((((.((....((((..((((.......((((((((...((((..(.((((((.(((.(..(((.((.(((((.(((((((((((.((((((((..(((.(.(((((.((((((.....))))))..))))).).))))))))))).)))(((((.((.(((((((.(....)))))))).)))))))....(((....)))....(..(((((((.(((.((......)).)))...((((((........))))))....((((((((((((...)))).))).)))))..)))))))..).)))))..)))..))))))).)))..).))))).)))).))))).......((((.((((........)))))))).))))))))))))..))))...)).)))))).))..)))......)))..)))))))))))))))..))))))))))......((((...)))).........)))))))))))).))))(((((...(((((.....((((...((.......))))))..)))))..))))).)))).))))))))((((((.(((((.(((..((((....)))))))))))))))))).((.(((......))).))..)))).))))...))))))))...))))..))))))))))).)).))).).))))))))))..)))))((((((..((((((...)))).))...))))))))))))....)))))))))).)))))))((((...))))...((((.(((.((.....((((.(....((((......))))..(((((.(....((.((((..((.....))......)))).))).))))).).)))).....))))))))).))))))))))((.((((....)))).))..))))))))))))))))))))....))))((.(......).))
composition_shuffle_018,-760.0,(((((((........)))......((((((((((((((((((((...............................................((((....))))......(((((((........)))))))..((.((((((((.((((...(((((...)))))...))))..((((((((((..((((((......(((.((((.(((.........))).)))).))).......))))))..)))))((((((.....))))))....(((((.(((((((.(((((...))))))))))....)))))))((((((((............(((((((((((((.((((((((..........)))))(((((((((.(((..((((((.......((((((.......))))))...(((((((((((((((((((......(((((....)))))))))))))).)))..)))))))((((((((...((((.(((((..............))))).))))...))))))))))))))..))).)))))))))((((.(((((((.(((((((((....((..((((((((((..(((((((((..((((.(((((.((.((((((((((((......))))).)))))))......(((((.(((((.(((((((((..((.((((.((((((((((..........................((((((((((.((((.......)))).))))))))))(((....)))..))))))))))..)))).)))))).))))).).....(((((....(((((.((..(((.(((.......))).)))..)).))).)).....)))))(((((((((((.....(((.((((..((((..((((((.((((.....)))).))))))..)))).)))).))).....))))))).))))..(((...))))))))))))..)).))))).))))......)))))))))(((.....)))......))))..)))))).))...)))))).((((((......))))))..((((((((....))))))))(((((...))))).))).)))))))))))..(((.(((.(.(((.(((....))).))).)))).)))))).))))))))))))).)))))))).((((((.......))).)))..(((((...((((((((...((((....)))))))).).)))...).)))))))))((.(((((((((((((....((((((....((((...(((....(((.(.(((((.((((.(((..(((((................))))).))))).)).)))).).))))((((((..((((..((((((...))))))((.....))...((((....))))(((((.(((...(((.(((((((....(((((....((((((...((..(((((..(((((((...............)))).)))..)))))..))...(((((..(((((((..((((....................))))....))))))).)))))..))))))....))))).......)))))))...)))...))))))))((((((((((((((.((....)).)))).)).))))))))))))..))))))...((((....))))(((((((...))))))).....(((((..........))))))))...))))))))))...)))))))....)))))).)).))))))))))..((((........)))).(((...)))(((((((.(((((((.(((.((((......))))..(((((.(....((.((((..((.....))......)))).))).)))))...............(((....)))....))).))))))).....)))))))))))))))))))))))))))....))))((.(......).))
composition_shuffle_019,-763.9000244140625,(((((((........)))......((((((((((((((((((((...............................................((((....))))(((((((((((((........)))))))...((((((((((.((((...(((((...)))))...))))....((.(((((..((((((......(((.((((.(((.........))).)))).))).......))))))..))))).)).))))))))))((((((.....))))))..))))))....(((((..(((.((((((.(.(((((((((((...((.....(((((.((((((((((.(((((..........)))))(((((((((.(((..((((((.......((((((.......))))))...(((((((((((((((((((......(((((....)))))))))))))).)))..)))))))((((((((...((((.(((((..............))))).))))...))))))))))))))..))).)))))))))((((.(((((..((((.(.((((.((..(((((((((.(((.(((((((((..........((((((((((((((((((......))))).))))))).............))))))(((((.((.....((((.((((((((((..........................((((((((((.((((.......)))).))))))))))(((....)))..))))))))))..))))...)))))))((((((...........)))))))))))))))((((((........)))))).(((((((.(((((...)))))..)))))))....(((.(((...((((...(((.(((((....)))))..)))...))))....))).))).......((((((....(((.(.((((((((((((..(((((((.((..((((((..(((((((...((((.(((.(....).))).))))))))))))))))))).)))))))))))))))...)))).).))))))))))))..))))))))))))))).)))))..)))))))))......)))..))))))))))))...)).....))))).((((...(((((((.((((((.(((((..............(.(((....((((((((((((((((((((.......((((.....(((........))).)))))))).)))).))).)))).))))).....))).)..))))).)))...))))))).))).))))((((((((...............)))....)))))....)))))).).)))))))))....)))))......((((((((((....((((.(.(((.(((.((((((((((((((......))))).....((........))......((((.(((((((((...((((((((.((.(..(((((((((......(((((((((((((((((((((..((((....((...(((.((((...((((...(((..((((((.((.((((.((..(((............)))..)).)))).))))))))..(((((((((....))))).))))............))).))))..)))).)))..))...))))..))))))))))).))))......((((((.........))))))..)))))).((((((((((..(((((..((......))))))).))))))).)))))).))))))..).))))))).((.(((.....))).))..((((......))))..((..(.(((.....))))..))....)))...))))).)))).))))..)))))))))...))).))).))))).....))))))))))............))))))))))))))))))))....))))((.(......).))
composition_shuffle_020,-774.4000244140625,(((((((........)))......((((((((((((((((((((...............................................((((....))))......(((((((........)))))))...((((((((((.((((...(((((...)))))...))))....((.(((((..((((((......(((.((((.(((.........))).)))).))).......))))))..))))).)).))))))))))((((((.....)))))).((((((((.((..((((((((...(((.((....)).)))....)))))...((((((.(((((.....(((((..........)))))..(((((((.(((..((((((.......((((((.......))))))...(((((((((((((((((((......(((((....)))))))))))))).)))..)))))))((((((((...((((.(((((..............))))).))))...))))))))))))))..))).)))))))((((((....))))))..(((.(((((.(.(((((((((((((((((.((((((.......((((((((((((((.((((((.(((((.((((((((((....((((((.(((....(((((...((((.....)))).)))))..))).))))))..))))))))))....(((((((((((.((((.......)))).)))))))))))(((((.(((..(((((...))))).((((.((......)).))))(((((((.....))))))).....(((((((((....))))))..)))(((((....))).))))).))))).....))))).)))).)).))..))))))))).)))))))))...))))))).(((((...)))))((..(((((.....((((((....(((((..(((((.(((.((....))))((((((((((.(((((((.(((((((((((((..((....(((((.(((((((((((......)))))).))))).....(((.(((((....))))).))))))))....))..))))...))))))))).))).((((((...((((((((((......((((.(((........)))))))))))).))))).....))))))(((.....))))))))))))).))))).)))))..))))).....))))))..)))))..))))).))))))).)))))))))((((((........))))))............(((((((((((.((((((((...(((....))).)))))..............((((((..((((...(((((.(((....))))))))))))...)))))))))))))))))))).)))))))))))..(((........))))))..))...)))))))).((((((((((.((.((((((((......(.....)......))))....)))).))))))))((((((.....(((((((..............))))))).((((((.(((((((((...((((((((((...))))))(((((..(((.(((((....)))).).))).)))))(((.((.((.(((.(((((.((.(((((((((..(..((((((((((((..(((.....)))..)))))))).))))..)..))....(.((((((....(((((((((.......))))))).))......)))))))(((((.(....)..))))))))))))))))))).))))).))..)))(((.((.....))..)))((.((..(.(((.....))))..)).))))))...))))).)))).)))))))))))))))).(((....(((((......)).)))....)))..........))))))))))))))))))))....))))((.(......).))
composition_shuffle_021,-769.0,(((((((........)))......((((((((((((((((((((...............................................((((....))))......(((((((........)))))))...((((((((((.((((...(((((...)))))...))))....((.(((((..((((((......(((.((((.(((.........))).)))).))).......))))))..))))).)).))))))))))((((((((...((((.....((((.(((((((((((((((((((.((((.((.(((((...........(((((((((.((((.(((..........(((((((...(((((((((.(((..((((((.......((((((.......))))))...(((((((((((((((((((......(((((....)))))))))))))).)))..)))))))((((((((...((((.(((((..............))))).))))...))))))))))))))..))).)))))))))((((.((((((.((((.(.((((((.(..((((((((((((.((..(.(((..((....((((((..((((((((((((......))))).)))))))((((..(((((....(((((((.(((.((((.((((.((((((((((..........................((((((((((.((((.......)))).))))))))))(((....)))..))))))))))....)))).))))...))).))))))).)))))))))..(((((((((((..(((..((((.((((....((((((.(..((((.(((.....))).))))..)))))))...))))...(((.(((.(((...))).))).)))))))(((.((((.(.((((((((((((((.((((.(........(((((((.......)))))))).))))))))))))...)))))).).))))..))))))..)))))))))))....((((((...)).))))))))))....))))).).)).))))))))))))).)))))).))))).))))))))))...((((((((((((...))))))))..)))))))))))))).)))).)))))))))))))).)).........((((((((.((((((.((((((((((((.((.......)).)))))..)))))))..))))...(((.(((((..((.((((((((.....((((((...))))))(((((.(((........))).....)))))((((((....((((...........))))((((.....))))..)))))).))))))((((........)))).(((..........)))(((((((((((((((((((........))))))..)))))))....((((....)))))))))).))))..))))).)))...)).)))))))).)))).))))))).)))....))))))).)).)))).))))))))))))...((((((((((....((.((((((((.(((((((((((((((((...))))))((.....))......)))).)))).(.(((..((((((((((((((((((.((((((((((((((....))))))).))))...(((((((..((((((..(((..((((....))))...)))..)))))).....)))))))....((((.(..((((((((((....))))..))).)))..).))))..(.((((((...)))))).)......)).).)))))).)...)))..))))))))..))).)((.((((..((.....))......)))).))...)))...))))))))..)).(((....))).....))))))))))............))))))))))))))))))))....))))((.(......).))
composition_shuffle_022,-767.7999877929688,(((((((........)))......((((((((((((((((((((...............................................((((....))))......(((((((........)))))))(((((((((((((.((((...(((((...)))))...))))....((.(((((..((((((......(((.((((.(((.........))).)))).))).......))))))..))))).)).))))))))))).))........(((((((((.((((((((((((..(((.((((((.(.((((((..............((((((.(((((((.((...........((((((((((..(((((((.(((..((((((.......((((((.......))))))...(((((((((((((((((((......(((((....)))))))))))))).)))..)))))))((((((((...((((.(((((..............))))).))))...))))))))))))))..))).)))))))((((((....))))))......(((((((((.(((..((((.(.....).)))).........((((((((((((((((((......))))).))))))).............))))))..(((.((..((.((((.((((((((((..........................((((((((((.((((.......)))).))))))))))(((....)))..))))))))))..)))))).)))))..((((((.(((...(((((((((.((((.......))))))..((((((((.(((.((((((.....((.(((....))).))...)))))).).)).)))).))))..((((.(((.....)))...))))((((..(((((.((((((.....((((.((((.((((((((((.((....)).))))((....(.(((((((((((...(((((.((((..(((((((.....))))))).....((((((((((((....)))))((((((.(.(((.((((((((...))))))(((((.((((..(..(((((......)))))..)..)))).))))).)).))).).))))))))))))))))).)))))))))))))))).)..))....)))))))))).))))..)))))).))))).))))((((....)))).)))))))...))).)))))).((((..((((((.((...(((.(((((....((..((((.(.........).))))..))...))))).))).)).)))))).....))))..))))))))))))(((((..((...))..)))))..((((((...))))))))))))))))..((((....)))))))))))))))))))..((((((................)))))))).)))).).))))))))).((((((((....((((((((((((((((.((((((...(((((.(((.(((.(((.(((.......((.(((...((.((((..(((....(.(((((.((.....))))))).)....)))..)))))).))).))....))).))).))).))))))))....)))))).))(((.((((.......))))))).)))))))).))))))..)))))))).(((....))).((....))...))))))).))))).)))))).))).....(((((......((((.((.(((((...))).)).)).))))...(((((((((.((..(((......((((.(.((((.........))))..(((((.(....((.((((..((.....))......)))).))).)))))..........).)))).....))).)))))))))))..........))))).))))))))))))))))))))....))))((.(......).))
composition_shuffle_023,-759.7999877929688,(((((((........)))......((((((((((((((((((((...............................................((((....))))......(((((((........)))))))..((((.(((.(((((((...(((((...)))))...))))(((((..(((((..((((((......(((.((((.(((.........))).)))).))).......))))))..)))))((((((.....)))))).........(((.(((((.(((((((((((((((((...(((.((....)).)))....)))))...........(((.((((((.(((((....((.(((..((((((((((.(((..((((((.......((((((.......))))))...(((((((((((((((((((......(((((....)))))))))))))).)))..)))))))((((((((...((((.(((((..............))))).))))...))))))))))))))..))).)))))))))).....))).))))))).))))))))).(((((((((((.((....((((((..((....((((...((((((((((((......))))).))))))).((((((((.((....((((((((((..(((......))))))).)))))).....)).))))))))......((((((((((.((((.......)))).))))))))))(((....)))..(((((...)))))...))))..((.((((((((((.(((((...)))))(((.((...((..((((((.(((((((.((((((((((...(((((((...)))))))....)))))))).))...((((((.(((.(((....((((((((((((..(((((((.(((((........))))).)))..))))...))))))))...))))....(((((((((((......))).(((((.....)))))(((((.((.((((((((.((.((((((....(((.(((((((.(((.(..((((((((.(((((...(((((....)))))......))))).(((((...)))))(((((((((.((((..((((((((..((.((........)).))))))))))..))))..))..((((((((((((.(((.((...))))).)))....))))))))).......................)))))))))))))))..)))).)))))))......(((((((...))))).))((((((((....))))).)))))).....)))))).)).)))...).)))).)).))))).....)))))))).....((((((...))))))))).))).)))))).))))))).))))))..)).)))))........)))))))))).))((((((.((.((((((((..((.((.((((((((....((((...(((.((....((..(((((....)))))))..)).)))...(((((((........))))))).......(((((((...(((((((((((((..(((.((.((((...))))...)).))).))))).)).))))))..))))))))))).....)))))))).)).))..))))))..)).)).)))))))))))))))).))))(((....)))...)))))))..))))))).))))).)))))..))).....)))))(((.....))).....(((.(((((.........)))))...)))(((..((((.((.....((((.(.((((.........))))..(((((.(....((.((((..((.....))......)))).))).))))).).)))).....))))))..))))))))).)))).((((....)))).....))))))))))))))))))))....))))((.(......).))
composition_shuffle_024,-769.9000244140625,(((((((........)))......((((((((((((((((((((...............................................((((....))))..(((((((((((........))))))((((((((((((((.((((...(((((...)))))...))))....((.(((((..((((((......(((.((((.(((.........))).)))).))).......))))))..))))).)).))))))))))).)))..........(((((.(((((...))))))))))....(((((.(((((((((...(((........))).((((((.....(((((..........)))))...((((((.(((..((((((.......((((((.......))))))...(((((((((((((((((((......(((((....)))))))))))))).)))..)))))))((((((((...((((.(((((..............))))).))))...))))))))))))))..))).)))))))))).))((((((((((((.(((((((((((..(((((((.((((((.((.(((((((...(((((((((((((((((((((......))))).))))))).............))))))((((((((.(......).))).)))))..........................(((((((((((.((((.......)))).)))))))))))(((.(((((((((((((.(((((..(((((.....)))))))).)).)))).)).))))))))))))).))))))).)).)))(((((.((.((((.......)))).)).))))).....(((((((.((...((((.(((((((((((....)))).))))))).)))).))))))))).)))..))))))).))))))))....))).)))))).)))))).)))))))).)))))))))))....((((.((((((((....)))).)))))))).....((((((((((((.(((....((((((.(((((........(((((.((.((((((((((.((((..((.(((((((...))))))).))..)).)))))))))))).....((((.((..((.((((((((((((((((((((.......((((((((.((.(((((((.((..(.((((.((((....(((....)))....)))))))).)..)).)))))))(((((((((((((..(((((....(((((..........)))))(((....)))(((((((((((((....((((............(((((.(..(((((((((((.((..........(((............)))..........))))).))))))))..).)).)))((((.............)))).))))..))))))))))))))))))))))))))..))))).)).))))))))(((..(((.....)))..)))...(((.((((((((....................(((((..(((.((.((((((((..........))))).....(((((((...(((...)))....)))))))))).)).))))))))((((......(((((((((.(..((.((((((.((.((((((.....((((((((...)))))))).(((((.((((.....((.(((((.((..((.((.......)).))..)).)))).).))..))))))))).)))))).)))))))).)).))))))))))......))))........((((.........))))....))))))))))).))))..))))).)))))...))))))))..)))))).......))))))).))))).))))))))).)))))........)))))))))))))))))))))))))))....))))((.(......).))
composition_shuffle_025,-756.7000122070312,(((((((........)))......((((((((((((((((((((...............................................((((....))))......(((((((........)))))))(((((((((((((.((((...(((((...)))))...))))....((.(((((..((((((......(((.((((.(((.........))).)))).))).......))))))..))))).)).))))))))))).))....((((.((((((((...(((..(((.((((((...(((..(((((.((((((..(((........)))...(((.((((((.(((((....((.(((..((((((((((.(((..((((((.......((((((.......))))))...(((((((((((((((((((......(((((....)))))))))))))).)))..)))))))((((((((...((((.(((((..............))))).))))...))))))))))))))..))).)))))))))).....))).))))))).))))))))).((((.((((((((.......((((.(((((...((((((((((((((((((......))))).))))))).............))))))((((((((.(......).))).)))))...........................((((((((((.((((.......)))).))))))))))(((....)))..(((((((((((((((((((.(((.(.((.((.....)).))...).))).)))).)))))).))(((....)))..)))))))(((((.....((((((((.((((....)))).)..(((((((((((.....)))).))))))))))))))))))).)))))...)))))))).)))).))))..))))....)).))))).)))..)))))).))).)))))))))))))))..(((((..((((.(((((((((((..(((((.(((((((((((((((((((((((((((.((((((((((((((.(.((..((((.(.((((((.(((.((..((((......))))))))).)))))).).((((((((((((((((((((.....))))))).)))))((((..((.((((......((((...((((.((.(((((...(((......((((....))))......)))..))))).))))))..)))))))))).)))).((..((((((...))))))))..))))))))(((((((...)))).)))((((((..(((....))))))))).....))))..)).).))))))).....)))))))))...........(((((..........)).)))...)))))))).)).))))))..(((((((..(........)..)))))))..))))))))).))..........(((.........))))))..)))))))((((((((....))))).)))....))))))))....)))))(((((((((....(((((((((((.(((........)))........((.(((((.((((...(((..((.(((((((((((....((((((((..(((((.((((..(((((.(((..(((...(((((.(((((((((.((((.((((.(((.(...((((..((.....((.((........))))..))..)))).))))..)))).))....)).)))))....)))))))))...))).))).))))))))).)))))..)...))))))).((((......)))).))))))))))).)).)))...)))).)))))))..((((.........))))))))))))..............)))...))))))))).............))))))))))))))))))))....))))((.(......).))
composition_shuffle_026,-762.9000244140625,(((((((........)))......((((((((((((((((((((...............................................((((....))))......(((((((........)))))))..(((((((((((.((((...(((((...)))))...))))....((.(((((..((((((......(((.((((.(((.........))).)))).))).......))))))..))))).)).)))))))))))(((((.....)))))((((((((((((...((((.(((((((..(((..((.((((...............(((.((((((.....(((((..........)))))...((((((.(((..((((((.......((((((.......))))))...(((((((((((((((((((......(((((....)))))))))))))).)))..)))))))((((((((...((((.(((((..............))))).))))...))))))))))))))..))).)))))))))).)).)))..(((..((((.(((((.(.(((((((.(((......(((.(((..((((...((((((((((((((((((......))))).))))))).............))))))((((((((.(......).))).)))))......((((((((((......(((((((((((((((.((((.......)))).))))))))))(((....)))..((((((((((((..((......))..)))))(((((.((((.....)))).)))))......(((((....))))))))))))......((((((((.((((((..((.(((......))).))..)).)))).))))))))..)))))......))))))))))(((((..(((((.(((((((..((((((((....((((((((((.....((((((.(((((...)))))....(((.(((((((((.....((..((((.(((.(((....)))..))).))))..))((((......))))...(((((..(((((......))))).....)))))..))))))))).)))((((.(((((((((((((((.......((((.((((.(((((.(..((.((((((((.(((.....(((((((((.(((...((....))))).))).))))))..(((((.....(((((....))))).....)))))))))))))))).)).).))).)).)))).)))).....)))))))((((((....))))))(((..................))).....))).))))).)))).))))))...)))))).))))......))).)))))..)))..))))))))).))))).))))..))).)))..(((((..........)))))........))).))))))).))))))))))..))).....)))).))..)))..))))))).))))))))))))))))......(((((((..(........)..)))))))(((.((((((((.(((.(((((...........)))))(((((((.(((((.(.(((((....))))).))))))....(((((((((((((((((((.(((((.(((.(((((.(.(((.((((((((.(((((((.(((....))))))))))..))..)))))).))).).))))))))..))))).))))))...)))))))...))))))((((((((..(((((..((((...((((.(((((.......))))).))..))....))))...))))))))))))).))))))).........((((...)))).......)))...))))))))...)))..(((((......)).)))((((....)))).....))))))))))))))))))))....))))((.(......).))
composition_shuffle_027,-781.5999755859375,(((((((........)))......((((((((((((((((((((...............................................((((....))))......(((((((........)))))))..((((((((((((((((...(((((...)))))...))))((((((((((((..((((((......(((.((((.(((.........))).)))).))).......))))))..)))))......((((((((((((((((.....(((((.((((((((...(((.(((((...(((.((....)).)))....)))))...((((.(((((((((((((.(((((....((.(((..((((((((((.(((..((((((.......((((((.......))))))...(((((((((((((((((((......(((((....)))))))))))))).)))..)))))))((((((((...((((.(((((..............))))).))))...))))))))))))))..))).)))))))))).....))).))))))).))))))............((.((((((.((((...........((((((((((((((((((......))))).))))))).............))))))(((((.((..((.((((.((((((((((..........................((((((((((.((((.......)))).))))))))))(((....)))..))))))))))..)))))).)))))))((((.(.((((((....((.(((.............))).))...)))))).))).)))))))))))).))(((.(((((.((((((.(((...((((((..(((((((....)))))))..))))))))).)))))...).))))))))..))))))).))))......((((((((.((((((((((((.(((.(((((((....(((((((...(((.(....).)))...)))))))..)))))))..)))))).)))))..))))..((((..((((((((((((((.((((((((((((....((((.((..(((((...))))).)).))))..))))))))))))...)).))))))).)).)))..)))).((.((((((((((((.......(((.(.((.(((((((((((....))).......(((((((........))))))).....((....)).)))).))))...)).))))......)))))))))))).)).))))))))))))))))))).))).))......))))))))))))..))))...)))))))((((((((.(((.......(((((........(((((((((((((..(((((...((((((((..(((.(((((....((((((.......))))))((((.....)))).((((((((..((.((.(((((.....((((...))))......((((((((...)))).))))........((((((.((((((((((..(((((.((.(.(((.(.(.(((((((((((.((......(((.((.((((....(((((.(((.....))).))))))))).)).))).......)).)))))))))))).).))).).)).)))))..)))))(((((.......)))))..)))))..)))))).....))))).))..)).))))))))...........))))).)))..))))))))))))).))))))).))))))))))).((((((((((......((((......((((......))))..((..(.(((.....))))..)).)))).....))))))))))...)))...)))))))).....)))))))).......)))).((((....)))).....))))))))))))))))))))....))))((.(......).))
composition_shuffle_028,-779.7000122070312,(((((((........)))......((((((((((((((((((((...............................................((((....))))......(((((((........)))))))..(((((((((((.((((...(((((...)))))...))))....((.(((((..((((((......(((.((((.(((.........))).)))).))).......))))))..))))).)).))))))))))).((((.....))))((((((((((((((((((((((((...(((.((....)).)))....))))....(((((((((((((....(((((..........)))))..(((((((.(((..((((((.......((((((.......))))))...(((((((((((((((((((......(((((....)))))))))))))).)))..)))))))((((((((...((((.(((((..............))))).))))...))))))))))))))..))).)))))))((((((....))))))......(((((.((....)))))))...(((((((((........(((.((((((((((((((((......))))).))))).........((((((..((.(((((((((..((.((((.((((((((((..........................((((((((((.((((.......)))).))))))))))(((....)))..))))))))))..)))))).)))).))))).)).)))))))))))).))))))))))))(((.(((.((((((((....))..(((((((...((((((.(((((.....))))).))))))...))))..)))...((((((.....(((((....)))))))))))((((((((..((((....))))((((.......)))))))))))))))).)).))))))((((((((...(((((((.........)))))))))))))))....(((((((((((..((((((((((.(((.((.((((((..........(((((..((.((........))))..))))).)).)))).))...))).))))))))))..).)))))))))))))))))))))))((((((((((((.(((......(((......((((..((((((..(((((.((....(.((((...........)))).).....))..)))))..))))))))))..))).......))).)))))))))))).))))))...((((.((((((((..................)))....))))).))))((((((..(((((......................)))))...)))))).((((((...)))))))))))))))).)))).............(((((((((......(((((.((((((((((((((((..(((((..((((...))))....))))).)))))..))))...)))))))...(((((.....((....))...)))))((((.((((((((.........((((........)))).(((...((((...(((..((((((((((((((((((((((((.(((..((....)))))..)))))))).)))...((.((.((((....(((.(((((((((....)))(((((((........((((((((...(((....)))...)))..)))))...)))))))((((((..((((((......)))))).......)))))))))))).)))....)))).)).))............))))))))).)))))))...))))...)))....((((.........))))))))))))...))))..))))).......)))))))))............))))))))))))))))))))....))))((.(......).))
composition_shuffle_029,-779.0999755859375,(((((((........)))......((((((((((((((((((((...............................................((((....))))......(((((((........)))))))..(((((((((((.((((...(((((...)))))...))))....((.(((((..((((((......(((.((((.(((.........))).)))).))).......))))))..))))).)).)))))))))))((((((((((.(((((..........((((((.(((((...(((.((....)).)))....)))))...........(((.((((((.(((((....((.(((..((((((((((.(((..((((((.......((((((.......))))))...(((((((((((((((((((......(((((....)))))))))))))).)))..)))))))((((((((...((((.(((((..............))))).))))...))))))))))))))..))).)))))))))).....))).))))))).)))))))))....)))))).......((((.((((.((((...((((((((((((((((((......))))).))))))).............))))))..(((((.(((.......((((((((((..........................((((((((((.((((.......)))).))))))))))(((....)))..)))))))))).....(((.(((....))).)))(((((.((.....)).)))))....))).))))).((..((....))..))...........)))))))).))))))))).)))).))))))..((((((((.((.((.((..((((.....(((((.(((((((...(((((((((((((((((((((.....(((((.((((.((((.(((.(((((((....))))......(((((((((((((...((((..((((((((.....((((((((((........)))))).)))).(((.((.((....)).)).))))))))))).....))))...)))))))))))))((((((...))))))....((((.(((.((((..((((((((((((.(((((..((.((((.(..(.((.((....((((.((((...((((((.((....))..)))))).....))))..))))....)).)).)..))))))).))))).).))))).......(((((...)))))..((((((((...)))).))))..................))))))....))))..)))))))..))).)))))))))))))))).....(((((((..(((((....((((((((....))))).)))....).)))).)))))))..))))))))))).((.((.((((..((((((.(.(((((.(((....)))..(((((((((((((..(((((....)))))(((((..((((..(((....)))...))))..).))))((((..((((.((((((((...((((((.((.....((((.((((.(..(((..(((((((.(((((((.((((.....)))).)))))))..)))))))((((((((((..(((.(((((((..((((.........)))).)))))))...)))....))))))))))))).....).)))).))))....))))))))..))).).)))).)))).)))).)))))).)))))))..))))))))))))..))))..)).))..(((.........)))...)))))))))))))))))..........((((...)))))))))...)))).)))).)).))))))))(((((......)).)))((((....)))).....))))))))))))))))))))....))))((.(......).))
composition_shuffle_030,-756.2999877929688,(((((((........)))......((((((((((((((((((((...........((((................................((((....))))......(((((((........)))))))(((((((((((((.((((...(((((...)))))...))))....((.(((((..((((((......(((.((((.(((.........))).)))).))).......))))))..))))).)).))))))))))).)).....(((.(((((...(((((((.((((((.(((((.(((.((....)).)))............(((.......((((((((.(((((....((.(((..((((((((((.(((..((((((.......((((((.......))))))...(((((((((((((((((((......(((((....)))))))))))))).)))..)))))))((((((((...((((.(((((..............))))).))))...))))))))))))))..))).)))))))))).....))).))))))).))))))).).......))).....(((((((((..(((.....((((((((((((((((((......))))).))))))).............))))))((((((((.(......).))).)))))...........................((((((((((.((((.......)))).))))))))))(((....)))..(((((...)))))..(((((((....((.....))....)))))))))))))))))))((.(((........))).))..))))))))))).)).)))))...))))).)))))))..((((.((((((((....)))).))))))))(((((((((((.((....(((..(((((..((((.(.(..((..((.((((((.(..((((((((((...(((((((((....)))))))))...)))))..((((..((((((((((..((((((..((((...(((((..(((((((((((((...(((((((((((((((((((...)))))))))((((((......))))))(((((((..(((((.((((((((...(((((((.....)))))))((((.((.((..(((((.(((......(((..(((..((((((((((......)))((((....))))....(((((....((((((..((.......))..)))).))....))))).....((((.(....).)))).....(((((.((.((((((((((................))))....)))))).))...)))))))))))).)))...))).......))).)))))..)).)).))))((((.(.((.((((.(((((((((..(((((((..(((((((.......))...))))).)))))))..).)))).)))))))).)).))))).......)))))))))))))))))))).((((.........))))....((((....).))).....))))))))).)....))))))).)))).)).))))).)))).....((((((((((....).)).))).))))((((((((...((((((.(((((((((((((.((((((((((......((((...))))..))))))))))((((....))))((((..(((.(((....(((((.(((.......))))))))(((((((........)))))))))).)))..))))))))))..)))..)))).))))))...))))))))..)))))).....)))))))))).))))((((..((.....))......))))....)))))))))))))).))..).).))))..)))))))))).))))))))))).......))))))))))))))))))))....))))((.(......).))
composition_shuffle_031,-750.5,(((((((........)))......((((((((((((((((((((...............................................((((....))))......(((((((........)))))))(((((((((((((.((((...(((((...)))))...))))....((.(((((..((((((......(((.((((.(((.........))).)))).))).......))))))..))))).)).))))))))))).))...(((((.(((((((.(((((...))))))))))....)))))))...(((((....((.((((((((((..((((((((..(((((..........)))))(((((((((.(((..((((((.......((((((.......))))))...(((((((((((((((((((......(((((....)))))))))))))).)))..)))))))((((((((...((((.(((((..............))))).))))...))))))))))))))..))).)))))))))(.((((((((((....(((((((((.(((..((((((((.(.....).)))).........((((((((((((((((((......))))).))))))).............))))))((((.((.((((.((((.((((((((((..........................((((((((((.((((.......)))).))))))))))(((....)))..))))))))))....)))).)))).)).))))(((((((......)))))))(((........))).......))))))))).)))))))....)))))..))))))....))))))).)..))).).)))))).))))))).(((.(((((((((((((.((((((.((.((((.((.((.((.((..((((...((.((((((((((((((((((.(((((.(((..((((.(....(((.((((.....((((((.((((((.((((((((((.(((((...(((((....)))))...)))))((((((((((.((((((....)))))).))..(((((..(((((((((((((((.((((((((((((((((((....(((..((((..(((.(((........))).))))))))))....)))))).))).)))))(((((....))).))((((((.(((((((((((((.....((((..((((.(((.(((((.((.....))))))).....((((...))))........)))...))))..)))).(((((((..((((((....)))..)))..))).))))(((((...(....)..))))))))))).....)))))))..))))))..)))))))).)))))).)))))))))).....(((((...(........)...))))))))).))))(((((((..(((((((.(((((...)))))(((..........))))))))))..).....))))))...............(((.............)))))))))))))(((((.((.(((((.(((...(((((.((.......)).))))))))))))).)).)))))...((((((......))))))..(((((((.((((....)))).)).)))))))))))))))))...)))).)))..((((.((....)).))))..).)))).))))))))))))))))).....)))).....((((((((..((((...((((.((.((((((.(((((((........((.((.((((.........)))).))))))))))))))))).)).)))).)))).))))))))))))))).)))).)))).)).)).))))..)).))))).....).)))))))))..)))))))))))))))))))))))))))....))))((.(......).))
composition_shuffle_032,-751.0999755859375,(((((((........)))......((((((((((((((((((((...............................................((((....))))......(((((((........)))))))...((((((((((.((((...(((((...)))))...))))....((.(((((..((((((......(((.((((.(((.........))).)))).))).......))))))..))))).)).))))))))))(((((((((((..(((((((((((((((.((((...((((((((.(((((((((((((...........((((((....((((((..(((((..........)))))..(((((((.(((..((((((.......((((((.......))))))...(((((((((((((((((((......(((((....)))))))))))))).)))..)))))))((((((((...((((.(((((..............))))).))))...))))))))))))))..))).)))))))((((((....))))))..(((((.((((((..(((((((((.(.....).)))...((........)).((((((((((((......))))).))))))).((((((((.((....((((((((((..(((......))))))).)))))).....)).))))))))......((((((((((.((((.......)))).))))))))))((((((((((..((((((((((.....(((((((....)))))))((.(((((...))))))))))))))))).(((((.((((((((...((((((((......((((((...))))))...))))))))....))))..)))))).))).((((((((((((...(((((((((........(.((((.......)))).)........))))))))).(((((((((..(.((.(((.(((.((.(((((.....))))).))..))).))).)).)..)))))))))))))))..)))))).))))))))))..(((....)))..)))))).)).))))...)))))(((......))))))))))))))))))))))).))).......((((((.((((((((((((((((((...(((((((((.........)).)))))))((.((((((((...))))((((....))))..)))).))...........)))))))..((((((.(.((.(.(((((.....((((.(((......))).)))).....)))))).)))))))))..((((((...(........)...)))))).(((.((......)).)))...))).))))..)))).)))))))).)))))))))))).))))))))))))).)).))).....)))))))).(((...((((((.((((((((((.(.((.((((((((.(.(((.(((((....((((.((.(((.....(((((((((((((((((.(((.......)))...))))).....((((.....))))..)))))))....)))))((((((...)))))).............(((....))).))))).))))....)))))))).)...)))))))).))).)))))))...))).))))))))).........(((((.(.((((.((.(((((((.......((.(((...((.((((((...((...((((((((((((((.(.(.(....((((((......))))))).).))))).))))))((((.((...((.......))...))))))((.((..(.(((.....))))..)).)).)))).)).)))))).))....)))))........))))))))).))))...).)))))((((....)))).....))))))))))))))))))))....))))((.(......).))
composition_shuffle_033,-776.0999755859375,(((((((........)))......((((((((((((((((((((...............................................((((....))))......(((((((........)))))))...((((((((((.((((...(((((...)))))...))))....((.(((((..((((((......(((.((((.(((.........))).)))).))).......))))))..))))).)).))))))))))((((((((.....(.(((..(((((((((((((((((((...(((.((....)).)))....))))).....(((.((((((.....(((((..........)))))...((((((.(((..((((((.......((((((.......))))))...(((((((((((((((((((......(((((....)))))))))))))).)))..)))))))((((((((...((((.(((((..............))))).))))...))))))))))))))..))).)))))))))).)).)))..(((..((((.(((((.(.((((((((((((((......((....)).....((((((((((((((((((......))))).))))))).............))))))((((((((.(......).))).)))))...........................((((((((((.((((.......)))).))))))))))(((....)))..(((((...)))))...)))))))........(((((((......)))))))(((((...(((.((((.((((((((.(((((.((((((((...(.(((.((.((((((.(((.(((.((...((((((((.(((.(((.(((.(((...(((((.(.((((((((((((........))))))(((((((((...((((....))))((((((.((.((.((((.(((........(((.((((((((..((.(...(((((((((.(((((...((((.....((((((((.....((((((((.(((.(((((.(((.((((((((((....((.((.((......)).)).))....)))))))))).))).)))...((((((.....)))))).....((((((...))))))..........)).)))...))))))))...))))))))(((......))).....)))))))))))...)))))))..).)))))))))).)))))))))).)))).)))))).........((.((((((....))))))))................))))).)))).....)))))).)..))))).)))..))).)))))))))))..)))))))).)))))))))))))).)...)))))))).)))))...))))))......))..)))).)))...))))))))))))).)))))))))..))).(((.((((.(((..........))))))))))))))))).)))))))))).)))))))))...((((((((((....((((.(.((.(((((((((.((((((((...(((((.(((((((((((((((((....))))...((((....))))))))).)).))))))..))..))).....))))))..)).)))))))((((((((...)))))))).......((((((.(.(((.(((((((.((((.(((......(((..(((((((....(((......))).((((((((..(((((..(((...((..((..(((........)))...)).)).....)))...))))))))))))).)))))))..)))....)))))))..)))))))...))).).)))))).......)).))).))))...))))))))))............))))))))))))))))))))....))))((.(......).))
composition_shuffle_034,-766.0,(((((((........)))......((((((((((((((((((((...............................................((((....))))......(((((((........)))))))(((((((((((((.((((...(((((...)))))...))))....((.(((((..((((((......(((.((((.(((.........))).)))).))).......))))))..))))).)).))))))))))).))...((.((((.((((((((((((..((((((((.....((((((.(((((((((((............((((.((((((((..(((((..........)))))..(((((((.(((..((((((.......((((((.......))))))...(((((((((((((((((((......(((((....)))))))))))))).)))..)))))))((((((((...((((.(((((..............))))).))))...))))))))))))))..))).)))))))((((((....))))))......(((((.((....))))))).....((((((....((........)).((((((((((((......))))).)))))))....((((((..(((((((((.((.(((....((((.((((((((((..........................((((((((((.((((.......)))).))))))))))(((....)))..))))))))))..)))))))(((....)))((((...(((((((((.(((.(((....)).).))).)))..))))))...)))))).)))))))))..))))))))))))))))))).).))))....)))))))))).)))))))((((.((....)).))))...(((.((((((....)))))).)))......((((((((((.((((((((((((((....((.(((((....((((((((..(((.(((((((...(((.(((((..((((((........))))))(((((((((((((((((((....)))))))...)))))).)).))))((((((((.(((.....)))))).))))).))))).)))..)))))))))).)))))))).))))).))((((((.(((....(((((((...(..((.(((((((((....))).......)))))).))..).)))))))...)))))))))(((.....)))..)))).)))))..........)))))...)).)))))))).))).))))))))))))).)))).)))).)).....((((((((((....((.((((((((.(((...(((((.(((((....(((((.((((..((..(((((....))))))).)))))))))....))......))))))))....(((......)))(((.(((((((((((((...((((((...))))))((.((.(((.((((((....)))).))))).)).))..(((((((.............(((......)))..)))))))))))))))..))))).......(((((((.((......((((((((((((.(((.(((((...(((.(((((.((((((((.(((((..(((.((((.((.(((((.((((......)))).)))))........(((((......))).))((((((....((((.......))))..)))))).)).)))).)))..))))).))))))))))))).))).))))).))).)))))............((((.........))))..)).)))))...((.(((..........))))).)))))))))))))))...))))))))..)).(((....))).....))))))))))............))))))))))))))))))))....))))((.(......).))
composition_shuffle_035,-775.2999877929688,(((((((........)))......((((((((((((((((((((...............................................((((....))))......(((((((........)))))))...((((((((((.((((...(((((...)))))...))))....((.(((((..((((((......(((.((((.(((.........))).)))).))).......))))))..))))).)).))))))))))((((((.....)))))).((((((((..(((((((((((...(((.((....)).)))....)))).....)))..)))).......(((((..........)))))(((((((((.(((..((((((.......((((((.......))))))...(((((((((((((((((((......(((((....)))))))))))))).)))..)))))))((((((((...((((.(((((..............))))).))))...))))))))))))))..))).)))))))))((((....)))).(((..(((((((((....((.(.(((((.(((((((((.............(((((((..(((((((.((((((((((((...........(((((....((.(((((((((..((.((((.((((((((((..........................((((((((((.((((.......)))).))))))))))(((....)))..))))))))))..)))))).)))).))))).)))))))..((.(.((((((((((((.((.(((((((....))))))).)).)))))))))))).).)))))))).....)))))).)))).)))....)))))))(((((...))))).(((((.(.(((.....((((((((.((((.(..(.(((.....))))..).))))))))))))....))).).))))).)))))))))((((((.........)))))).(((((.(((....((((((..(((.(((((....))))).))).((((((.(((((.(((..(((.((((((((((((((.(...(((((((((((((....(((((((....).))))))))))))).))))))).)))))))))))).))(((((((((...(((((.(((..(((((((.((....)).)))))).)..))).))))).((((((....(((......)))((..((...))..))...)))))).....)))))))))...)))..)))(((((........))))).......((((.(......).)))).......))))).)))))).))))))..))).))))).....((((((....)))))).(((((....)))))))))).).)).(((....)))....)))))))))..))))))))))).((((((((((.(.((.((.((((..(((.(((.(((......))).))).)))..)))).))))))))))....))))).........((((((((((.((.(((((((((((.(((.....)))...........((.(((....(((...(((..((..(((((((((((((.((((((.(...((((((.((((.((((.((...((((.(((((((.(((....((.(.(((((((((.((..............)).).)))))))).).))..)))...)))))))))))((((((((((((..(.....)..)))))).))))))......))..)))).)))).))))))...).))))))...))).......))))))))))..)).)))...)))....)))))..((((.........))))))))))))........))).)).)).....))))))))............))))))))))))))))))))....))))((.(......).))
composition_shuffle_036,-768.0,(((((((........)))......((((((((((((((((((((...............................................((((....)))).....((((..((((((((((((((((((((((((((((((.((((...(((((...)))))...))))....((.(((((..((((((......(((.((((.(((.........))).)))).))).......))))))..))))).)).))))))))))).)))..(((((.(((((((.(((((...))))))))))....))))))).(((.(((...........(((((((...(((((((((((((..........)))))(((((((((.(((..((((((.......((((((.......))))))...(((((((((((((((((((......(((((....)))))))))))))).)))..)))))))((((((((...((((.(((((..............))))).))))...))))))))))))))..))).)))))))))((((.(((((((.((((..((((..((...(((((((((.(.....).))))........(((((((((((..(((((((.(((.(((((.((((((..((((((((.((....((((((((((..(((......))))))).)))))).....)).))))))))..)))))).)))))(((((((((((((((((.(((....(((((((.....(((...)))..))))))).....))).))))))))))......(((((((.((((((.((.((.(((.(((....))).))).)).)).))))))..)))))))......)))))))))).)))).)))....))))))))).))((((((((((((((((..(((((.(((.((((...)))))))))))).)).)))))).)))).))))((((((.....(((((((.((((((((.(((((((((((.......))))))..)))))..)))....)))..)).)))))))..))))))....((.(((....))).)))))))))..)))).)))).))))))))))).))))))))..)))))))...))))))((((...))))..))))))))))((((((.((.(((.((((((.(((..((......))..)))))))..)).)))))))))))....((((...........))))......((((.((((((((...((((....(((((.....(..((((((........)).))))..)(((((((....(((.......)))..))))))).....(((((((.(((((..((...))..))))).(((((....((((((.......)).))))(((((((....)))))))))))).....)))))))...)))))....))))......((((((.((((((((((((((...........)))))(((....(((...(((..((.((((((((((((((......))))...............((((.....))))..((((((..(((((((((.((..(((((((((((.....)))..(((((.(((.....((((((((..((((((.........(((((((((((((..(((((....)))).)..))))).)))).))))))))))....))))))))...))).....(((((..(((.(.......).)))..)))))(((((.......))))))))))))).)))))..)).).))))))))))))))...........((((............))))..)))))))))).)).)))...)))....)))..))))).)))).))))))..))))))))...)))).....))))))))))((.((((....)))).))..))))))))))))))))))))....))))((.(......).))
composition_shuffle_037,-766.7000122070312,(((((((........)))......((((((((((((((((((((...............................................((((....))))(((((((((((((........)))))))...((((((((((.((((...(((((...)))))...))))....((.(((((..((((((......(((.((((.(((.........))).)))).))).......))))))..))))).)).))))))))))((((((.....))))))..)))))).(((((((((((((...(((.((....)).)))....)))))....((((((.(((.((((((.(((((....((.(((..((((((((((.(((..((((((.......((((((.......))))))...(((((((((((((((((((......(((((....)))))))))))))).)))..)))))))((((((((...((((.(((((..............))))).))))...))))))))))))))..))).)))))))))).....))).))))))).)))))))))........((((.(.....).))))..((........)).((((((((((((......))))).))))))).)))))).))...))))))(((((.............((((((((((..........................((((((((((.((((.......)))).))))))))))(((....)))..)))))))))).....(((((((.(((((((((..((....((((((((((((......((((((....(((((.((((...((((((((...)))).)))).....)))).)))))..))))))(((.((((((((.((.(((((((((((((..(((.(((((((.(.((((.(((((..((((((.(((.((.......)).)))))))))))))).).))).).))))))).)))((((((.((((((((((..(.(((((((((.((...(((......)))(((....))).(((((.(((((....)))))))))))).))))))).)))..))))...)))))).))))))...((((((..(.((((.((((((((.(((.....))).)).)))))).)))).)))))))...........))))))))))..))).)).))).))))))))))))))...))))))....))..))))))))).((((((((.((((((.((.((((((..((((((...((........((((.((((((..(((((((..((.......))...))))))).(((.(((...((..(((((((((((..((((.(((((((.......((.((((((((.((((((((....))))((((((.((((((((...(((((...(........)...)))))...(((((((..((((...((((.(.((((((((((((...))))......(((((((((....))))).)))).((.(((((((..(((..((.......)).....))).))))))).)).......)))))))).)))))))))..).)))))).....(((((((.(((((((((((((.((((((......)))).....)).)))).))))))))).))..))))))))))))).)))))))))).)))))))).))))))))..).))))......))))))).))))..))))))))))))))..)))).....))...))))))......))))))..)).)))))).............((((.........))))..(((((.(....((.((((..((.....))......)))).))).)))))..))))))))......)).)))))...)))))((.((((....)))).))..))))))))))))))))))))....))))((.(......).))
composition_shuffle_038,-769.7000122070312,(((((((........)))......((((((((((((((((((((...............................................((((....))))......(((((((........)))))))...((((((((((.((((...(((((...)))))...))))....((.(((((..((((((......(((.((((.(((.........))).)))).))).......))))))..))))).)).))))))))))((((((((((((.(((((((.(((((...))))))))))....)))))))((((((((...(((........)))..(((((..(((....(((...((((.(((((..(((((((.(((..((((((.......((((((.......))))))...(((((((((((((((((((......(((((....)))))))))))))).)))..)))))))((((((((...((((.(((((..............))))).))))...))))))))))))))..))).)))))))((((((....)))))).((((.(((((.(.(((((((((((.(.....).)))).........((((((((((((((((((......))))).))))))).............)))))).(((((((.((((((...((((((((((..........................((((((((((.((((.......)))).))))))))))(((....)))..))))))))))..((((((.(((((((((((((.((....)).).)))))))))))).))))))(((((....(((..((((((((((.....(((((.......)))))..)))))))).))..))))))))..((..((((.(((((((((....))))).))))..)))).)))))))).)))))))(((((.((((((((((((.(((((.((((.((((.((..(.(((((((((.((((......)))).))))))))).)..)).)))).))))))))).((((.((((.((..((.....))..)).)).))))))(((((((((((.(..(((((......)))))..))).)))))).)))(((((.(.((((.(((((.((.((((((((.((.......)).)))))).)).))..))))).)))).).)))))((.(.((((((((....((((((................))))))...)))))))).))).....((..((((((...))))))))....))).))))))))))))))(((..((((.(...(((....))).).)))).)))............))))))).)))))))))).((((((...))))))))))).)))))))......)))..))))).))))))))........)))))))...((((((((((.((.(((((((((((.(((....((((((((.....(((.((((..(.(((((.((((....)))).(((.((((........))))..))).((........))......))))))..)))))))..)))))))).......(((((((.......(((.((.((.(((((((((((....((((.(((...((((.((((..(((((((((((((((.((((.(((((((..((((...))))..))))))).((((((((....((((.((....)).))))..)))))))))))).)..))))))((((....))))(((((((.......))))))))))))))))))).))))...))).)))).((((.........)))).))))))))))).)).)).)))((.....))......)))))))...)))...))))))))........))).)).)).....))))))))............))))))))))))))))))))....))))((.(......).))
composition_shuffle_039,-763.5,(((((((........)))......((((((((((((((((((((...............................................((((....))))......(((((((........)))))))(((((((((((((.((((...(((((...)))))...))))....((.(((((..((((((......(((.((((.(((.........))).)))).))).......))))))..))))).)).))))))))))).)).........(((((((((((((((.(((((((((....((((((((((...(((...........((((...(((((......(((((..........)))))..(((((((.(((..((((((.......((((((.......))))))...(((((((((((((((((((......(((((....)))))))))))))).)))..)))))))((((((((...((((.(((((..............))))).))))...))))))))))))))..))).)))))))((((((....))))))..(((((((((.(((((..(..((((..((((((((((..((........)).((((((((((((......))))).))))))).((((((((.((....((((((((((..(((......))))))).)))))).....)).))))))))......((((((((((.((((.......)))).))))))))))(((....))).(((((((.(((.....(((((((....))))))).....))))))))))))))))))))...(((..((((((((((.................(((((.(((((.....))))).)))))....((((((.((((((((........)))))))).)..))))).(((((........)))))))))))))))..)))))))..)..))))).(((((((((((....))))))))))).)))))))))....)))))...)))))))(((((((((......)))))).)))))))))(((.(.(((((((((((.((((((....)))))).........(((((...((...(((((((((.((.(((((.((((((..(......)..)))))).)))))))...)))).((((........))))((.(((((((....))).)))).))..((((....))))....)))))...))..))))).))))))))))).))))(((((...........)))))))))....))).)))..))).))))))))))))).)).............(((.(((((...(((...((((((.((((...((((((((((.(((((.((.((.((((((..(((((((((((((.(((((((((((((.((((...((((((..(........)..))))))..(((.((......)).))).....((((((...))))))))))..)))))).))))))).))))).))).........(((((...(((.((((((((.((....((.((((((..((((((((((...)))......)))).)))..).))))))))).)))))))).)))..)))))....)))))....))))))..)).)).)))))..)))))..)))))....((((((.......((((....)))).))))))..(((((..((((((..((((((...)))).))...))))))...((((....))))((((((((((.(((((...)))))..))).)))))))......)))))......(((......)))((.((..(.(((.....))))..)).))..((((...)))))))).))))))...)))...)))))))).(((((......)).)))((((....)))).....))))))))))))))))))))....))))((.(......).))
composition_shuffle_040,-757.7999877929688,(((((((........)))......((((((((((((((((((((...............................................((((....))))......(((((((........)))))))...((((((((((.((((...(((((...)))))...))))....((.(((((..((((((......(((.((((.(((.........))).)))).))).......))))))..))))).)).))))))))))((((((.....))))))..(((((((...(((((......((((((((..((.(((((...........(((((((((.((((.((((((((..........)))))(((((((((.(((..((((((.......((((((.......))))))...(((((((((((((((((((......(((((....)))))))))))))).)))..)))))))((((((((...((((.(((((..............))))).))))...))))))))))))))..))).)))))))))(((((((((.((......(((((((((((.((((((...((.(((((((((..(((.....((((((((((((((((((......))))).))))))).............))))))(((((.((.....((((.((((((((((..........................((((((((((.((((.......)))).))))))))))(((....)))..))))))))))..))))...)))))))....................)))))))))))).((((((...((((.((....((((((((...((.((((.......)))).)))))))))).....))..))))..))))))((((((((.....))))))))(((...)))..))...))))))))))))))))).....((.((.((((((......)))))).)).))))))))))))).((((....))))(((((...(((.(((((((...((((........)))).)))))))))).)))))...(((((((((..(((.(((((((.(((.(((((......))))).))).))))))).)))..))))))).))......))).)))).)))))))))))))).))....(((.(((((..(((.....)))))))).))))))))))).....))))).))).)))).((((((((((.....((((((((((((.((.(((.(((.(((....((((...))))....))))))))).))))).((((..((((.........)))).)))).....(((......)))((((((((.(((....((((((((.....((.(.((((...........(((((..(((((..((((((.((((.....(((((.(...((((....))))....).)))))((((((((((.((..((.(((....((((...))))....))))))).))))))))))..(((((.....))))).......)))).)).))))..))))).)))))))))).))..))))))))........((((((.((((....(((......(((.(((((..((((((((...(((((((((((.(((((....(((((.(((((((((((((((((((..((((....))))....))))))........)))))))))))..)).)))))....))))).))))...((((((.......(((..(.(((((.((((.....))).).))))).).))).......))))))..)))))..))....))))))))..)))...)).)))........)))..))))))))))....)))...))))))))..))))...)))))......))))))))))............))))))))))))))))))))....))))((.(......).))
composition_shuffle_041,-767.0999755859375,(((((((........)))......((((((((((((((((((((...............................................((((....))))......(((((((........)))))))(((((((((((((.((((...(((((...)))))...))))....((.(((((..((((((......(((.((((.(((.........))).)))).))).......))))))..))))).)).))))))))))).))...(((((.((...((((......))))((..(((.((((((.(.(((((((((...(((........)))............(((((..........)))))(((((((((.(((..((((((.......((((((.......))))))...(((((((((((((((((((......(((((....)))))))))))))).)))..)))))))((((((((...((((.(((((..............))))).))))...))))))))))))))..))).)))))))))((((....)))).(((.((((((((((..((((((((..((.(((((((((..........((((((((((((((((((......))))).))))))).............))))))(((((.((..((.((((.((((((((((..........................((((((((((.((((.......)))).))))))))))(((....)))..))))))))))..)))))).)))))))))))))))).(((.(((.(.((.(((.........))).)).).))).)))....((((((((...(((.(.((....)).).))).))))))))...(((((((.((.((.(((.((((((((...(((....)))....))).)))))))).)).)).)).)))))((((((((((.....(((.((((((....)))))))))..(((.(((((((((((.((((((((.....((((((((((((.((((.....(((((((((....)))).))))).(((((((.(((((((.....))))))))))))))..(((((.((((..(((....((((((......))))))))).)))))))))..)))).....))))).))))))).........))))))))((...((((((..((.((((.(((......)))...........)))).))..))))))...)).))))))))))))))........((((...)))).....)))))))))).))..))))))))(((.......))).)))))))))).)))))...))))))).).))))))))).)).))))))).....(((((((((.......((((....))))((((((((((((.....)))))....)))))))..((((.((..(((..((((((((((.((((.....((((((...))))))((((..(((((.........))))).))))(((..................)))...))))))....((((((.(((((((((...((((..(((...(((((((((..((.((....(((....)))..((((((....))))))...((((((.((((((((.(((.(((.(((((..........))))(((((((...)))))))...).))).).)).)))))))).)))))).(((((((............)))))))...((((((((.(((.((..((((((....))))))...)).))))))...))))).....((((.((.....))..))))..))))..)))))))))....)))..).)))...))))).)))).))))))..))))))))....)))..)).)).))...))))))))).............))))))))))))))))))))....))))((.(......).))
composition_shuffle_042,-749.7999877929688,(((((((........)))......((((((((((((((((((((...............................................((((....))))......(((((((........)))))))..(((((((((((.((((...(((((...)))))...))))....((.(((((..((((((......(((.((((.(((.........))).)))).))).......))))))..))))).)).))))))))))).(((((.(((.....((((((..((..(((((.(((((...(((.((....)).)))....)))))..((((.(((.((((((((((.(((((....((.(((..((((((((((.(((..((((((.......((((((.......))))))...(((((((((((((((((((......(((((....)))))))))))))).)))..)))))))((((((((...((((.(((((..............))))).))))...))))))))))))))..))).)))))))))).....))).))))))).))))))).......((((.(.((((((.((((...........(((((.((((((((((((......))))).))))))).((((((((.((....((((((((((..(((......))))))).)))))).....)).)))))))).(((..((((((((((.((((.......)))).)))))))))))))(((((((((...((((((.....(((((.....))))))))))).........)))))))))................)))))..........)))))))))).)))))....))).))).)))).......)))))..))..))))))))).)))))((((((....))))))((((((((((.(((((((..((.(((...(((.(((((.((((((....(((((.((.(((((.(((......(((.....)))....(((.(((((....(.(((((((((((((((..(((((....))))))))))))(((...)))...(((((....)))))...........(((((((((.(((((((((..(((.(((.(((.((....(((.(......).))))).))).))).)))((((..(((.......)))..))))(((((.(((.(.((((((.((((..(((....)))((((((...((((((..((.......))...))))))...))))))..........(((..........))))))).))).))).)))))))))..........)))))))........)).)))))))))(((((..........)))))......)))))))).)..))))).))).....(((.((.((((((((((((.(((((((..(........)..))))))).(((((..((...))..)))))...........((((.(((..........))))))).(((((..((((((...............))))))..)).)))......((((..(((((((..((.((((.((.(((((((((..(((...(((..((((((((((((((((((..((((......)))).))))))))).....((((...(((((.....))))).))))(((.....)))((((....)))).....)))))))))..)))((((.((.(((((((..((....))..))...))))).)).))))...)))..))))))).))..)))))).)))))))))..))))........((((.........)))).)))))))))))).)).))).)))...)))))))..)))))....)))))).....))))))))...)).).))..))))))).))))........)))))).))))))))))))))))))))....))))((.(......).))
composition_shuffle_043,-772.2999877929688,(((((((........)))......((((((((((((((((((((...............................................((((....))))......(((((((........)))))))(((((((((((((.((((...(((((...)))))...))))....((.(((((..((((((......(((.((((.(((.........))).)))).))).......))))))..))))).)).))))))))))).)).........((((..((((((((((((((((((((...(((.((....)).)))....)))))..........((((((....(((((..........)))))(((((((((.(((..((((((.......((((((.......))))))...(((((((((((((((((((......(((((....)))))))))))))).)))..)))))))((((((((...((((.(((((..............))))).))))...))))))))))))))..))).)))))))))((((.(((((((.(((.(.((((.((..(((((((((..((((((((((((..(((.....((((((((((((((((((......))))).))))))).............))))))((((.(.(((((((.......(((((((((((.................(((..((((((((((.((((.......)))).)))))))))))))((((((((...))).))))).)))))))))))......))).)))).).))))..)))))))))))))...(((((((((..(((...(((((((.((((((((..((((........))))..)))).))))(((((((((((((.(((..(((((((((((......)))))..)))).))..))).))).))))))))))....)))))))))).)))))))))(((((((((((...(((......)))...))))))))))).((.((.((((....(((((((((.(.......)))))).)))))))).)).)).))..))))))))))))))).)))).))))))))))).))))))))))))).)))))))).)).))...(((((((.....))))))).(((((..(((((((..((...(((........)))...)).)))))))...)))))((((....))))........((((((((((....((.((((((((.(((....((.(((((....((..(((((..........)).)))..))...))))).))..(((....)))......((((....)))).......((((((..(((((...((((.....((((((((.(((.....)))..((((((((((..(((.....((((.((..(((((((..............)))))))..)).))))..)))...))))))).))).)))))))).(((((((......((((....))))....(((((((...(((((((..((((((((....))))....)))).))))))).....(((((....(((..(((((..(((........(((.((((.(((((((.(.((...(((((..((((((((((......)))))))))).(((.(((.(((((((((((((((((...))))))).....)))((.((....)).))((((((..(((((.......)))))..))))))......))))))).))).)))..)))))....))).)))))))))))..))).......)).)..)))))....)))......))))))))))))))))))).......))))...)))))))))))..)))...))))))))..)).(((....))).....))))))))))............))))))))))))))))))))....))))((.(......).))
composition_shuffle_044,-755.5999755859375,(((((((........)))......((((((((((((((((((((...............................................((((....))))......(((((((........)))))))...((((((((((.((((...(((((...)))))...))))....((.(((((..((((((......(((.((((.(((.........))).)))).))).......))))))..))))).)).))))))))))((((((.....))))))((((((...(((((((((((((...(((.((....)).)))....)))))....((((((.(((.((((((.(((((....((.(((..((((((((((.(((..((((((.......((((((.......))))))...(((((((((((((((((((......(((((....)))))))))))))).)))..)))))))((((((((...((((.(((((..............))))).))))...))))))))))))))..))).)))))))))).....))).))))))).)))))))))........((((.(.....).))))..((........)).((((((((((((......))))).))))))).)))))).))...))))))))))))..((((((...(((((...((((.......(((.((((((((((((((((((((((((.((((.......)))).)))))))))))).((((((((...))).)))))......((((((.....((.(((((((......))))))))).......).)))))(((((...((((((...((((((......(((((((.(((.((.((.((((((((.(((.((.(((.((((((((((((.(((((((((((((((.....((((((((..(((((((.(((((((...((((((((((((((....(.((.(((((((((((((((...(((((.((.........)).))))))))))).))))))))))).)((((((((.(((((.((((..((((((((........))))))))..((((((.(((((.((((((((...))))).....((.(((((...))))).))))).)))))))))))((((((((((((..(((..((((....(((.(((....))).)))..)))))))...))))(((......)))..))))))))))))))))).))(((((..((...))..))))).............))))))..)))).)))))))).))(((((((..(.(((.....((((((..(........)..))))))..))).)..)))))))))))))).))))).))..)))))))).........))))).)))))))))).)))(((((.....)))))....((.((((.(((((.((....((((...(((((..........)))))....))))...))...))))).)))).))....((((((((............(((((((((((....(((((...((.......))...)).)))....))))).....))))))))))))))...(((((((((((((.(..(((((.((..((.......))..))..)))))..).))))))))).)))).....(((((.((..(((((....))))).)).)))))...))))))))).(((..((.((.......)).))..)))))).)).))).)))))))).)).)).)).).)))))))...)))))))))))))))))........)))))))))))).))).....(((((.(....((.((((..((.....))......)))).))).)))))................))))...)))))..))))))................))))))))))))))))))))....))))((.(......).))
composition_shuffle_045,-754.5999755859375,(((((((........)))......((((((((((((((((((((...............................................((((....))))......(((((((........)))))))...((((((((((.((((...(((((...)))))...))))....((.(((((..((((((......(((.((((.(((.........))).)))).))).......))))))..))))).)).))))))))))((((((((...((((.....((((.((((((((((((.....(((.((....)).))).....((((((((((....((((((..((((((.(((...((.(((..((((((((((.(((..((((((.......((((((.......))))))...(((((((((((((((((((......(((((....)))))))))))))).)))..)))))))((((((((...((((.(((((..............))))).))))...))))))))))))))..))).)))))))))).....))).))...))).)))))).((((((.((((..((.(..(((((...........((((((((((((((((((......))))).))))))).............))))))..(((.(((((......(((.(.(((((((((.................(((..((((((((((.((((.......)))).)))))))))))))((((((((...))).))))).))))))))))))).((((((((((((......)))))))............(((......)))....((((((((...((((((.(....)..))))))))))))))...))))))))))))).(((((...)))))....)))))..)))..))))..))))))))))))....))))))))))(((((((..(((((((((((.(((((...)))))......(((((((((((((.((((.((..((((.((..........(((((.(..((.(((((((.((....))...)))))))))..).))))))).))))..)).))))....)))))))))))))((((((.(.((((...((((...((((((((..((((.((((..(((.....((((((.(((...(((((((...((((((....))).)))....)))))))..((((...........))))..(((.(.(.(((..((.((((..(((((.(((((....((.((((((..........).))))).))......))))).))..(((((((..............)))))))...)))..)).))))..))).).).))).....))).))))))..)))..))))..(((.(((((((.(((((((.....)))))))..))))))).)))))))...))))))))...))))...)).)).)))))))...))))))))).))....))))))).))).))))))).)).)))).))))))))))))...((((((((((....((((((.(((((((((....((((........)))).((((((....(((((((((((((((((((.(((((((.(((.((....))))).))))))).)...))).)))).))).......))))).)))))))))(((....)))(((((.(......).)))))((....(((((((((...((((((((..((((((.(((((((.(((..(((((((((....).))).))))).))).((((.(((.....)))..))))......))))))).)))))).))))..))))....))))).))))))))))).)))).))))))...............(((....))).....))))))))))............))))))))))))))))))))....))))((.(......).))
composition_shuffle_046,-756.7999877929688,(((((((........)))......((((((((((((((((((((...............................................((((....))))......(((((((........)))))))(((((((((((((.((((...(((((...)))))...))))....((.(((((..((((((......(((.((((.(((.........))).)))).))).......))))))..))))).)).))))))))))).))...(((((.(((((((.(((((...))))))))))....)))))))(((((((((...(((.....(((.......((((((((.(((((....((.(((..((((((((((.(((..((((((.......((((((.......))))))...(((((((((((((((((((......(((((....)))))))))))))).)))..)))))))((((((((...((((.(((((..............))))).))))...))))))))))))))..))).)))))))))).....))).))))))).))))))).).......)))..((((..((.(((((((...(((((((((((((((((((((......))))).))))))).............))))))((((((((.(......).))).)))))......................(((..((((((((((.((((.......)))).)))))))))))))..(((((((((.(((.((.(((.(((((.....))))).)))))...))))).))))))).)))...))))))).))..))))..((((((((((((.....(((((.(((((.....))))).))))).....)))((((((..((.((.(((((((...(((((((.((((.(((((((((.(((((((.(((((.........))))).))))))).))))).))))(((((...)))))............)))).)))))))....)))))))))..)).))))))((((((..((.(((.((....)))))))))))))....((((((.((((((..((((...(((((.((....)))))))))))...)))))).))))))...)))))))))))))))))))))((((....)))).....(((..(((((.....)))))...))).(((((..(((.....)))))))).(((((.....((((.(((.(((((.((.(((.(((((((((((((((...))))))......(((...))))))))..)))).)))(((........))).....(((.(((((..((((.....((((.((((((((((((((...........))))).((((((.(((.((((((....)).))))..)))))))))...........(((((((.((((..((...(((((((.(((((((((((((((((........))))(((......)))..((((((((.(((((.((((((((..............)))))...).)).)))))...)))).))))))))))))..)))))............)).)))))...))..)))).)))))))(((((..(((((((((((((((((((((((..........))))(((((.(((.(((..((((((((((...(((.((((((((((((((....))))...((...(((((.......)))))...))((((..((((....))))..)))).)))))))))).))).))))).)))))..))).......))).)))))....)))))..))))))))).....))))))))))((.....))...))))).)))).)))).....))))..))))))))........)))))))))).)))).....)).))).))))))))))))))))))))....))))((.(......).))
composition_shuffle_047,-755.5,(((((((........)))......((((((((((((((((((((...............................................((((....))))......(((((((........)))))))...((((((((((.((((...(((((...)))))...))))....((.(((((..((((((......(((.((((.(((.........))).)))).))).......))))))..))))).)).))))))))))((((((.....))))))....(((((((((((((..(((.....(((((((.((((((...(((........)))...(((.((((((.(((((....((.(((..((((((((((.(((..((((((.......((((((.......))))))...(((((((((((((((((((......(((((....)))))))))))))).)))..)))))))((((((((...((((.(((((..............))))).))))...))))))))))))))..))).)))))))))).....))).))))))).)))))))))........(((...(((((((((((..(((....((((((((((((((((((......))))).))))))).............))))))..)))(((.(......).)))(((((((((((.................(((..((((((((((.((((.......)))).)))))))))))))((((((((...))).))))).)))))))))))...((.....)).((........)))))))))))))...)))....((.((((.((((((((.....((.((((((...)))))).))...((......)))))))))))))))).))))))..((((......))))))))))))))..))))))).)))))).(((((((((((((.((((.((((.(((((....((((((.((((((.(((((((((((((.((((.(((....))).)))))).(((((((.(((.(((.((.(((((((((((((((((....)))..)).))))))))(((((.((..(((((......))))).....)).))))).)))).)).))).).)).))))))))))))))).((((.(((....))).))))..((((((.(((.(((.(....).))).).)).))))))........))).))))))..)).)))).......((((((((((((.((....(((...((...))..)))..........((((....))))...((((((..(((.....)))..))))))...))))))....((((((.((((..((((..((..(((((((((((((.((((((..(((.(((((....))))).))).((..((((((.((........))))))...((((((.(((((((((((..(((.(.(((((.....(((((.(((((((.(((..(((...((..(((((...))))))).)))..))))))))))...(((((.((((((((((((((((.(((((..........)))))....((((((((...)))).)))).))))).))))))))........))).))))).)))))))))).).)))..))))..))))))).))))))))..)))))))).)))).))..)))))))..))..))))..(((((((((..(...)..)))))))))(((((((.((((...(((((.((.(.(((((...))))).)((((.....((.(((((........)))..)).)).....))))...)))))))))))...))))))).........((((...)))))))).))))))..))))))))..))))).)))))))).)))....))))))).....)))...))))))))))))))))))))....))))((.(......).))
composition_shuffle_048,-770.9000244140625,(((((((........)))......((((((((((((((((((((...............................................((((....))))......(((((((........)))))))(((((((((((((.((((...(((((...)))))...))))....((.(((((..((((((......(((.((((.(((.........))).)))).))).......))))))..))))).)).))))))))))).))......(((((((...........(((((((((((...(((.((....)).)))....)))).....)))..)))).......(((((..........)))))..(((((((.(((..((((((.......((((((.......))))))...(((((((((((((((((((......(((((....)))))))))))))).)))..)))))))((((((((...((((.(((((..............))))).))))...))))))))))))))..))).)))))))((((((....)))))))))))))...(((((((((((.((..((((.((((((..(((...((((((((((((((((((((......))))).)))))).......(((.((...((.((((((((((....((((.((((((((((..........................((((((((((.((((.......)))).))))))))))(((....)))..))))))))))..))))..))))).))))).)))))))..(((((.(((.(((..((.((....(((......)))....)).))..))).))).))))))))))).).))...)))..)))....)))))))..)).)))))))))))(((((....)))))...((((((..((((....(((((((((....(((((((((....(((.(((((..(.((((((((...((((...((((.(....((((((..(((((((((((..(((((((.(..(((((((...(((((..........(((((((((((..((((......))))....(((((.((((((((.....)))((((.((((.(((((..(((((((.........((((.((((.((.......)).))))))))........)).)))))..((((((((((((((.....((......)).....)))))...).))))))))(((((..((...))..)))))..((.(((...))).))))))).)))).))))(((((((..((((.((((.....(((....)))...))))....))))..)))))))..))))))))))..(.((((((.((....))..)))))).)...((((((((...)))).))))((((((((...............)))..)))))......))))))))))))))))...)))).)))....).)))))))..))))).....((((((((..((((((((((.....))))...............)))))).)))))))).))))))))))))))))).....)))).((.(((...((((....(((((...((((((((((((((((((((.(...((((((.((((((((.(((((((.(((((.....)).)))....((((((((.(((....)))))))))))........((((((...(((((((.((....))...))))))))))))).))))))))))))).......(((((((.......))))))).)).))))))...).))))))......)))))...))))))))).))))).....))))...)))))..)))))))))))))).)))..)))))..))))............)))))))))..))))..)))))).))))))))))))))))))))....))))((.(......).))
composition_shuffle_049,-759.7000122070312,(((((((........)))......((((((((((((((((((((...............................................((((....))))......(((((((........)))))))(((((((((((((.((((...(((((...)))))...))))....((.(((((..((((((......(((.((((.(((.........))).)))).))).......))))))..))))).)).))))))))))).)).........((((..(((((.(((((..(((((((...(((.((....)).)))....))))....(((.((.((((((....(((((..........)))))..(((((((.(((..((((((.......((((((.......))))))...(((((((((((((((((((......(((((....)))))))))))))).)))..)))))))((((((((...((((.(((((..............))))).))))...))))))))))))))..))).)))))))((((((....)))))).((((.(((((.(.(((((((.(((..((..(((((....((((...((((((((((((((((((......))))).))))))).............))))))(((((.((..((.((((.((((((((((..........................((((((((((.((((.......)))).))))))))))(((....)))..))))))))))..)))).)))))))))((((((((((((((((((((((.((.(((((((((...(((((.(.((((...((((((((...((((.(((....)))..))))))))))))....))))((((..(((.((...((.((((((((((.(.((((((..(((((.(((((((((((((((((.(((.(((((((((((((((((..(((((((((((((((((((((...(((((((((((((.((((.....)))).))))...((((.(((((...((.(((((.....((((((((......)))..)).)))((((((((((..(((((((......)))))..))..))))))).)))))))).))....))))).)))))))))))))))))).((((....))))....(((((((...(..((.(((((((((....))).......)))))).))..).))))))).((.((.....)).)))))))).).)))).)))))......))))))).........))))))))))(((((((.....((((..(((((((..(........)..))))))).))))...)))))))...)))))))))......((....(((((......(((((....)))))...)))))....)).....))))..)))))))..)).)))..)))))))))))))))))))...)).)))))))...).))))).))))))).)))).)))).)))....))))).)))..........))))))).)))).))))).))))).))))))).)))))))))).((((((...((((...)))).......((((....)))).))))))........(((((((....)))).))).((((.....)))).)))))).)).))))))..))).)).)))))....))))(((((((.(((....((.(((...((((((((((((((.(((...((((((((.((.(((.....))).)).)))).))))....))).))))))))...........(((.((........))..)))((.((..(.(((.....))))..)).))..((((...)))).))))))..)))...))....)))..)))(((((......)).)))...........))))..))))))))))))))))))))....))))((.(......).))
composition_shuffle_050,-765.0,(((((((........)))......((((((((((((((((((((...............................................((((....))))......(((((((........)))))))...((((((((((.((((...(((((...)))))...))))....((.(((((..((((((......(((.((((.(((.........))).)))).))).......))))))..))))).)).))))))))))((((((((.....((((((((......(((.(((((((((((((.(((..((...((....(((........)))....))......(((((..........)))))(((((((((.(((..((((((.......((((((.......))))))...(((((((((((((((((((......(((((....)))))))))))))).)))..)))))))((((((((...((((.(((((..............))))).))))...))))))))))))))..))).)))))))))((((....)))).(((.((((((((((...((((((.(((((((.(((.(((..((...(((.((((((.(((((((((.....(((((((((((((....((((((.(((....(((((...((((.....)))).)))))..))).))))))..))))))))))).))(((((((((((.((((.......)))).)))))))))))(((((((((((((.(((.(((.....(((((((....)))))))..)))))))).))))))))).))(((((.(((((..(((((((...((((((((.....(((((((...)))))))..))))))))....)))).)))..(((.(((((......(((((....))))).....))))).)))(((((....)))))(((((((((((((.(((.(((...(((((((.((((...((((...(((((.....)))))....)))))))).))).))))))).))).))))))).))))))(((......))).....)))))))))).(((...))))))))..))))))))))...)))))..))).)))..))))).(((((((...((((.(.(((((((((((...((.....((((((((..((((((((((((.(((........))).)))....)))))))))((((.............(((......)))))))))))))))....)))))).)))..)))).).)))).)))))))(((((.(((((...((((((((((..(...(((....))).)..))))).).))))))))).))))).....((((((.(((..(((((((...))))..)))..)))))))))))))))))....(((((......))))).)))))))))).)))....((((...(.(((((.((.....))))))).)...)))).))..))).))))))))))))))))....)))))).))......))))))))...((((((((((..(((..((((((((.((((((((((((((((..(((.((((((.....((((((.(((((..((((.....)))).....)))))...))))))..)))))).)))...)))))))))))..)))))((((((((((((((((......))).)))))........)))))))).((((((((((........(((((((...((((....))))..((((((((((....)))((((.(((...))).))))...((..(((....((.....))..)))..))..))))))).)))))))..))))))).)))...((((.........))))))))))))....)))..))...........))))))))............))))))))))))))))))))....))))((.(......).))
composition_shuffle_051,-768.9000244140625,(((((((........)))......((((((((((((((((((((...............................................((((....)))).....((((..((((((((((((((((((((((((((((((.((((...(((((...)))))...))))....((.(((((..((((((......(((.((((.(((.........))).)))).))).......))))))..))))).)).))))))))))).)))..(((((.(((((((.(((((...))))))))))....)))))))((((((((............(((..(((((((((...(((((..........)))))(((((((((.(((..((((((.......((((((.......))))))...(((((((((((((((((((......(((((....)))))))))))))).)))..)))))))((((((((...((((.(((((..............))))).))))...))))))))))))))..))).)))))))))(((..(((((((.(((((((((....(((.((.((((((((.....((((...((((....((((((((((((((((((......))))).))))))).............)))))).....(((.(......).)))(((((((((((.................(((..((((((((((.((((.......)))).)))))))))))))((((((((...))).))))).)))))))))))...((.((.((((((((((..((..(((((.(((((...((.(((((((((((.....((((((....))).)))....)))).)).))))).)).))))).))))).))...)))))))))).)).)).....((((.......))))(((((....)))))..((((....(((......)))))))(((((((.((((((...)))))).)))))))..))))..)))))))).)))).)))))...))))))((((((((.(((...(.((((((.........)))))).)))).))))).)))..))).))))))).))))))))))))..))).))))))))....((((...))))..))))))))))..(((((.......))).))...((((((((........((((.((....)).))))))))))))((((...........))))..(((...((.((((((((.(((.....)))((((.....(.(((((.((.......)).))))).)(((((((..(((((.....)))))..)))))))....)))).....((((((.(((((((((((((((((.(((.(((.(((.((((.((((((.(((((....)))))...((.((((.(((....(((((.......(((..(........)..))))))))))).)))).))))))).........).)))).)))))).))))))))).)).)))))(((((((..(((((((....)))....)))).)))))))(((((((.(((.(((((.(((((....(((((....((((.....((((((((....)))).)))).))))....))))).....))))).))))).))).))))))).......((((((((((((.((((((((.((......((((((.((....)).)))))).....)).))))......))))))).)))((((((......(.(((((.((((..((((.....))))...))))..)))))).....)))))).)))))).........((.((..(.(((.....))))..)).))..((((...)))))))).))))))..))))))))))...)))....))))))))))((.((((....)))).))..))))))))))))))))))))....))))((.(......).))
composition_shuffle_052,-779.7999877929688,(((((((........)))......((((((((((((((((((((...............................................((((....))))(((((((((((((........)))))))...((((((((((.((((...(((((...)))))...))))....((.(((((..((((((......(((.((((.(((.........))).)))).))).......))))))..))))).)).))))))))))((((((.....))))))..))))))((((((((((((((...(((.((....)).)))....)))))...(((((((.((((((((((((((..........)))))..(((((((.(((..((((((.......((((((.......))))))...(((((((((((((((((((......(((((....)))))))))))))).)))..)))))))((((((((...((((.(((((..............))))).))))...))))))))))))))..))).)))))))((((((....))))))......(((((.((....)))))))((((((.((((...........((((((((((((((((((......))))).))))))).............))))))((((((((..((......((((((((((..........................((((((((((.((((.......)))).))))))))))(((....)))..))))))))))......)).)))).)))).(((((((((......)))))).)))((.((.((((((......)))))).)).))))))))))))((((....)))).)).))))))).))))......)))))))))).))(((((((((((.((((.(.(((.......))).).)))).)).))))))))).....((((((((.((((.((((.((.((.((((((((((((((((((((.(((.....(((((....)))))(((((((((.((((....(((((((((.(((.((((((((((((..(((.((((((.(((((((((((((...((.(((((((...))))))).))))))))))))))).((((((((((((.....)))))).))))))(((((.(..(.....(((((((((((.((..(((.......))).)).)))))))))))...)..).)))))..(..(((((((........((((((......((.(((((....((.((((((..........))))))..))))))).))))))))..)))))))..).........).))))).)))..))))))))))))))).)))).........))))))))).........(((.((((((((((((..(((((.......)))))...)))))))...))..)))...))))))))))))))).))))).(((.(((.(((((((((................))))))).)).)))..)))........)))))))))...)))).......((((((.(((((((((..................((.(((((.((((...(((..((.((((((.(((((((..(((((...(((((((((((((..(((((...(((((.....))))).)))))..))))..)))))))))...((((((.............)))))).(((((((((((((.((......))..)))).)).)))))))......)))))...))))((((.((.....)).))))............((((.........))))..))).)))))).)).)))...)))).)))))))))))).)))).))))))....)).)).)).)))).))))))))))))..((.((((....)))).))..))))))))))))))))))))....))))((.(......).))
composition_shuffle_053,-762.0,(((((((........)))......((((((((((((((((((((...............................................((((....))))......(((((((........)))))))...((((((((((.((((...(((((...)))))...))))....((.(((((..((((((......(((.((((.(((.........))).)))).))).......))))))..))))).)).))))))))))((((((((.(((((((....))))).((((((((..(((.((((((.(.(((((((.....(((........)))...(((.((((((.(((((....((.(((..((((((((((.(((..((((((.......((((((.......))))))...(((((((((((((((((((......(((((....)))))))))))))).)))..)))))))((((((((...((((.(((((..............))))).))))...))))))))))))))..))).)))))))))).....))).))))))).))))))))).(((((((.(((...((((((((....)).....((((((((((((((((((......))))).))))))).............))))))((((((((.(......).))).)))))......................(((..((((((((((.((((.......)))).))))))))))))).(((((((((((((...)))))..(((((((.............)))))))..))))))))))))))(.((((((......)))))).).(((.((((.(((((.(((((((.......))).........)))).))))).))))))).(((((((((((((((.(((((...(((((........)))))...))(((..(((.(.((((.(((..(((........))))))..)))).).))))))..((((((((((..((((.(((((((((.((...((((((....((((........))))))))))((((.((((....(((((..((((((..((.(((..((((((...))))))..))).))..))))))..)))))((((((.......)))))))))))))).)).))))))))).))))....)))))))))).))))))))).)))))))))..(((((.((...((.....)).))))))).))).))))))).(((.((((((((........((.((((..((..(((.(((((.((...))..)))))..)))..)).)))).))))))))...)))))...))).)))).).))))))))).....((((((...))))))(((((......(((((....)))))))))).))))))))..))..)))))))).((.((((..((((...(.((((.(((((((((((((((((((((....((((...))))....)))).)))))))).(((((((...(((..((((.((........)).)))).)))))))))).(((((((.((.(((.(.((((((...((((((...(((..(((((((((((....).)).))))....((((((((..(((((.(((((.(((((((((((.(((.(((((.(..(((((((((..(((((((((....))).(((((((.......)))))))....(((....))).......))))))))))))))).).)))).).))))).)))).))......)))))))).)))))..))))...))))....))))..)))..)))))).))))))...).))).)).))))))).....))))).)))).)))).)...))))..))))...))(((((......)).)))((((....)))).....))))))))))))))))))))....))))((.(......).))
composition_shuffle_054,-756.2999877929688,(((((((........)))......((((((((((((((((((((...............................................((((....))))......(((((((........)))))))...((((((((((.((((...(((((...)))))...))))....((.(((((..((((((......(((.((((.(((.........))).)))).))).......))))))..))))).)).))))))))))((((((.....))))))..((((((((((((((.(((((...(((.((....)).)))....)))))...........(((.((((((.(((((....((.(((..((((((((((.(((..((((((.......((((((.......))))))...(((((((((((((((((((......(((((....)))))))))))))).)))..)))))))((((((((...((((.(((((..............))))).))))...))))))))))))))..))).)))))))))).....))).))))))).)))))))))....))))))..(((((....(((((((......((((((((((((((((((......))))).))))))).............))))))((((((((.(......).))).)))))...........................((((((((((.((((.......)))).))))))))))(((....)))..(((((.(((.(((..(((((.((.(....).)).)))))....))).))))))))...)))))))....)))))(((((((((((((((..((((((((...))))).)))..)))).)......))).)))))))))))))))((((((..((((((..((((((((...))))))))((((.....((....(((((((.(..(((((....((((((((((((...)))....(((((......((((((((..((((((((((..(((....(((((.(((...(((((((.(((.(((.....(((.(((((((((((....))))).))).))))))....)))..))).)).)))))...))).)))))..)))..)))))))...(((((..((.(((((((.((((..................(.(((((((((.(((....))).(((.....)))......((((...((.((((..((.......))..)))).)).))))((((((...))))))((((((.((..(((((((((((((((.(((((((......)))......(((((............)))))((.....))((((..((..((((((...))))))))...))))..))))))))))))))).))))))))))))..(((((((..(........)..)))))))....((((((((((((...((.((((((.....((((...))))......(((((((((((((((((((((((.....)))))...(((((((((.((..(.(((((((((.....((((((...((((.(((((...)))))(((..........)))))))))))))))))))))))..)).)))))....((((((((...))).)))))(((((((((((.(.((....))).)))))))))))..)))))))))....))))))))).......)))))))))).))..)))))).))))))......))))))))).))))).)))))))))..))))))))....))))))))..)).)))((((.........))))..)))))))))..((.((((..((.....))......)))).)).))))))))))))))).....))))(((((......)).))).))))))...)))))).))))))))))))))))))))....))))((.(......).))
composition_shuffle_055,-781.0999755859375,(((((((........)))......((((((((((((((((((((...............................................((((....))))......(((((((........)))))))...((((((((((.((((...(((((...)))))...))))....((.(((((..((((((......(((.((((.(((.........))).)))).))).......))))))..))))).)).))))))))))((((((((.(((((((....)))))..((((((((((((...(((.((....)).)))....)))))..((((....(((((.....(((((..........)))))(((((((((.(((..((((((.......((((((.......))))))...(((((((((((((((((((......(((((....)))))))))))))).)))..)))))))((((((((...((((.(((((..............))))).))))...))))))))))))))..))).)))))))))((((....)))).(((.((((((((((.(((((((((((((((((.(((((...((........)).((((((((((((......))))).))))))).((((((((.((....((((((((((..(((......))))))).)))))).....)).)))))))).(((..((((((((((.((((.......)))).)))))))))))))(((((((..(((((...)))))..(((((((..(.((.....)).)..))))))))))))))....((.(((((((....))))))).)).).)))).)))..))))))(.((((....)))).).......((((.(((((((((((...))))))...))))))))).((((((((((......))))))))))..(((((.((((((((((((.((((((.((.(((((.((.((((((((((((((((..(((.((.((.((((((((((.......(((((......)))))))).))))))).)).))..))).))))))...)))))))))).(((((.(((((...(((((((((.((...(((((((......)))))))..)).))).))))))))))).)))))....(((((((((((.......))).))))))))((.(((((.....((((((((....))))....))))....).)))).)).(((.((......)).))).)).))))).....)).))))))...))).))))))))))))))..)))))))).............)))))))))).)))(((.(.(((((..((...))..))))).).))).....((((((.............))))))..))))))))).)))))))...))..))))))))...((((((((((....(((((((((((........((((((((......(((.((((...(((((.((..(((.(((...(..((((((...(((....))).))))))..).))))))..)))))))..))))...))))))))))).......((.(((((.((((...(((..(((.((((((((((((..(((.((.(.(((((((((((...((((((.....((((((.((.....)).))))))..)))))))))))...(((...(((((...)))))...)))..((((((((((.......))))))))))((((.((((...(((((((((...)))))))))...)))).)))).((........)))))))).).))..)))..))..))))))))))..))))))...)))).))))).)).((((.........))))))))))))..............)))...))))))))))............))))))))))))))))))))....))))((.(......).))
composition_shuffle_056,-780.9000244140625,(((((((........)))......((((((((((((((((((((...............................................((((....))))......(((((((........)))))))(((((((((((((.((((...(((((...)))))...))))....((.(((((..((((((......(((.((((.(((.........))).)))).))).......))))))..))))).)).))))))))))).))...(((((.(((((((.(((((...))))))))))....)))))))...((((((..(((((...(((...(((((((((((((.(((((....((.(((..((((((((((.(((..((((((.......((((((.......))))))...(((((((((((((((((((......(((((....)))))))))))))).)))..)))))))((((((((...((((.(((((..............))))).))))...))))))))))))))..))).)))))))))).....))).))))))).)))))))......(((.(((((..((((((..((..((((...((((((((((((((((((......))))).))))))).............))))))..(((.(((((((((((.(..((((.((((((.................(((..((((((((((.((((.......)))).)))))))))))))..((((((...))).)))...)))))).)))).((((((((((((((((.((((.((((.((....(((((((((((((((((((......(((((((...)))).)))..((((((((....)))))))).))))..)))))..)).))))))))))))))))))))))))))))....))))))).)))))))))))))))))))).)))))).))))).)))...(((((....))))).....))))))..)))......))))).))))))......(((((((((((((((..(((((((......(((.((((.(.((((((((.(((((((((.(((..(((((......)))))..).)))))))).))).))(((((...(((((((.....))))))).)))))(.(((((((((((((..(((((((.((((((((((((((((((((((......).))))))....))))))))))).......))).).))))))).....................((((((........((..((((((((((((((((((((((....(((....)))..))))...).)))))))))..)))))).)).))........))))))...))))))))))))).)..)))))).).)))))))(((((((((.(...(((((((..............)))))))((((.((((((((((((((((..(((.(.....((((...)))).......((((....))))..(((.((((((....((((...........))))..)))))).)))...).)))))))))))..)))))..........(((((((........(((((.((...))))))).((((....))))..)))))))..))).))))...).))))))))).....(((((((...(((.((.((......)).)).)))...)))))))((((((..((((((((((..(((((.((((((.(((.(((((..((...(.....)...)).)))))...))).))))))..)))))...))))...((((.........))))..(((((.(....((.((((..((.....))......)))).))).)))))...))))))..)))).)))))))))....))))))))........)))))))))))))))))))))))))))....))))((.(......).))
composition_shuffle_057,-780.0,(((((((........)))......((((((((((((((((((((...............................................((((....))))......(((((((........)))))))(((((((((((((.((((...(((((...)))))...))))....((.(((((..((((((......(((.((((.(((.........))).)))).))).......))))))..))))).)).))))))))))).))...(((((.(((((((.(((((...))))))))))....)))))))..((((((............((((((((((((((((((.(((((....((.(((..((((((((((.(((..((((((.......((((((.......))))))...(((((((((((((((((((......(((((....)))))))))))))).)))..)))))))((((((((...((((.(((((..............))))).))))...))))))))))))))..))).)))))))))).....))).))))))).)))))))....((((((((((((.(((((((.(((((....(((..(((((((((((((((......))))).))))))).......((((...((((.(((((.((..((.((((.((((((((((..........................((((((((((.((((.......)))).))))))))))(((....)))..))))))))))..)))))).))))))).))).)...)))).(((((((((((((.((....(((((((....)))))))....)).)))))))))))))..)))..)))..))))))))))....)).).)))..))))))))((((.((((((((((.(((..(((((((.(....).)))))))))).).)))))))..)).)))).(((((((((.((((((....))))).)...)))))...))))...))))))))))).))))))..((((((.....(((((((.((((..((((((((((((.((((..(((..((((((((((((.(...(.((.(((........))).)).)..).))))))))))))....((((((.((((....(((((.((((.(((((((..(((.......)))..)))..))))((.(((..((((((((......((((...........)))).......))).)))))..))).)))).)).)))))....)))).)))))).......)))((((.((....((((((.(((.......)))..))))))....))))))..)))).))))))))))))........((((((...))))))((.....))..(((((....)))))((((..((((.(((....))).)))).))))...((..((...((((.((((((((.(((.(((((...........)))))((((((.......((((....))))....(((((((((..((((((.((((((((.(..((((((((.(((((.(.(.(((((.....)))............(((((((...((((((.(((((..(((.((...)).)))...)))))...)))))))))))))))).).))))).))))))))..).)))(((((((...)))))))..))))).).))))).....(((..((((((((((((((((.(......).))))))))).(((((((((...))).))....))))))))))).)))((....))...........((((............))))....))))))))).)))))).........((((...)))).......)))...))))))))...))))....))..)))))).))))..))).....))))))))))))))))))))))))))....))))((.(......).))
composition_shuffle_058,-760.5,(((((((........)))......((((((((((((((((((((...............................................((((....))))......(((((((........)))))))(((((((((((((.((((...(((((...)))))...))))....((.(((((..((((((......(((.((((.(((.........))).)))).))).......))))))..))))).)).))))))))))).))..((((((.(((((...((((((((((((((((((...(((.((....)).)))....)))))...(((.((.(((((((((((.(((((....((.(((..((((((((((.(((..((((((.......((((((.......))))))...(((((((((((((((((((......(((((....)))))))))))))).)))..)))))))((((((((...((((.(((((..............))))).))))...))))))))))))))..))).)))))))))).....))).))))))).))))))).............((((((..((((((((((.....((((((((((((((((((......))))).))))))).............)))))).(((((((((((......((((((((((..........................((((((((((.((((.......)))).))))))))))(((....)))..))))))))))...(((((.(((....(((((.............)))))))).))))).(((..((((((((((.(((((.((((.......)))).))))).))))...))))).)..)))....)))))))))))..))))..)).)))))))))).)))))).)))....))))))).))))))..((((.....))))..(((..(((........)))))))))))))))))((((((((((((((.....(((.((((((((..(((.(((......))).)))...((.(((.(.((((.......)))).)))).))))))))))....))).....))))))))))))))((((.((((..(((((((.((.....(((.........)))((((..((.((.(((((((((....(((((((.....))))))).(((....))).((((....))))....(((((........((.((((((((.....((((((...((((..(((.(((((((...))))..))).))).)))))))))))))))))).))....((((...........))))........(((((..((...))..))))).))))).....))))))))).)).))..)))).....(((((((((.(((...(((....(((((..(((((.............))).)).))))))))......((((((((.....(((.(((((...(((...((..((((.((((.(((((((.....)))))....)).)))).))))..))....))).....).)))))))..))))))))........((((((.((......(((..((.(((((((((((....((((((.(..((((((((((((...)))).))...((((((((((((((((.(((.(((..((((((....))))((((((......))))))((((...(((((((..........)))))))...))))...))..))).))).))))....))))).)))))))((....)).........))))))..).)).))))......))))))))))).)).)))...((.....))....))))))))......))))))))))))..)))))))))..)))).))))((.((((....)))).))..))))))))))))))))))))....))))((.(......).))
composition_shuffle_059,-753.0999755859375,(((((((........)))......((((((((((((((((((((...............................................((((....))))......(((((((........)))))))(((((((((((((.((((...(((((...)))))...))))....((.(((((..((((((......(((.((((.(((.........))).)))).))).......))))))..))))).)).))))))))))).))...(((((.(((((((.(((((...))))))))))....))))))).(((.(((.....((((((.(((...((((((.....(((((..........)))))(((((((((.(((..((((((.......((((((.......))))))...(((((((((((((((((((......(((((....)))))))))))))).)))..)))))))((((((((...((((.(((((..............))))).))))...))))))))))))))..))).)))))))))((((....))))(((((((((((((((((.(((((((((.(.....).))))............))))....).))))).)))))(((((.((((((..((((((((.((....((((((((((..(((......))))))).)))))).....)).))))))))..)))))).))))))))))))((((((((((.(((....(((((((.....(((...)))..))))))).....))).))))))))))...((((((..((((((((((((..((((((........))))))..))))..(.(((((((((.(((.((((....)))).)))....(((.....))).))))))))).)...(((......))).))))))))..))).)))))))))...))).))))))..)))))).(((((((((((.((((.((((((((((.....((((.(((.(....).)))....))))(((((((((..(((((((.((((((.((...(((((.(((((.....))))).)))))...))(((((..((((((((..(((....((((.((((.(......).)).)).))))..)))))))))))....))))))))))).))((((.(((.........))).)))).)))))..)))))))))...((((....)))).((.((((((....)))...)))))((((((((((((....((((((((.....(((.(((((...((((((..((((((......))))))......(((((((..(........)..)))))))..))))))..))))))))..))))))))....)).)).(((..........)))..((((((((((((((....((((....))))...)))))((((((...((((.((((((((((..(((((((..((..(((.((.((((..((.(((((((..((((.(((((((.((.((((..(((..(((((((((((((((....((.(((..((.......))...))).))....))))).....))))))).)))..))).)))))).)))))))((((((((..((((((((.(((((((((...((((((((...((((.......)))).))))).)))....))))))))........(((((.(((((((((.(......).))).)))).)).(((((........)))))..)))))...).)))))))).)))))).))))))...))))))).)).....)))).))...)))..))....))).))))..)))).....)))).))..)))).))))))....)))))))))..))))))))....))))))...)))).)))).))))........)))))))))))))))))))))))))))....))))((.(......).))
composition_shuffle_060,-753.0,(((((((........)))......((((((((((((((((((((...............................................((((....)))).....((((..((((((.(((((((..((((((((((((((.((((...(((((...)))))...))))....((.(((((..((((((......(((.((((.(((.........))).)))).))).......))))))..))))).)).))))))))))).))).......((((((.((((((((..(((((......(((((((....(((.(((.....((((((((((.....(((.((((((.(((((....((.(((..((((((((((.(((..((((((.......((((((.......))))))...(((((((((((((((((((......(((((....)))))))))))))).)))..)))))))((((((((...((((.(((((..............))))).))))...))))))))))))))..))).)))))))))).....))).))))))).)))))))))...(((((((..((((...((((....(((((((((((((((((((((((((......))))).))))))...((((((.((((.(..(((((((.((..((.((..(((((..((((..(((.....................((((((((((.((((.......)))).))))))))))((((.(((....(((((.((((((((((((((((....)))))))).)).......)))))))))))..))).))))(((...))))))..))))..))))).)).)).)))))))))..).)))).).))))).))))).)))))...)))).......(((((....)))))...)))).))))..)))))))....))))))))))..))))))..))))))).)))))))))))))...))))))((((((((((((..(((((((..((((((..(((((((((((........)))))((((.......))))((....))....))))))..))))))..))))))).....)))))))))))))))))))...(((.....)))....((((.(((.((.(((((((((((((.((((((((.....((((((((((((.(((..((.((((...(((((((....(.((((...........)))).)....))))))).....))))..))..)))))))....))))))))...........((((((.((((((((((((((.......(((.((.(.........).)))))))))))....)))))).)).))).)))...........))))))))..))))).))))))))(((((.((.((((((.((..(((((((..............)))))))..)).)))((((((((((..((..((((((...))))))))...)))....(((((((...)))).)))(((((..............)))))....(((......)))((((((.((.((((..(.((((((((...))))).))).)..)))).)))))))))))))))((((((((((((((((.(((.((.(((((.(((...(.(((.((.((.(((((....((((((((((.((((.(..(((.(.((((.(....(((((((...))..)))))....))))).)))).).)))).)....)))))))))....))))).)))).))))...)))))))).)).))).))))......(((.((.....))..))))))))))((((((.((.(((..........)))))..))).)))))))).))))).))))))).)))))))...))))))))))((.((((....)))).))..))))))))))))))))))))....))))((.(......).))
composition_shuffle_061,-762.4000244140625,(((((((........)))......((((((((((((((((((((...............................................((((....))))......(((((((........)))))))((((...))))...((((...(((((...)))))...))))....((((((((((((((.((..((((((.((((.(((.........))).)))).))..................(((((((((.....))))))))).(((((.((...((((......))))((..(((.((((((.(.(((((((..............((((.(((((((.....(((((..........)))))...((((((.(((..((((((.......((((((.......))))))...(((((((((((((((((((......(((((....)))))))))))))).)))..)))))))((((((((...((((.(((((..............))))).))))...))))))))))))))..))).))))))(.(((.(((((...(((.((((.(((((((........((((.(.....).)))).........((((((((((((((((((......))))).))))))).............)))))).((((((((((((.((((((((((((((((((.................(((..((((((((((.((((.......)))).)))))))))))))..((((((...))).)))...)))))))))))...(((((...(((((((((...((((((((((((.((((((((....)))).......(((((.((((((((((.(((.........))).))))....((((((.....))))))....(((((((....))).))))..(((((....))))))))))).)))))........((((((...((((((((.....((.((.(((((.((.(((((.....))))).))..))).)).)).))....)))))))).))))))..)))))))))).))))))......)))))))))..)))))(((((((....((((......)))).)))))))(((.(((....))).)))......)))))))))))))))))))(((((....))))))))))))..)))))))))))).))).)))))))).)).))....(((((((..............)))))))))))))).).))))))))).)).)))))))..((.(((((((........)).)))))))(((((.(..((((......))))...).))))).))))..)).))).)))))))))))....((((..(((.((.....((((((((((....((((...(((.(((.(((((.((((.(((((.((..(((....)))((((((.(((((.((.((((..((((((......((((((((.....((((.(((..(.(((...((((....))))..((((((((((...((((........).))).....))))))))))))))..))))))).)).)))))).....((((((((.(((((....((((((..((.(((((((((((...((((((.(((((((.....((((((((((((((((.....)))...)))))))))...((.((((....)))).))((((....))))..))))....))))))).))))))...)))))))....).)).).))..))))))...)))))))))).))).......))))))..))))..)).)).)))((((......))))..((..(.(((.....))))..))........)))))))).)))))..))))))))).)))......)))..)))).....))))))))))..)).)))))))))))))))))))))))))))....))))((.(......).))
composition_shuffle_062,-781.9000244140625,(((((((........)))......((((((((((((((((((((...............................................((((....))))......(((((((........)))))))..((((.(((.(((((((...(((((...)))))...))))....((((((((((((((((......(((.((((.(((.........))).)))).))).......))))))....(((((((((.....)))))))))(((......)))((((((((..(((((((((((...(((.((....)).)))....)))).....)))..)))).......(((((..........)))))(((((((((.(((..((((((.......((((((.......))))))...(((((((((((((((((((......(((((....)))))))))))))).)))..)))))))((((((((...((((.(((((..............))))).))))...))))))))))))))..))).)))))))))((((....)))).(((..(((((((((..(((.((.......(((((((((..(((((....(((((((((...(((((......))))).((((((..((((((((.((....((((((((((..(((......))))))).)))))).....)).))))))))..))))))((((((((.((((.......)))).))))))))..(((((((((((((((....(((.((.((((((.((......)).)(((((((....(.(((..((....))..))).)....)))))))..((((((((....((.((((....)))).))...))).)))))...((((.((((((((((....)))).)))))))))).))))).)))))......)))))))).))))))).....(((.(......).)))))))))))))))))..)))))))))((((..(((((.((((((((.((((((............))))))....(((.(((((((((((..((.......))..)))).))))))).))).....(((((((((((...))))).....((((((((...))))))))))))))(((((.(((((((.((...)).))))))))))))....)))))))).)))))..)))))).)))......((((....))))..)))))))))..)))))))))))))))))))))(((((((....((((((...))))))(((((.((((..((((....))))(((((((................))))))).))))(((((.(((..((((((.(((((.....)))((((((...))))))...........(((((((((((((((.((((.((((.(((..((((((...(((((...((.((((....(((......)))))))))....)))))....)).))))..)))..))))))))))))))))))).))))((((.......(((....))).....))))(((((.(((((..((...))..))))).))))).....((((.((.....))))))))))))))))).)))))((((((((((....))..))))))))....((((.....)))))))))..)))))))((((((((...))))))))..((((((((((..(((.((.(((((...((((((((((((((...((((..((.(((.(((.(((((.....))..((.((((((((((...((((....)))).....)))))).)))).)).....))).))).)))))..)))).))))))..))))))))((((...))))......)).))).)).)))..))))))))))...)))))).)))).((((....)))).....))))))))))))))))))))....))))((.(......).))
composition_shuffle_063,-751.5999755859375,(((((((........)))......((((((((((((((((((((...............................................((((....))))......(((((((........)))))))..(((((((((((.((((...(((((...)))))...))))....((.(((((..((((((......(((.((((.(((.........))).)))).))).......))))))..))))).)).)))))))))))(((((.....)))))(((((((((((((((((((((((...(((.((....)).)))....)))))..........((((((.((((((((..........)))))..(((((((.(((..((((((.......((((((.......))))))...(((((((((((((((((((......(((((....)))))))))))))).)))..)))))))((((((((...((((.(((((..............))))).))))...))))))))))))))..))).)))))))((((((....))))))((.((((((((((....((...(((((((.(((((((..........((((((((((((((((((......))))).))))))).............))))))(((((.(((....((((.((((((((((..........................((((((((((.((((.......)))).))))))))))(((....)))..))))))))))..))))..)))))))))))))))((((((((((((.(((..((....))...)))...(((((((((..(((((.((.((((((((.(((((((((..((((((.(((((((((...))))))).)).)))))).(((((((.(((((((..((.((((((((.(((((((.(.(((..((((.......)))))))).))))))).......((((..(((((((((((((.((((((.(..((..(((((.((...((((((((((((((((((((((((((((((((.((....((((((.....))))))....)))).))).)))))))))))...))))))).)))))))))...)).)))))))..).)))))).))).)))))))))))))))))))))).))..)))).))))))))))......((((((((((.((((((((((((((..((((((.....(((......)))(((.....)))..(((((((.........((((...))))..........))))))))))...))).))).)))))))))............))..)))))))))))))))))))((..(((...)))..)).))))))))))....)).))).)))))).)))(((((((.(((.(((....))).))))))))))...........))))..))))))))((..((((((((.......(((.((((.....))))))).))))))))..)))))))))....))........)))))))))).))(((.....)))((((((((.((........((((((...))))))........))..)))))))))))...))))))......(((.(((((....((((...((((((.((.(((.((.(.......).)))))))..))))))))))...))))).))).....))))))).))))..(((((..(((......))))))))(((....)))((((.(((((..(......).)))))...))))))))))).((((.(((((((.(((.................(((((.(....((.((((..((.....))......)))).))).)))))...............(((....)))....))).))))))).....))))...))))))))))))))))))))....))))((.(......).))
composition_shuffle_064,-774.5999755859375,(((((((........)))......((((((((((((((((((((...............................................((((....))))......(((((((........)))))))(((((((((((((.((((...(((((...)))))...))))....((.(((((..((((((......(((.((((.(((.........))).)))).))).......))))))..))))).)).))))))))))).))...(((((.(((((((.(((((...))))))))))....)))))))...((((((..(((((....(.((((..(((..(((((((((((..((((..((...(((((((((.(((..((((((.......((((((.......))))))...(((((((((((((((((((......(((((....)))))))))))))).)))..)))))))((((((((...((((.(((((..............))))).))))...))))))))))))))..))).)))))))))((((....))))))..))))(((((.((....)))))))...((((((((((..((........)).((((((((((((......))))).)))))))((((..(((((((.(((.(((((((((..((......((((((((((..........................((((((((((.((((.......)))).))))))))))(((....)))..))))))))))......)).)))).))))).)).)..))))))))))).))))))))))(..(((((......)))))..).((((((.......)).))))...))))).))))))))).)))).)...)))))....))))))((((((.((((((((.((.....((..(((..(((.((((....((....(((((((...((((((....(((.((((((((((((((((...((((((((((((..((((((((.((((.((...)).)))))))((((.(.((((..(((((....))))).....)))).).))))...((......)).))))).....))))))))))))))))))).(((((((..((((((.(((((.(.(((((((((.(((((((((.(((((((............((((....((((((((((..(((((.......(((((........(((..(..(.(((((.(((.(..(((((((....(((((.(((((...)))))((((........))))))))))))))))..).)))....))))).)..)..)))........)))))....)))))..))))))......)))).....)))))))))))..))))))(((...((((((.(((.(((..(((((...((((((((((((((......((((....)).)).....((.(((((((..((((.....((((((((...))))).)))(((((((....))))))).((((.(((((((((.(.(......)).))))))..))).))))))))))))))))).))))).....))))))).))...)))))..))).))).))))))..)))..(((.((....)).))).)))))).)))))).).))))).)))))))))))))(((.((((..(((((......)))))..)))).))).(((((((...((....)).)))).))).))))))))).)))(((..((((......))))..))).((((((..((.(((((((.((.((((.(((.(..((.((((......))))....))..))))..)))).))))))))).))...)))))).....)))))))))))))))...)))).))))))..))....)).))))))))...)))))).))))))))))))))))))))....))))((.(......).))
cai_max,-821.7999877929688,(((((((........)))......((((((((((((((((((((...............................................((((....))))......(((((((........)))))))(((((((((((((.((((...(((((...)))))...))))....((.(((((..((((((......(((.((((.(((.........))).)))).))).......))))))..))))).)).))))))))))).))...(((((.(((((((.(((((...))))))))))....)))))))...(((((...(((........)))..(((((((((((.(((((....((.(((..((((((((((.(((..((((((.......((((((.......))))))...(((((((((((((((((((......(((((....)))))))))))))).)))..)))))))((((((((...((((.(((((..............))))).))))...))))))))))))))..))).)))))))))).....))).))))))).)))))))......(((((((.(.((((((((((..........((((((((((((((((((......))))).))))))).............))))))(((((.((..((.((((.((((((((((..........................((((((((((.((((.......)))).))))))))))(((....)))..))))))))))..)))))).)))))))((((((.((....))..)))))))))))))))).).))).......)))).(((((((..(.(((.....(.(((.((((....)))).))).))))).)))))))..)))).)))))(((((((((((((((.........((.(((..((((..((((..((..((.((((((...((((((...((((.((((((....))))))(((.(((.((((((((.((((.((..((((((.(.((((((((......))).))........((((.(((((.....))))).))))))).)))))))..)).))))....)))))))).))))))((.(((((.((((((((((((..(((((((.((((((((.((((((((....))).))..........((..(.(((((((.(((((((......(((.....)))......)))))...............(((..((.((((..(((....((((.....(((((((..((..(((.(((((((((.(((((.((((..(((..(((.(((..(........)..))).)))...(((..((...))..)))((((((((.....((.(..(((.((.((..(((((....))))))))).)))..).))..(((.(((..(........)..))).)))...(((..((...))..))))))))))).....((((...))))..))).))))))))).))))).))))..)))..)).))).....)))).....)))).......)))..)).))))..)))....(((((((.(((((.((((((((.....((((....)))).(((.(((((.((((((((.((.(((((((.....))))))).)).)))))))).)).))).)))..)))))))).))))).)))))))........((.((((((((...(((..........)))..)))))).)).))....))))))))).)..)).)))..)))).))))))))(((((.(((.(((..(..((....)).)..)))..))).)))))..)))..))))))))))))..)))))))....))))...))))))))))))))..))..))))..))))..))).))..)))))))))..)))))).))))))))))))))))))))....))))((.(......).))
cai_min,-667.5,(((((((........)))......((((((((((((((((((((...........)))..............................((((.(((((((((.....(((((((((........))))))((((((((((((((.((((...(((((...)))))...))))....((.(((((..((((((......(((.((((.(((.........))).)))).))).......))))))..))))).)).))))))))))).)))..(((((.(((((((.(((((...))))))))))....)))))))..((((((...(((((...((((((((.(((((((..((((((.((..((......((((((((((.(((..((((((.......((((((.......))))))...(((((((((((((((((((......(((((....)))))))))))))).)))..)))))))((((((((...((((.(((((..............))))).))))...))))))))))))))..))).)))))))))).((((((.((((((((.((..(((((((......((((.(.....).)))).........((((((((((((((((((......))))).))))))).............))))))(((.(((.(((((((((..(((((((((..........................((((((((((.((((.......)))).))))))))))(((....)))..)))))))))....))).))))))...))).)))(((((......)))))((((((....)))))).)))))))..)))))))))).))))))...))..))))).)))..))))))).))))...)))))))))..)))))).((((...(((.(.(((((.(........).))))).).))).))))))).....))))))).)).))))..((((((((..(((((((((((((.((((((((...(((.....)))....)))))))).....((((((........))))))...)))))))))(((((((...((...(((((((....)))))))...))))))))).....((((.(((.(((((((((.((....((.(.(((.((..((((.(((.(((((((((((((((.((......(.((((((.(((((.((((...)))).......(((((((.....((((....)))).....)))))))))))))))))).)......)).))))))).((((.(..(((((.((((((((((((.(((((((((...(((((((.....((((....)))).....)))))))....)))))).....(((((...)))))..((((((((((.....((((...(((((.(((((((((.....(((((((.....((((....)))).....)))))))...))))))).)).))))).....))))..)))))))))).((((((....((((((..(((((((...(((((((.....((((....)))).....)))))))....)))))))....(((((...)))))..((((((((((.((((((((((...((((.....))))))))))...((.((.((.(((((..(.(((((....))))).)..))))).)).)).))(((((((.......))))))).(((((((..........)))))))......)))).)))))))))))))))).)))))).(((((((((...(((((...)))))...)))))))))..............(((......)))...))).)))))).)))))))))))..)))))..)))))))).)))...))))...))))))))))))))))))).)))))))........))))....)))))))))))))))))))))))))....))))((.(......).))
gc3_high,-876.2000122070312,(((((((........)))......((((((((((((((((((((...............................................((((....))))......(((((((........)))))))..(((((((((((.((((...(((((...)))))...))))....((.(((((..((((((......(((.((((.(((.........))).)))).))).......))))))..))))).)).)))))))))))((((((((((.(((((..(((((.((((((((((((((...(((.((....)).)))....)))).....)))..)))........(((((..........)))))(((((((((.(((..((((((.......((((((.......))))))...(((((((((((((((((((......(((((....)))))))))))))).)))..)))))))((((((((...((((.(((((..............))))).))))...))))))))))))))..))).)))))))))((((....)))).((.(((((((.(((..((.((((((.(.((((((((((..........((((((((((((((((((......))))).))))))).............))))))(((((.((..((.((((.((((((((((..........................((((((((((.((((.......)))).))))))))))(((....)))..))))))))))..)))))).)))))))((((((.((....))..)))))))))))))))).).))).......)))))..)))))))))).))...)))).)))))...))))).)))).))))))(((.(((..((((..((((.(((.......((((((((....(((((((..((((((((..(((((((....(((((((((((((((((((.(((.((.((.(((((.((.(((((.....))))).))..))).)).)).)).))))))))))(((((((..(((((((.(((((.(((((((((.((.(((.((.(((.(((((((..((..((...(((((...)))))...))..))..))))))).))).))))).)).))..)).))))).)))))((((....))))....)))))))..)))))))(((..(.((((((((((((....((((((...((((................))))..))))))....))))..)))))....))).)..))).))))).)))))))(((.(((((.((((..(((..(((((((..(........)..))))))).(((.((......)).))).((((((((.....((.(..(((.((.((..(((((....))))))))).)))..).))..(((((((..(........)..))))))).(((.((......)).))).)))))))).....((((...))))..))).))))))))).))).((.((.((.((..(((((((..(........)..))))))).(((.((......)).)))..(..(((((((.(((((.((((((((.....((((....)))).(((.(((((.((((((((.((.(((((((.....))))))).)).)))))))).)).))).)))..)))))))).))))).)))))))..).....)).)).)).))...(((....))).))))))))))))).)).((....))((((((((..((((...((((.((.((((((((..(((((..........(((..((.....))...))).)))))..)))..))))).)).)))).)))).)))))))).....)))))))))).)))))))).))))..))))..))))))((.((((....)))).))..))))))))))))))))))))....))))((.(......).))
gc3_low,-601.0,(((((((........)))......((((((((((((((((((((...............................................((((....))))......(((((((........)))))))..((((((((((((((((...(((((...)))))...))))....((((((((((((((.(((((((.((...((((((((((((((.(((((.(((((....(((((..((((((((((((((((.....)))))))))....(((((((...........(((((((((((...(((.((....)).)))....)))).....)))..)))).......(((((..........)))))..(((((((.(((..((((((.......((((((.......))))))...(((((((((((((((((((......(((((....)))))))))))))).)))..)))))))((((((((...((((.(((((..............))))).))))...))))))))))))))..))).)))))))((((((....)))))))))))))..((((((((((((((((.(.....).)))).........((((((((((((((((((......))))).))))))).............))))))((((((((.(......).))).)))))((((..((((((((((......(((((((((((((((.((((.......)))).)))))))))))..((((.(((((((((...)))))..(((((.((......)).))))).......)))).)))).....(.((((((.(((..((((...((((((((...(((((((...)))))))....))))))))....))))...)))...)))))).).))))......)))))))))).))))..((((((((((((.(..(((((.(((...(((((((((((...((((((...((((((.........(((.....))).......))))))...)))))).))))))...)))))...))).))).))..).))))))....))))))))))))......))))))............)))))))...))))).......))))).))).)))))))))...))))))))).)))))....))))((((..(((((((.(((........))).)))))))....))))..((((((......((((......((((((.(((.((......)).)))..((((........)))).(((..........)))....((((((((...))))))))))))))......))))......)))))).))))))))))))....((((((.........))))))(((..........)))......((.((((((((..((((...((((((................)))))).(((.((......)).)))..((((........))))......((((((.....((((((...((((((((((.....((((((...((((((...(((((.....(((((.((((((....((((((.........))))))(((....(((...((..(((((((((((...))))))).....))))..))....)))...))))))))).)))))....)))))..)))))).....(((((......)))))))))))))))))))))....))))))((((..((((((.(((((...(.((.((((((.....)))))).)).).........))))).))))))..))))...)))))).....(((......)))((.((..(.(((.....))))..)).))..((((...))))......))))..))))))))))....)))))))).......)))).((((....)))).....))))))))))))))))))))....))))((.(......).))
